{"_ts": 1761088512.959115, "data": [[1760918400000, "0.0668400", "0.0668400", "0.0653200", "0.0661600", "21147749", 1760921999999, "1393804.5658500", 12448, "9930609", "654362.2717800", "0"], [1760922000000, "0.0661600", "0.0664900", "0.0659100", "0.0660700", "9722705", 1760925599999, "643724.4443600", 7300, "5930023", "392680.0910700", "0"], [1760925600000, "0.0660600", "0.0667400", "0.0656700", "0.0665900", "12594531", 1760929199999, "835426.2285700", 8548, "7291422", "483723.7750300", "0"], [1760929200000, "0.0665900", "0.0684300", "0.0663900", "0.0682100", "21854634", 1760932799999, "1472844.2625900", 12528, "12189994", "821620.0162100", "0"], [1760932800000, "0.0682300", "0.0685100", "0.0678600", "0.0683100", "20889899", 1760936399999, "1424097.4369400", 12953, "11158462", "760710.3418300", "0"], [1760936400000, "0.0683200", "0.0685800", "0.0679000", "0.0685200", "10968368", 1760939999999, "748192.1205400", 8747, "5520022", "376650.5806000", "0"], [1760940000000, "0.0685200", "0.0698500", "0.0683900", "0.0695400", "23558082", 1760943599999, "1631530.8719900", 14142, "11988727", "830581.1737600", "0"], [1760943600000, "0.0695400", "0.0696600", "0.0690000", "0.0693200", "10319307", 1760947199999, "715354.5717900", 8324, "4315041", "299222.1539300", "0"], [1760947200000, "0.0693100", "0.0699800", "0.0690100", "0.0694500", "14547174", 1760950799999, "1010143.2190400", 9170, "7487884", "520076.8531100", "0"], [1760950800000, "0.0694400", "0.0761100", "0.0688500", "0.0727400", "548402727", 1760954399999, "40098795.0295600", 170771, "282446213", "20644977.3138000", "0"], [1760954400000, "0.0727300", "0.0892200", "0.0704700", "0.0829500", "1487576760", 1760957999999, "121800581.3956400", 658805, "748532540", "61243291.8221600", "0"], [1760958000000, "0.0829500", "0.0834000", "0.0781000", "0.0794100", "468436254", 1760961599999, "37733041.8477700", 252397, "227868883", "18365547.9952300", "0"], [1760961600000, "0.0794100", "0.0833300", "0.0788000", "0.0831200", "267341195", 1760965199999, "21574460.2026900", 129862, "138547499", "11182553.8778200", "0"], [1760965200000, "0.0831300", "0.0868100", "0.0813600", "0.0864300", "361864481", 1760968799999, "30231704.7689100", 156515, "191989174", "16057243.8447500", "0"], [1760968800000, "0.0864100", "0.0887000", "0.0831700", "0.0868600", "428611955", 1760972399999, "36940160.7095800", 206291, "216596741", "18682691.5230300", "0"], [1760972400000, "0.0868700", "0.0887500", "0.0838200", "0.0842200", "375047120", 1760975999999, "32416616.9335500", 176910, "178915817", "15470103.9282300", "0"], [1760976000000, "0.0842100", "0.0877500", "0.0795500", "0.0813300", "623347617", 1760979599999, "51623363.5130800", 246310, "304597187", "25234858.9799400", "0"], [1760979600000, "0.0813500", "0.0819700", "0.0801200", "0.0811800", "158311272", 1760983199999, "12825851.0137100", 74716, "78956259", "6400996.3873600", "0"], [1760983200000, "0.0811900", "0.0841500", "0.0806900", "0.0831800", "170360767", 1760986799999, "14067294.7061000", 71926, "90172210", "7451589.9720200", "0"], [1760986800000, "0.0831600", "0.0832900", "0.0804000", "0.0806800", "112262453", 1760990399999, "9147574.6327500", 54470, "53443277", "4353922.2136600", "0"], [1760990400000, "0.0806900", "0.0820600", "0.0800200", "0.0820100", "82931673", 1760993999999, "6701975.6687600", 41389, "45280063", "3659188.6882200", "0"], [1760994000000, "0.0820000", "0.0833300", "0.0788600", "0.0793200", "138178413", 1760997599999, "11202517.1436100", 52682, "65797954", "5342372.8819100", "0"], [1760997600000, "0.0793100", "0.0798300", "0.0778200", "0.0794500", "110020929", 1761001199999, "8699819.6549500", 42287, "50344510", "3984898.5536500", "0"], [1761001200000, "0.0794500", "0.0801400", "0.0788300", "0.0796700", "74541270", 1761004799999, "5920279.8343800", 33906, "35068921", "2787358.4346100", "0"], [1761004800000, "0.0796600", "0.0798500", "0.0784400", "0.0789200", "66416620", 1761008399999, "5256172.3227200", 35760, "30001319", "2375154.1976300", "0"], [1761008400000, "0.0789100", "0.0789200", "0.0760000", "0.0764000", "131735493", 1761011999999, "10167986.3265700", 52663, "59454073", "4590058.2706900", "0"], [1761012000000, "0.0764000", "0.0769200", "0.0756700", "0.0763100", "92084308", 1761015599999, "7023485.7423500", 41218, "48783688", "3723593.1115600", "0"], [1761015600000, "0.0763200", "0.0767300", "0.0752900", "0.0757100", "59157687", 1761019199999, "4501301.7699300", 28412, "27400340", "2086205.6283700", "0"], [1761019200000, "0.0757100", "0.0757600", "0.0738400", "0.0740000", "134603042", 1761022799999, "10047317.4179200", 53198, "57823373", "4318260.2632000", "0"], [1761022800000, "0.0740000", "0.0749100", "0.0735900", "0.0744400", "70560056", 1761026399999, "5246237.7369800", 33403, "36741719", "2732869.1744200", "0"], [1761026400000, "0.0744300", "0.0746700", "0.0737100", "0.0738900", "70612944", 1761029999999, "5237184.5231100", 28247, "38006692", "2818793.6327700", "0"], [1761030000000, "0.0738800", "0.0750000", "0.0737100", "0.0747300", "71855510", 1761033599999, "5339139.9038900", 27536, "35177282", "2613861.7752400", "0"], [1761033600000, "0.0747500", "0.0748100", "0.0728000", "0.0733000", "85325683", 1761037199999, "6277809.3418800", 34774, "37160820", "2735157.9309600", "0"], [1761037200000, "0.0733100", "0.0733700", "0.0727000", "0.0730400", "38897743", 1761040799999, "2839845.8732200", 17128, "21757247", "1588803.6695900", "0"], [1761040800000, "0.0730200", "0.0742300", "0.0729800", "0.0735500", "69783274", 1761044399999, "5138437.1014400", 29996, "41619167", "3065032.3528800", "0"], [1761044400000, "0.0735400", "0.0744000", "0.0733900", "0.0742300", "63226038", 1761047999999, "4671640.9746300", 26018, "31820243", "2351100.8543200", "0"], [1761048000000, "0.0742300", "0.0760800", "0.0740700", "0.0747000", "88711384", 1761051599999, "6672044.1606400", 34369, "44198697", "3323384.4848900", "0"], [1761051600000, "0.0747100", "0.0751300", "0.0731900", "0.0735200", "99663973", 1761055199999, "7372769.2433500", 38000, "48619815", "3594417.6984900", "0"], [1761055200000, "0.0735200", "0.0782300", "0.0734400", "0.0780000", "156353490", 1761058799999, "11913474.2362300", 54924, "77036586", "5865719.1525300", "0"], [1761058800000, "0.0780000", "0.0840200", "0.0774900", "0.0799500", "326919055", 1761062399999, "26260848.7531100", 118546, "161187271", "12951438.2450800", "0"], [1761062400000, "0.0799400", "0.0808900", "0.0770000", "0.0775700", "128856633", 1761065999999, "10221936.6270800", 60938, "54037908", "4295853.8177400", "0"], [1761066000000, "0.0775700", "0.0785000", "0.0764700", "0.0777900", "118664209", 1761069599999, "9213197.7312700", 56143, "63046112", "4899740.0166200", "0"], [1761069600000, "0.0777800", "0.0782600", "0.0772500", "0.0778700", "51711347", 1761073199999, "4019531.9412700", 27245, "22058692", "1715721.9940300", "0"], [1761073200000, "0.0778600", "0.0779700", "0.0772600", "0.0773500", "27060309", 1761076799999, "2100156.5390700", 16520, "12563832", "975543.6059800", "0"], [1761076800000, "0.0773600", "0.0776800", "0.0760400", "0.0761700", "47518470", 1761080399999, "3640721.8440500", 25427, "20482221", "1569690.8410200", "0"], [1761080400000, "0.0761800", "0.0768000", "0.0745300", "0.0759100", "48950484", 1761083999999, "3701852.9083600", 23058, "20758352", "1570595.8389100", "0"], [1761084000000, "0.0759000", "0.0759500", "0.0735000", "0.0737600", "63227712", 1761087599999, "4702205.4249800", 42395, "26686141", "1986151.8726100", "0"], [1761087600000, "0.0737700", "0.0742900", "0.0737000", "0.0739900", "8980546", 1761091199999, "664662.7368200", 7703, "5206985", "385414.5958400", "0"]]}