{"_ts": 1761088610.7145255, "data": [[1760918400000, "0.0416900", "0.0416900", "0.0408200", "0.0414300", "13856938", 1760921999999, "571444.5669000", 4654, "4629614", "191137.7140200", "0"], [1760922000000, "0.0414200", "0.0416400", "0.0412800", "0.0414200", "6240196", 1760925599999, "258827.8820100", 2650, "2926874", "121475.7869800", "0"], [1760925600000, "0.0414100", "0.0418400", "0.0413200", "0.0417200", "2739539", 1760929199999, "113861.8883800", 1881, "1527415", "63543.5013200", "0"], [1760929200000, "0.0417200", "0.0425400", "0.0416300", "0.0424100", "4273014", 1760932799999, "179716.5117900", 4540, "2044308", "85988.0557100", "0"], [1760932800000, "0.0424300", "0.0426600", "0.0423500", "0.0425500", "6523452", 1760936399999, "277397.2639200", 3583, "3997052", "170020.1438800", "0"], [1760936400000, "0.0425400", "0.0427000", "0.0423500", "0.0426700", "4032100", 1760939999999, "171493.8710000", 2655, "2055861", "87472.3177800", "0"], [1760940000000, "0.0426700", "0.0429600", "0.0425800", "0.0428000", "8983556", 1760943599999, "384397.2389200", 3985, "3202747", "137089.6641700", "0"], [1760943600000, "0.0427900", "0.0429800", "0.0426000", "0.0428000", "4404141", 1760947199999, "188302.1754900", 2561, "2167349", "92680.5952300", "0"], [1760947200000, "0.0428100", "0.0429100", "0.0425000", "0.0426100", "4083572", 1760950799999, "174227.0703300", 2611, "2341855", "99957.6554600", "0"], [1760950800000, "0.0426000", "0.0434100", "0.0424200", "0.0432200", "13973951", 1760954399999, "599749.7146900", 5225, "6370337", "273758.5482400", "0"], [1760954400000, "0.0432200", "0.0434100", "0.0429100", "0.0433300", "11285112", 1760957999999, "487155.0096900", 4146, "5615271", "242450.7065900", "0"], [1760958000000, "0.0433300", "0.0438000", "0.0430600", "0.0432400", "8614640", 1760961599999, "373989.0401400", 4049, "4136659", "179633.0814600", "0"], [1760961600000, "0.0432400", "0.0439000", "0.0432300", "0.0433700", "6815765", 1760965199999, "296875.6551200", 3179, "3475175", "151364.7285300", "0"], [1760965200000, "0.0433800", "0.0434400", "0.0430300", "0.0433400", "7617502", 1760968799999, "329179.7671800", 3127, "3509958", "151774.5559800", "0"], [1760968800000, "0.0433400", "0.0433700", "0.0428600", "0.0431700", "4782155", 1760972399999, "206336.5860000", 2299, "1852008", "79964.2036800", "0"], [1760972400000, "0.0431700", "0.0435100", "0.0430900", "0.0430900", "8314498", 1760975999999, "360095.1861900", 3049, "4043190", "175169.1521400", "0"], [1760976000000, "0.0430800", "0.0431300", "0.0422300", "0.0427400", "15839451", 1760979599999, "676915.0540000", 5571, "8030838", "343439.8300500", "0"], [1760979600000, "0.0427400", "0.0431200", "0.0424400", "0.0427100", "9198699", 1760983199999, "393531.4122200", 3379, "5333921", "228179.0170200", "0"], [1760983200000, "0.0427100", "0.0428500", "0.0426000", "0.0428100", "2532848", 1760986799999, "108185.2688200", 2353, "1117935", "47761.4816900", "0"], [1760986800000, "0.0428100", "0.0432100", "0.0427100", "0.0430500", "3645658", 1760990399999, "156672.5911100", 3864, "1865049", "80133.3574900", "0"], [1760990400000, "0.0430500", "0.0431700", "0.0429300", "0.0431200", "1655974", 1760993999999, "71281.3799300", 2643, "1015213", "43706.6689100", "0"], [1760994000000, "0.0431300", "0.0432900", "0.0428500", "0.0429500", "3953593", 1760997599999, "170148.8297800", 3932, "1867954", "80402.7023100", "0"], [1760997600000, "0.0429800", "0.0430500", "0.0428200", "0.0429400", "1796272", 1761001199999, "77116.8641500", 995, "1079000", "46319.3383000", "0"], [1761001200000, "0.0429400", "0.0429600", "0.0427000", "0.0427500", "2412132", 1761004799999, "103244.4647000", 1455, "601513", "25759.8888600", "0"], [1761004800000, "0.0427600", "0.0427700", "0.0425200", "0.0425500", "2960932", 1761008399999, "126201.0450700", 1697, "981395", "41834.2999400", "0"], [1761008400000, "0.0425500", "0.0426400", "0.0422500", "0.0424400", "6834359", 1761011999999, "290175.5621700", 2647, "2300607", "97717.6232300", "0"], [1761012000000, "0.0424500", "0.0424500", "0.0421400", "0.0421700", "4352595", 1761015599999, "184139.0191400", 1709, "1880604", "79529.0801600", "0"], [1761015600000, "0.0421800", "0.0422800", "0.0417700", "0.0417900", "4251884", 1761019199999, "178578.1611700", 1839, "1373205", "57664.8097700", "0"], [1761019200000, "0.0417900", "0.0418200", "0.0411200", "0.0412600", "9873205", 1761022799999, "409050.8078400", 4021, "3969481", "164501.7651800", "0"], [1761022800000, "0.0412700", "0.0417200", "0.0412600", "0.0416100", "7029966", 1761026399999, "292028.7358200", 2386, "2712137", "112601.7051600", "0"], [1761026400000, "0.0416000", "0.0422500", "0.0415900", "0.0421000", "21400520", 1761029999999, "898842.2413300", 5080, "11864159", "498481.9849900", "0"], [1761030000000, "0.0420900", "0.0423500", "0.0419900", "0.0422000", "3531136", 1761033599999, "148942.5163500", 2062, "1710163", "72173.9589100", "0"], [1761033600000, "0.0422000", "0.0422100", "0.0417300", "0.0420600", "5303251", 1761037199999, "222531.1579100", 2685, "2155699", "90459.5753200", "0"], [1761037200000, "0.0420600", "0.0422300", "0.0418100", "0.0418600", "3511490", 1761040799999, "147496.3122700", 1793, "1415821", "59541.5878700", "0"], [1761040800000, "0.0418600", "0.0424900", "0.0418200", "0.0422200", "5202540", 1761044399999, "219226.6422800", 2587, "2901481", "122344.8719000", "0"], [1761044400000, "0.0422300", "0.0424300", "0.0421100", "0.0422900", "2378622", 1761047999999, "100497.2778800", 1309, "1592807", "67310.4349400", "0"], [1761048000000, "0.0423100", "0.0427900", "0.0422300", "0.0424300", "3781612", 1761051599999, "160891.2588200", 2180, "2120707", "90266.8066700", "0"], [1761051600000, "0.0424500", "0.0449300", "0.0422900", "0.0441100", "49460386", 1761055199999, "2169069.9659300", 21942, "25004367", "1096958.3706100", "0"], [1761055200000, "0.0441200", "0.0446500", "0.0437700", "0.0445100", "22132764", 1761058799999, "975826.6955600", 11194, "10407007", "459052.7247400", "0"], [1761058800000, "0.0445100", "0.0462900", "0.0444600", "0.0459800", "41162926", 1761062399999, "1868872.1428100", 15338, "22294349", "1012254.8931900", "0"], [1761062400000, "0.0459600", "0.0503800", "0.0456100", "0.0479300", "146582326", 1761065999999, "7054659.5640900", 52550, "66189985", "3183325.3446900", "0"], [1761066000000, "0.0479500", "0.0492700", "0.0467500", "0.0482200", "68521363", 1761069599999, "3271027.7399400", 25341, "33019796", "1576111.4192500", "0"], [1761069600000, "0.0482000", "0.0483700", "0.0473200", "0.0474400", "28002720", 1761073199999, "1337382.0614400", 13939, "12382474", "591359.7684900", "0"], [1761073200000, "0.0474400", "0.0474500", "0.0467200", "0.0467900", "14672376", 1761076799999, "691015.6038500", 8814, "6886116", "324495.1883800", "0"], [1761076800000, "0.0467900", "0.0468900", "0.0459200", "0.0463300", "19411327", 1761080399999, "900417.3625200", 9151, "9616460", "446293.0354100", "0"], [1761080400000, "0.0463200", "0.0466900", "0.0454900", "0.0462300", "15425158", 1761083999999, "711703.6909300", 6443, "7624092", "351795.3817000", "0"], [1761084000000, "0.0462300", "0.0462800", "0.0448000", "0.0450500", "19545153", 1761087599999, "889039.1339000", 8862, "9989520", "454697.9278300", "0"], [1761087600000, "0.0450500", "0.0450500", "0.0446600", "0.0446700", "4409426", 1761091199999, "197847.0304800", 2948, "2422904", "108757.6496200", "0"]]}