{"_ts": 1761089044.1510894, "data": [[1759406400000, "0.9500000", "1.2648700", "0.4800100", "0.5676400", "1601017590", 1759420799999, "1014780000.3413500", 7045830, "796684453", "503079283.7459100", "0"], [1759420800000, "0.5676400", "0.7799900", "0.5425800", "0.6295500", "906283125", 1759435199999, "598730014.5741100", 3410443, "458493522", "303025554.4770200", "0"], [1759435200000, "0.6295500", "0.6407900", "0.5548000", "0.5968900", "240806363", 1759449599999, "143319006.1561500", 950899, "120415111", "71686260.9633600", "0"], [1759449600000, "0.5968800", "0.6209600", "0.5050000", "0.5410000", "258144961", 1759463999999, "144887812.6738200", 923181, "126233742", "70966731.9115400", "0"], [1759464000000, "0.5408600", "0.5758800", "0.5244200", "0.5342500", "200488772", 1759478399999, "109046481.6093900", 684133, "102194630", "55610564.6712100", "0"], [1759478400000, "0.5342200", "0.5624400", "0.4976300", "0.5252900", "259197388", 1759492799999, "136355384.6044500", 721952, "129707631", "68300482.8573300", "0"], [1759492800000, "0.5253900", "0.5343100", "0.5078300", "0.5290700", "162127774", 1759507199999, "84186046.9130400", 463292, "79580904", "41333733.4254200", "0"], [1759507200000, "0.5290100", "0.5469200", "0.5158000", "0.5381700", "133618846", 1759521599999, "71123735.7047200", 392641, "66802797", "35587683.6805200", "0"], [1759521600000, "0.5381700", "0.5413700", "0.5193100", "0.5210700", "49430668", 1759535999999, "26183311.4260700", 217301, "25080093", "13285975.8963300", "0"], [1759536000000, "0.5210400", "0.5299000", "0.5104700", "0.5118600", "63736849", 1759550399999, "33027020.1137500", 304880, "31565319", "16360608.5389800", "0"], [1759550400000, "0.5118700", "0.5238600", "0.5108800", "0.5154400", "47277976", 1759564799999, "24472741.2445400", 191820, "24149581", "12500101.4623900", "0"], [1759564800000, "0.5154300", "0.5155000", "0.4909000", "0.4985200", "73574835", 1759579199999, "37035953.3810300", 262204, "35297093", "17772098.6767500", "0"], [1759579200000, "0.4984500", "0.5085600", "0.4911100", "0.4956900", "59009786", 1759593599999, "29528499.6496300", 221855, "28765860", "14393267.1130700", "0"], [1759593600000, "0.4957300", "0.4959400", "0.4724000", "0.4862600", "73779657", 1759607999999, "35649387.4052500", 254700, "34022296", "16446014.3677400", "0"], [1759608000000, "0.4863400", "0.5034000", "0.4855000", "0.4961200", "36653394", 1759622399999, "18156146.5855600", 146653, "18185201", "9008043.8827900", "0"], [1759622400000, "0.4960800", "0.5084200", "0.4868700", "0.5029900", "51384207", 1759636799999, "25647693.8754900", 214705, "27067940", "13520798.9206100", "0"], [1759636800000, "0.5029800", "0.5161900", "0.4932100", "0.5023200", "39359276", 1759651199999, "19739021.7686200", 153649, "20328230", "10200735.1496100", "0"], [1759651200000, "0.5023200", "0.5074600", "0.4873700", "0.4929100", "42027727", 1759665599999, "20912086.4871700", 155509, "20362166", "10129189.1034100", "0"], [1759665600000, "0.4929200", "0.5047400", "0.4891700", "0.5034400", "41988016", 1759679999999, "20904840.2367300", 151775, "20339997", "10127627.8853100", "0"], [1759680000000, "0.5033700", "0.5054000", "0.4815000", "0.4826100", "39445433", 1759694399999, "19412401.4249200", 145989, "19823497", "9751693.7176000", "0"], [1759694400000, "0.4826600", "0.4940000", "0.4803100", "0.4909900", "23159202", 1759708799999, "11302588.1767300", 85094, "11725772", "5722356.4441700", "0"], [1759708800000, "0.4909900", "0.4956000", "0.4816000", "0.4858000", "29837705", 1759723199999, "14551725.9158300", 122656, "15096761", "7361374.9819800", "0"], [1759723200000, "0.4858000", "0.4887200", "0.4770100", "0.4786000", "28905093", 1759737599999, "13954080.3746900", 97858, "13874714", "6699746.7491700", "0"], [1759737600000, "0.4786500", "0.4839600", "0.4751100", "0.4809000", "33083742", 1759751999999, "15856551.6348100", 114372, "15882050", "7611302.7633800", "0"], [1759752000000, "0.4809100", "0.4870000", "0.4784300", "0.4832800", "34758587", 1759766399999, "16794746.2039800", 122589, "17364038", "8389184.9087800", "0"], [1759766400000, "0.4831100", "0.4999900", "0.4770400", "0.4920500", "43119301", 1759780799999, "21029186.4667800", 124338, "21613330", "10533608.4806700", "0"], [1759780800000, "0.4920400", "0.4977800", "0.4896100", "0.4959900", "23389556", 1759795199999, "11536653.9870100", 83086, "11548135", "5696550.8156000", "0"], [1759795200000, "0.4960700", "0.5023000", "0.4836900", "0.4948600", "61131403", 1759809599999, "30067265.3397100", 164286, "30865228", "15176401.9655100", "0"], [1759809600000, "0.4951200", "0.5019900", "0.4592000", "0.4696300", "66592777", 1759823999999, "32181361.5415600", 212574, "30856572", "14947969.8313100", "0"], [1759824000000, "0.4696300", "0.4715100", "0.4613000", "0.4681200", "34535909", 1759838399999, "16120753.0154800", 119327, "17715278", "8269991.3786500", "0"], [1759838400000, "0.4681200", "0.4723300", "0.4422100", "0.4440000", "61335193", 1759852799999, "27976521.2840200", 176164, "28811863", "13156915.7982400", "0"], [1759852800000, "0.4440000", "0.4524300", "0.4357600", "0.4368500", "40038423", 1759867199999, "17843827.0938600", 113573, "19105923", "8524230.5386800", "0"], [1759867200000, "0.4368100", "0.4426500", "0.4344500", "0.4369100", "24119363", 1759881599999, "10571440.0047100", 71238, "12259832", "5373998.9626100", "0"], [1759881600000, "0.4369600", "0.4371600", "0.4003100", "0.4038600", "81682588", 1759895999999, "33789422.0707100", 198502, "37315838", "15408323.1944300", "0"], [1759896000000, "0.4038600", "0.4047000", "0.3883900", "0.3903300", "76699350", 1759910399999, "30410399.2712600", 202937, "37016670", "14676198.7944300", "0"], [1759910400000, "0.3904400", "0.3932800", "0.3800000", "0.3850700", "77713010", 1759924799999, "30010575.2819500", 210588, "38966464", "15050875.7243600", "0"], [1759924800000, "0.3850500", "0.4030000", "0.3813200", "0.4002200", "78074229", 1759939199999, "30409742.5813100", 214364, "40008387", "15586662.5472000", "0"], [1759939200000, "0.4001900", "0.4140600", "0.3962500", "0.4056300", "48011621", 1759953599999, "19494985.7830800", 166475, "23213054", "9426116.2222300", "0"], [1759953600000, "0.4056700", "0.4156000", "0.4040800", "0.4141400", "23329756", 1759967999999, "9512005.2868700", 80843, "11998913", "4895346.2435000", "0"], [1759968000000, "0.4139900", "0.4139900", "0.3876100", "0.3990700", "57442914", 1759982399999, "22736545.2276700", 176755, "27387890", "10830851.9616900", "0"], [1759982400000, "0.3990900", "0.4047900", "0.3928100", "0.3976600", "38458881", 1759996799999, "15339751.2114300", 138204, "19812766", "7902763.9435700", "0"], [1759996800000, "0.3976300", "0.4031300", "0.3855900", "0.3928400", "59268675", 1760011199999, "23225406.5082200", 218375, "30117863", "11799702.2126100", "0"], [1760011200000, "0.3928500", "0.3959500", "0.3843200", "0.3891100", "47491325", 1760025599999, "18553379.0981100", 180302, "23433913", "9157170.4754600", "0"], [1760025600000, "0.3891600", "0.3927700", "0.3657000", "0.3667600", "50974288", 1760039999999, "19323104.6828700", 155947, "23480732", "8909822.8099400", "0"], [1760040000000, "0.3667600", "0.3707000", "0.3596200", "0.3620800", "35055717", 1760054399999, "12764177.9524100", 108103, "17389524", "6330160.2747200", "0"], [1760054400000, "0.3620900", "0.3730000", "0.3364100", "0.3394800", "83893434", 1760068799999, "29405543.2435300", 247792, "39786316", "13955742.4684200", "0"], [1760068800000, "0.3395100", "0.3427900", "0.3256000", "0.3284400", "45229206", 1760083199999, "15105995.7896200", 164504, "22602473", "7553233.4137900", "0"], [1760083200000, "0.3284400", "0.3362500", "0.3271700", "0.3342700", "39990038", 1760097599999, "13283717.5705800", 150518, "20960222", "6963838.5461900", "0"], [1760097600000, "0.3342700", "0.3421800", "0.3166000", "0.3191600", "80855580", 1760111999999, "26623151.4132300", 211376, "38395971", "12661331.5132800", "0"], [1760112000000, "0.3191900", "0.3232100", "0.3052300", "0.3065300", 