{"_ts": 1761088526.8661613, "data": [[1760918400000, "0.2365000", "0.2365000", "0.2306700", "0.2328000", "10499125", 1760921999999, "2445915.6826700", 25236, "5445149", "1267568.7927300", "0"], [1760922000000, "0.2328100", "0.2340800", "0.2313000", "0.2326300", "4961670", 1760925599999, "1154824.3537600", 18084, "2560226", "595918.7054500", "0"], [1760925600000, "0.2326100", "0.2334600", "0.2295300", "0.2327000", "7833807", 1760929199999, "1815060.7664400", 21893, "3727552", "863729.0677300", "0"], [1760929200000, "0.2327000", "0.2421300", "0.2315300", "0.2408900", "7740741", 1760932799999, "1833559.0152300", 25521, "3901781", "923467.6002500", "0"], [1760932800000, "0.2409000", "0.2421400", "0.2400500", "0.2411900", "6391666", 1760936399999, "1540702.2065300", 23202, "2949210", "710843.5309000", "0"], [1760936400000, "0.2412500", "0.2425500", "0.2395000", "0.2418700", "4445561", 1760939999999, "1070928.8316800", 15997, "2197837", "529512.8261000", "0"], [1760940000000, "0.2419200", "0.2441100", "0.2412100", "0.2418400", "4440515", 1760943599999, "1077125.2467300", 16527, "2152531", "522169.1001900", "0"], [1760943600000, "0.2418400", "0.2424400", "0.2386800", "0.2399700", "5222926", 1760947199999, "1257951.1775900", 14994, "2504494", "603408.3269100", "0"], [1760947200000, "0.2399700", "0.2406400", "0.2372500", "0.2381400", "5340458", 1760950799999, "1275501.0716600", 16521, "2762321", "659884.6485400", "0"], [1760950800000, "0.2381300", "0.2389600", "0.2367100", "0.2384100", "4571405", 1760954399999, "1087351.0504500", 14712, "2350948", "559297.6542300", "0"], [1760954400000, "0.2384000", "0.2395900", "0.2356000", "0.2369400", "5743516", 1760957999999, "1368039.2937200", 17474, "2698149", "642518.8954000", "0"], [1760958000000, "0.2369400", "0.2379700", "0.2359500", "0.2377000", "4759595", 1760961599999, "1128404.7407200", 15711, "2410049", "571346.3375300", "0"], [1760961600000, "0.2377100", "0.2382400", "0.2361400", "0.2382000", "4145001", 1760965199999, "983668.1231700", 15232, "2103427", "499210.1688900", "0"], [1760965200000, "0.2382000", "0.2404000", "0.2370500", "0.2397600", "4859898", 1760968799999, "1161184.4442200", 18758, "2527310", "603965.8165100", "0"], [1760968800000, "0.2397800", "0.2402100", "0.2363300", "0.2375000", "5098788", 1760972399999, "1213301.0720600", 17378, "2426766", "577457.7308200", "0"], [1760972400000, "0.2375000", "0.2383000", "0.2346000", "0.2347200", "5974903", 1760975999999, "1411431.2861900", 19412, "2796977", "660656.7945300", "0"], [1760976000000, "0.2347100", "0.2347100", "0.2302200", "0.2322100", "14272758", 1760979599999, "3313380.2248400", 34180, "7023254", "1630436.4564400", "0"], [1760979600000, "0.2321800", "0.2343000", "0.2303400", "0.2329700", "6786341", 1760983199999, "1577753.5628700", 19471, "3469892", "806865.9976800", "0"], [1760983200000, "0.2329800", "0.2330300", "0.2304000", "0.2323200", "5097970", 1760986799999, "1181064.3757900", 14014, "2642551", "612142.6702900", "0"], [1760986800000, "0.2323200", "0.2368800", "0.2312300", "0.2360400", "5354740", 1760990399999, "1251697.5270700", 16181, "2641012", "616907.7333500", "0"], [1760990400000, "0.2360200", "0.2378300", "0.2352200", "0.2377000", "5517747", 1760993999999, "1304052.0751200", 15736, "2419351", "571903.9033700", "0"], [1760994000000, "0.2377100", "0.2391000", "0.2365900", "0.2371400", "3910437", 1760997599999, "931301.3742800", 11038, "1679596", "400113.7138500", "0"], [1760997600000, "0.2371500", "0.2375400", "0.2357400", "0.2368500", "2197157", 1761001199999, "520018.2641700", 8561, "1066174", "252326.9182000", "0"], [1761001200000, "0.2368700", "0.2379700", "0.2358100", "0.2377200", "3102492", 1761004799999, "735732.5933300", 10465, "1474750", "349841.0061300", "0"], [1761004800000, "0.2377200", "0.2405300", "0.2367200", "0.2371800", "6423349", 1761008399999, "1533087.2320000", 22755, "2947505", "703557.3734000", "0"], [1761008400000, "0.2371800", "0.2411900", "0.2362000", "0.2387400", "7222455", 1761011999999, "1725495.0276500", 24862, "3677437", "878309.4716400", "0"], [1761012000000, "0.2387600", "0.2410000", "0.2372100", "0.2378300", "5941528", 1761015599999, "1420144.6593700", 24784, "2753070", "658057.9150100", "0"], [1761015600000, "0.2378300", "0.2383900", "0.2354300", "0.2360200", "3782662", 1761019199999, "895418.4845300", 16881, "1996598", "472499.1370400", "0"], [1761019200000, "0.2360000", "0.2365100", "0.2311700", "0.2316100", "10103803", 1761022799999, "2357748.5252600", 34255, "6010508", "1402341.3646700", "0"], [1761022800000, "0.2316300", "0.2323600", "0.2275800", "0.2279600", "7468348", 1761026399999, "1714714.1069500", 22408, "3746252", "860455.0957700", "0"], [1761026400000, "0.2279600", "0.2297100", "0.2260000", "0.2289000", "5754594", 1761029999999, "1310583.3052700", 19791, "2938565", "669095.2273700", "0"], [1761030000000, "0.2289000", "0.2300500", "0.2258600", "0.2298600", "4185523", 1761033599999, "953234.3550100", 13735, "1853162", "422062.1977900", "0"], [1761033600000, "0.2298700", "0.2299000", "0.2249000", "0.2268500", "6599552", 1761037199999, "1498983.0915400", 14043, "3208252", "728613.4844500", "0"], [1761037200000, "0.2268500", "0.2272000", "0.2254100", "0.2258600", "5497994", 1761040799999, "1244225.4552800", 13469, "2950587", "667627.5946200", "0"], [1761040800000, "0.2258800", "0.2317800", "0.2256500", "0.2293700", "8717203", 1761044399999, "1990405.2459400", 24226, "4227848", "964039.1581700", "0"], [1761044400000, "0.2293600", "0.2298900", "0.2277700", "0.2294100", "3954268", 1761047999999, "904903.4937900", 15399, "1905143", "435945.4032200", "0"], [1761048000000, "0.2294700", "0.2325000", "0.2279600", "0.2289300", "6139766", 1761051599999, "1414220.0281400", 22481, "3010590", "693062.8852700", "0"], [1761051600000, "0.2289600", "0.2320300", "0.2280800", "0.2291900", "6795672", 1761055199999, "1561308.2623900", 25384, "3120285", "716830.6850900", "0"], [1761055200000, "0.2292400", "0.2480600", "0.2292400", "0.2470100", "23799393", 1761058799999, "5692330.4174900", 60477, "12816370", "3064325.6837800", "0"], [1761058800000, "0.2470600", "0.2537700", "0.2456400", "0.2478200", "19903507", 1761062399999, "4962815.6829900", 56948, "9689646", "2416362.7096900", "0"], [1761062400000, "0.2478100", "0.2496600", "0.2437400", "0.2448100", "9572462", 1761065999999, "2371930.9610700", 30622, "4376089", "1084730.9442300", "0"], [1761066000000, "0.2448400", "0.2505600", "0.2416200", "0.2494100", "11142298", 1761069599999, "2737774.2894200", 39228, "5501253", "1352119.3989500", "0"], [1761069600000, "0.2494200", "0.2693600", "0.2488300", "0.2688600", "37667411", 1761073199999, "9774962.7584400", 114851, "20184032", "5233589.0206200", "0"], [1761073200000, "0.2689100", "0.2789100", "0.2611700", "0.2744300", "67557193", 1761076799999, "18363075.2171900", 222561, "33329498", "9057568.6714500", "0"], [1761076800000, "0.2744600", "0.2783200", "0.2689100", "0.2764300", "44665190", 1761080399999, "12222507.4945000", 143465, "23064072", "6313528.8787900", "0"], [1761080400000, "0.2764400", "0.2775500", "0.2646400", "0.2660300", "26240181", 1761083999999, "7096116.9177700", 62630, "12334816", "3338906.8531400", "0"], [1761084000000, "0.2660200", "0.2668800", "0.2607600", "0.2626200", "20235128", 1761087599999, "5331183.2868300", 64438, "10309424", "2717404.0817500", "0"], [1761087600000, "0.2626200", "0.2627100", "0.2589500", "0.2605900", "4820140", 1761091199999, "1256354.7510900", 16399, "2305804", "601180.6880200", "0"]]}