{"_ts": 1761088456.544352, "data": [[1760918400000, "1.0393000", "1.0435000", "1.0152000", "1.0256000", "2444891", 1760921999999, "2513822.6479000", 35547, "1194157", "1227822.1230000", "0"], [1760922000000, "1.0252000", "1.0549000", "1.0249000", "1.0385000", "1958581", 1760925599999, "2037066.0764000", 30486, "1003783", "1043911.0142000", "0"], [1760925600000, "1.0383000", "1.0555000", "1.0289000", "1.0434000", "1687833", 1760929199999, "1758419.4594000", 25810, "804147", "838058.4509000", "0"], [1760929200000, "1.0433000", "1.1532000", "1.0344000", "1.1512000", "3378032", 1760932799999, "3691557.9439000", 45908, "1662929", "1817326.9176000", "0"], [1760932800000, "1.1518000", "1.2005000", "1.0881000", "1.0998000", "7215512", 1760936399999, "8274486.9541000", 96741, "3323005", "3814369.4414000", "0"], [1760936400000, "1.0997000", "1.1079000", "1.0173000", "1.0228000", "4411948", 1760939999999, "4670281.7022000", 50834, "2211802", "2340087.3604000", "0"], [1760940000000, "1.0224000", "1.0825000", "1.0222000", "1.0761000", "4247735", 1760943599999, "4496611.4069000", 48035, "2435206", "2576192.9228000", "0"], [1760943600000, "1.0759000", "1.0964000", "1.0503000", "1.0948000", "2301976", 1760947199999, "2459845.9941000", 33036, "1076582", "1151180.0893000", "0"], [1760947200000, "1.0948000", "1.1192000", "1.0666000", "1.1170000", "3009552", 1760950799999, "3292506.8438000", 45038, "1509737", "1651971.5445000", "0"], [1760950800000, "1.1169000", "1.1811000", "1.1132000", "1.1780000", "3471689", 1760954399999, "3979319.3498000", 52402, "1751492", "2007616.0318000", "0"], [1760954400000, "1.1780000", "1.2592000", "1.1386000", "1.2417000", "8945343", 1760957999999, "10704224.0980000", 134348, "4421939", "5295660.4945000", "0"], [1760958000000, "1.2415000", "1.4112000", "1.2400000", "1.3988000", "15982427", 1760961599999, "21125726.1292000", 233440, "7958789", "10526520.6349000", "0"], [1760961600000, "1.3988000", "1.4444000", "1.0300000", "1.0879000", "34545606", 1760965199999, "41599970.7700000", 477164, "16974061", "20358588.7975000", "0"], [1760965200000, "1.0878000", "1.2549000", "1.0741000", "1.2440000", "14204701", 1760968799999, "16492108.8206000", 195795, "7322150", "8506918.9610000", "0"], [1760968800000, "1.2441000", "1.3091000", "1.1321000", "1.2478000", "23907918", 1760972399999, "29475017.0604000", 323626, "11569657", "14268610.8096000", "0"], [1760972400000, "1.2480000", "1.3450000", "1.2239000", "1.2542000", "19619939", 1760975999999, "25133791.1725000", 274195, "9705240", "12434724.9033000", "0"], [1760976000000, "1.2545000", "1.3111000", "1.2346000", "1.2903000", "12232034", 1760979599999, "15600264.1191000", 161643, "6026528", "7688635.2047000", "0"], [1760979600000, "1.2902000", "1.3386000", "1.2635000", "1.3159000", "7933672", 1760983199999, "10320720.3264000", 108203, "4013037", "5222199.0445000", "0"], [1760983200000, "1.3160000", "1.3440000", "1.2923000", "1.3263000", "6818329", 1760986799999, "8978221.1331000", 105129, "3376664", "4447982.9496000", "0"], [1760986800000, "1.3260000", "1.3541000", "1.2623000", "1.3123000", "11024306", 1760990399999, "14471205.5787000", 165207, "5492585", "7214610.6034000", "0"], [1760990400000, "1.3119000", "1.3243000", "1.2400000", "1.2979000", "9442032", 1760993999999, "12082787.1263000", 146167, "4876842", "6240047.9268000", "0"], [1760994000000, "1.2977000", "1.2992000", "1.2652000", "1.2774000", "2768603", 1760997599999, "3551405.3139000", 48244, "1357888", "1742407.7271000", "0"], [1760997600000, "1.2773000", "1.2874000", "1.2526000", "1.2572000", "2873805", 1761001199999, "3646382.6162000", 54421, "1406225", "1784534.4453000", "0"], [1761001200000, "1.2574000", "1.2824000", "1.2322000", "1.2623000", "2804170", 1761004799999, "3520546.5648000", 52262, "1461002", "1834761.5605000", "0"], [1761004800000, "1.2623000", "1.2629000", "1.2179000", "1.2359000", "2983394", 1761008399999, "3680740.8607000", 49484, "1361922", "1680203.1167000", "0"], [1761008400000, "1.2360000", "1.2863000", "1.2221000", "1.2722000", "2845955", 1761011999999, "3575199.4647000", 53225, "1544500", "1940502.4827000", "0"], [1761012000000, "1.2723000", "1.2727000", "1.1817000", "1.1837000", "4165458", 1761015599999, "5067489.4236000", 68802, "1830987", "2226201.0605000", "0"], [1761015600000, "1.1839000", "1.1874000", "1.1593000", "1.1801000", "3037156", 1761019199999, "3566788.8496000", 54143, "1605978", "1886555.5556000", "0"], [1761019200000, "1.1803000", "1.1815000", "1.1259000", "1.1698000", "4862249", 1761022799999, "5596360.6425000", 72882, "2321176", "2673099.0124000", "0"], [1761022800000, "1.1698000", "1.2144000", "1.1535000", "1.1568000", "5187168", 1761026399999, "6137146.7752000", 84369, "2686870", "3183847.7866000", "0"], [1761026400000, "1.1567000", "1.2494000", "1.1559000", "1.2361000", "5217423", 1761029999999, "6331801.6652000", 88428, "2994869", "3634940.3629000", "0"], [1761030000000, "1.2359000", "1.2718000", "1.2036000", "1.2635000", "4686120", 1761033599999, "5798799.7241000", 82245, "2460434", "3047886.7990000", "0"], [1761033600000, "1.2640000", "1.3383000", "1.2395000", "1.3225000", "6753992", 1761037199999, "8685628.9474000", 115406, "3601553", "4637113.2940000", "0"], [1761037200000, "1.3225000", "1.3288000", "1.2196000", "1.3032000", "7060560", 1761040799999, "9011405.7101000", 119349, "3443919", "4395876.1473000", "0"], [1761040800000, "1.3030000", "1.3692000", "1.2462000", "1.3261000", "7235661", 1761044399999, "9483934.7087000", 129354, "3740084", "4909789.3315000", "0"], [1761044400000, "1.3260000", "1.4014000", "1.2732000", "1.3858000", "6648767", 1761047999999, "8846863.3308000", 137003, "3408757", "4541465.0585000", "0"], [1761048000000, "1.3858000", "1.4580000", "1.3439000", "1.3633000", "10319221", 1761051599999, "14460897.4425000", 222309, "5092120", "7139186.2092000", "0"], [1761051600000, "1.3636000", "1.4346000", "1.3579000", "1.4340000", "6560611", 1761055199999, "9166723.2947000", 149580, "3139977", "4390999.0340000", "0"], [1761055200000, "1.4333000", "1.5858000", "1.3948000", "1.5849000", "13906966", 1761058799999, "20754118.7198000", 261201, "7113279", "10624861.5799000", "0"], [1761058800000, "1.5850000", "1.9296000", "1.5507000", "1.8769000", "17763521", 1761062399999, "30565261.9284000", 374582, "9173466", "15794890.9823000", "0"], [1761062400000, "1.8761000", "2.1840000", "1.6609000", "2.1395000", "38873175", 1761065999999, "74564607.9754400", 841958, "19469599", "37408262.9691600", "0"], [1761066000000, "2.1395000", "2.6391000", "2.1128000", "2.6127000", "46568488", 1761069599999, "112009870.8559400", 1107800, "23655775", "56976869.7229600", "0"], [1761069600000, "2.6128000", "2.7339000", "2.2800000", "2.6201000", "51813894", 1761073199999, "131068726.9319400", 1334296, "26220786", "66411819.9180600", "0"], [1761073200000, "2.6198000", "3.6600000", "2.6165000", "3.1994000", "65506066", 1761076799999, "204813017.2593600", 1694708, "33532841", "104744832.3076400", "0"], [1761076800000, "3.2005000", "3.5068000", "2.4201000", "2.6263000", "58513971", 1761080399999, "169052657.3030600", 1592421, "28777093", "83249746.1771400", "0"], [1761080400000, "2.6261000", "2.7600000", "2.3650000", "2.6644000", "23005185", 1761083999999, "58576538.1903200", 583290, "12096135", "30858729.5336000", "0"], [1761084000000, "2.6642000", "2.6771000", "2.2671000", "2.3807000", "18487606", 1761087599999, "45549671.7211400", 551084, "8610894", "21245954.0928600", "0"], [1761087600000, "2.3807000", "2.3992000", "2.2551000", "2.3236000", "5038072", 1761091199999, "11683759.2711600", 147857, "2444564", "5672627.2270800", "0"]]}