{"_ts": 1761088608.213579, "data": [[1760918400000, "0.4612000", "0.4710000", "0.4472000", "0.4675000", "888317", 1760921999999, "405928.9057000", 4160, "462179", "211620.8278000", "0"], [1760922000000, "0.4678000", "0.4900000", "0.4639000", "0.4885000", "550924", 1760925599999, "262177.3764000", 3846, "200256", "95515.5911000", "0"], [1760925600000, "0.4887000", "0.4922000", "0.4806000", "0.4879000", "431424", 1760929199999, "210080.1847000", 3769, "220674", "107532.2460000", "0"], [1760929200000, "0.4878000", "0.4972000", "0.4818000", "0.4965000", "282797", 1760932799999, "138189.8144000", 2361, "138477", "67676.8778000", "0"], [1760932800000, "0.4961000", "0.4992000", "0.4882000", "0.4894000", "372977", 1760936399999, "184369.6541000", 2304, "188319", "93128.4496000", "0"], [1760936400000, "0.4894000", "0.4916000", "0.4837000", "0.4862000", "178237", 1760939999999, "86843.8207000", 1456, "93621", "45643.7881000", "0"], [1760940000000, "0.4859000", "0.4938000", "0.4829000", "0.4887000", "291015", 1760943599999, "142165.9457000", 2277, "167529", "81867.7618000", "0"], [1760943600000, "0.4879000", "0.4879000", "0.4770000", "0.4801000", "184423", 1760947199999, "88965.6590000", 1572, "104100", "50194.5854000", "0"], [1760947200000, "0.4796000", "0.4812000", "0.4702000", "0.4721000", "275451", 1760950799999, "131116.0491000", 2000, "152873", "72806.2574000", "0"], [1760950800000, "0.4717000", "0.4734000", "0.4602000", "0.4651000", "327950", 1760954399999, "152741.3779000", 2139, "198091", "92283.2862000", "0"], [1760954400000, "0.4650000", "0.4687000", "0.4590000", "0.4605000", "342066", 1760957999999, "158855.0957000", 2148, "202934", "94264.1586000", "0"], [1760958000000, "0.4609000", "0.4629000", "0.4541000", "0.4615000", "290280", 1760961599999, "133114.9889000", 2021, "165800", "76082.7084000", "0"], [1760961600000, "0.4608000", "0.4615000", "0.4479000", "0.4555000", "382590", 1760965199999, "174130.6839000", 2442, "161432", "73539.2540000", "0"], [1760965200000, "0.4558000", "0.4585000", "0.4501000", "0.4532000", "224995", 1760968799999, "102155.9440000", 1464, "115600", "52495.1394000", "0"], [1760968800000, "0.4531000", "0.4531000", "0.4444000", "0.4489000", "385017", 1760972399999, "172737.7162000", 3062, "166347", "74679.9461000", "0"], [1760972400000, "0.4490000", "0.4494000", "0.4401000", "0.4409000", "394929", 1760975999999, "175516.9009000", 2494, "185285", "82345.9377000", "0"], [1760976000000, "0.4405000", "0.4411000", "0.4183000", "0.4208000", "903072", 1760979599999, "387552.9318000", 4685, "459890", "197132.5199000", "0"], [1760979600000, "0.4204000", "0.4213000", "0.4051000", "0.4073000", "696794", 1760983199999, "288086.5159700", 4556, "335439", "138920.8640000", "0"], [1760983200000, "0.4075000", "0.4098000", "0.3927000", "0.3945000", "1037293", 1760986799999, "415971.1619000", 5947, "503551", "202158.6946000", "0"], [1760986800000, "0.3945000", "0.3997000", "0.3900000", "0.3935000", "968083", 1760990399999, "381373.6640000", 7907, "516871", "203693.7040000", "0"], [1760990400000, "0.3935000", "0.4121000", "0.3921000", "0.4019000", "1320756", 1760993999999, "530033.3833000", 8198, "640102", "256703.3098000", "0"], [1760994000000, "0.4017000", "0.4095000", "0.3967000", "0.3997000", "656161", 1760997599999, "264210.5357000", 4349, "290602", "117042.8847000", "0"], [1760997600000, "0.3995000", "0.4047000", "0.3980000", "0.4024000", "440028", 1761001199999, "176562.9014000", 2486, "211079", "84692.3970000", "0"], [1761001200000, "0.4020000", "0.4066000", "0.3995000", "0.4023000", "472162", 1761004799999, "190101.3840000", 2949, "239992", "96687.7102000", "0"], [1761004800000, "0.4019000", "0.4052000", "0.3978000", "0.4016000", "695366", 1761008399999, "279168.0495000", 5641, "359862", "144505.4441000", "0"], [1761008400000, "0.4013000", "0.4260000", "0.3984000", "0.4142000", "1319277", 1761011999999, "546457.6025000", 15473, "639015", "264364.4522000", "0"], [1761012000000, "0.4143000", "0.4150000", "0.4079000", "0.4103000", "667621", 1761015599999, "274711.4460000", 4339, "267623", "110194.2729000", "0"], [1761015600000, "0.4107000", "0.4147000", "0.4035000", "0.4127000", "691445", 1761019199999, "283050.6302000", 4621, "319732", "130912.2984000", "0"], [1761019200000, "0.4127000", "0.4170000", "0.4072000", "0.4105000", "750648", 1761022799999, "309376.0013000", 5864, "341166", "140619.1715000", "0"], [1761022800000, "0.4107000", "0.4139000", "0.4060000", "0.4078000", "403497", 1761026399999, "165506.3852000", 3279, "200477", "82278.8972000", "0"], [1761026400000, "0.4073000", "0.4173000", "0.4071000", "0.4147000", "498714", 1761029999999, "206538.9933000", 3042, "241972", "100171.2205000", "0"], [1761030000000, "0.4146000", "0.4241000", "0.4125000", "0.4194000", "541204", 1761033599999, "226722.5839000", 3372, "311924", "130696.6868000", "0"], [1761033600000, "0.4191000", "0.4205000", "0.4118000", "0.4182000", "490015", 1761037199999, "203909.5186000", 4074, "218199", "90796.8620000", "0"], [1761037200000, "0.4184000", "0.4259000", "0.4166000", "0.4185000", "802188", 1761040799999, "338034.4397000", 5195, "370907", "156378.0974000", "0"], [1761040800000, "0.4187000", "0.4289000", "0.4184000", "0.4281000", "310095", 1761044399999, "131812.0464000", 2169, "128079", "54398.6725000", "0"], [1761044400000, "0.4278000", "0.4563000", "0.4261000", "0.4499000", "732894", 1761047999999, "321166.1481000", 4582, "382658", "168176.1057000", "0"], [1761048000000, "0.4490000", "0.4701000", "0.4465000", "0.4580000", "1289021", 1761051599999, "590417.9488000", 8747, "495521", "227070.1490000", "0"], [1761051600000, "0.4582000", "0.5030000", "0.4572000", "0.4967000", "3418735", 1761055199999, "1669884.2335000", 23187, "1761448", "860076.1812000", "0"], [1761055200000, "0.4969000", "0.5643000", "0.4924000", "0.5630000", "4171828", 1761058799999, "2204943.5188500", 32784, "2091906", "1106417.0495500", "0"], [1761058800000, "0.5626000", "0.5886000", "0.4722000", "0.5352000", "15988500", 1761062399999, "8603199.5800000", 127533, "7631679", "4103235.1868000", "0"], [1761062400000, "0.5352000", "0.5536000", "0.5167000", "0.5186000", "3358683", 1761065999999, "1797660.5658000", 29370, "1596313", "855686.3105000", "0"], [1761066000000, "0.5187000", "0.5217000", "0.4985000", "0.5044000", "1355868", 1761069599999, "691870.9091000", 9381, "667114", "340494.5642000", "0"], [1761069600000, "0.5044000", "0.5477000", "0.5032000", "0.5379000", "2529452", 1761073199999, "1349586.8138000", 19312, "1171702", "625196.1434000", "0"], [1761073200000, "0.5380000", "0.5509000", "0.5231000", "0.5358000", "2623212", 1761076799999, "1410512.2527000", 25032, "1281903", "689642.4365000", "0"], [1761076800000, "0.5359000", "0.5396000", "0.5099000", "0.5117000", "1949671", 1761080399999, "1022167.8628000", 14613, "934472", "490255.1698000", "0"], [1761080400000, "0.5112000", "0.5246000", "0.5052000", "0.5163000", "766174", 1761083999999, "395163.4894000", 6534, "405460", "209366.8871000", "0"], [1761084000000, "0.5165000", "0.5180000", "0.4880000", "0.4918000", "1417969", 1761087599999, "710563.7843000", 10774, "663873", "333016.8041000", "0"], [1761087600000, "0.4911000", "0.4978000", "0.4824000", "0.4833000", "469909", 1761091199999, "230230.0348000", 3278, "203812", "99941.8543000", "0"]]}