{"_ts": 1761088567.3912735, "data": [[1760918400000, "0.0293700", "0.0294000", "0.0286100", "0.0288400", "19994817", 1760921999999, "578696.1640700", 6399, "7883326", "228062.4614200", "0"], [1760922000000, "0.0288400", "0.0291300", "0.0286800", "0.0287400", "12355467", 1760925599999, "357227.9657000", 5244, "7402749", "214126.4805000", "0"], [1760925600000, "0.0287300", "0.0288500", "0.0285400", "0.0286200", "14527955", 1760929199999, "416320.4335700", 5151, "9109260", "260982.8820700", "0"], [1760929200000, "0.0286300", "0.0293000", "0.0285100", "0.0291800", "15490311", 1760932799999, "446461.2082800", 6010, "8240711", "237350.1546500", "0"], [1760932800000, "0.0291800", "0.0294500", "0.0291300", "0.0293200", "17854174", 1760936399999, "523021.7643700", 6275, "9504704", "278436.7341200", "0"], [1760936400000, "0.0293000", "0.0301700", "0.0290600", "0.0300200", "26147657", 1760939999999, "773625.2923900", 8804, "16696835", "493672.6355900", "0"], [1760940000000, "0.0300100", "0.0301200", "0.0295500", "0.0299700", "31175062", 1760943599999, "928839.6368500", 8751, "17973270", "535378.3409500", "0"], [1760943600000, "0.0299600", "0.0300000", "0.0293900", "0.0294800", "22993619", 1760947199999, "684934.8934600", 6869, "7404771", "220440.5380800", "0"], [1760947200000, "0.0294900", "0.0296400", "0.0293200", "0.0294200", "10651849", 1760950799999, "314065.4637000", 4055, "6335919", "186924.5971300", "0"], [1760950800000, "0.0294000", "0.0294300", "0.0291800", "0.0292700", "10756416", 1760954399999, "315482.9807000", 4169, "4828234", "141636.9800700", "0"], [1760954400000, "0.0292800", "0.0295300", "0.0289100", "0.0290600", "17582628", 1760957999999, "514179.0168800", 5784, "9960813", "291294.9052100", "0"], [1760958000000, "0.0290600", "0.0291400", "0.0287900", "0.0290700", "11921015", 1760961599999, "345436.6954100", 3826, "6343035", "183827.5550000", "0"], [1760961600000, "0.0290700", "0.0294000", "0.0289700", "0.0293200", "13357293", 1760965199999, "390109.6174400", 4193, "6909233", "201828.6205200", "0"], [1760965200000, "0.0293300", "0.0299600", "0.0293300", "0.0296800", "35787866", 1760968799999, "1060341.5200300", 9672, "18211007", "539666.5048800", "0"], [1760968800000, "0.0297000", "0.0297200", "0.0293200", "0.0295300", "21007377", 1760972399999, "619925.9748500", 5420, "10144024", "299388.6042100", "0"], [1760972400000, "0.0295300", "0.0295900", "0.0288600", "0.0288600", "17943879", 1760975999999, "524064.7197800", 5841, "7244407", "211754.0073800", "0"], [1760976000000, "0.0288700", "0.0289800", "0.0281000", "0.0283300", "42797828", 1760979599999, "1221810.6962100", 10240, "18442697", "527105.0297400", "0"], [1760979600000, "0.0283400", "0.0286200", "0.0281800", "0.0284500", "12168008", 1760983199999, "344987.6677700", 4232, "6907603", "195918.1351700", "0"], [1760983200000, "0.0284600", "0.0285800", "0.0282100", "0.0285000", "19012451", 1760986799999, "539971.2158100", 4055, "8213859", "233630.1593700", "0"], [1760986800000, "0.0285000", "0.0286400", "0.0282000", "0.0285200", "12078488", 1760990399999, "342620.3622600", 3857, "7437133", "210932.3207800", "0"], [1760990400000, "0.0285200", "0.0285200", "0.0282000", "0.0283800", "14667145", 1760993999999, "415647.4418100", 5138, "9158124", "259509.2241600", "0"], [1760994000000, "0.0283700", "0.0286200", "0.0282800", "0.0285900", "8453241", 1760997599999, "240388.9772500", 3789, "5198088", "147791.6749800", "0"], [1760997600000, "0.0285900", "0.0290600", "0.0285200", "0.0289200", "11499947", 1761001199999, "331639.7642400", 5232, "6572647", "189488.6140500", "0"], [1761001200000, "0.0289200", "0.0291000", "0.0287800", "0.0288500", "9607905", 1761004799999, "277823.5611400", 4692, "5361606", "155067.5648500", "0"], [1761004800000, "0.0288500", "0.0288500", "0.0285000", "0.0285900", "12380776", 1761008399999, "354528.0861700", 4908, "5829308", "166904.1361400", "0"], [1761008400000, "0.0285800", "0.0286300", "0.0281700", "0.0282900", "12877988", 1761011999999, "365472.7884500", 5104, "6850450", "194429.9402400", "0"], [1761012000000, "0.0282900", "0.0284200", "0.0280800", "0.0281600", "10780809", 1761015599999, "304211.1186400", 4379, "5161651", "145672.9535900", "0"], [1761015600000, "0.0281500", "0.0282800", "0.0280000", "0.0281600", "9283318", 1761019199999, "261490.2343500", 3846, "5206097", "146681.7454600", "0"], [1761019200000, "0.0281600", "0.0281800", "0.0272800", "0.0273900", "27528960", 1761022799999, "762675.2707200", 7419, "11154060", "309256.9576300", "0"], [1761022800000, "0.0274000", "0.0279700", "0.0273600", "0.0276300", "11177339", 1761026399999, "309231.2933400", 4404, "6072823", "168008.3839000", "0"], [1761026400000, "0.0276200", "0.0277800", "0.0274800", "0.0276400", "9169843", 1761029999999, "253364.2335900", 3407, "4950339", "136809.8625600", "0"], [1761030000000, "0.0276300", "0.0276600", "0.0274700", "0.0276100", "5383829", 1761033599999, "148384.6900900", 2460, "3078297", "84852.4831500", "0"], [1761033600000, "0.0276000", "0.0276100", "0.0271900", "0.0274700", "11251908", 1761037199999, "308776.0951700", 4008, "5144754", "141229.7076200", "0"], [1761037200000, "0.0274700", "0.0276200", "0.0273900", "0.0275200", "10181825", 1761040799999, "280129.5140900", 3370, "5518858", "151854.7384000", "0"], [1761040800000, "0.0275300", "0.0309500", "0.0275200", "0.0294300", "135344321", 1761044399999, "4005222.6682600", 29343, "66322161", "1962039.5336900", "0"], [1761044400000, "0.0294500", "0.0307200", "0.0286500", "0.0307000", "84279954", 1761047999999, "2480554.7624300", 24389, "43429711", "1279077.4642600", "0"], [1761048000000, "0.0307100", "0.0319400", "0.0301600", "0.0313300", "156714321", 1761051599999, "4877502.5702500", 38659, "81557029", "2540650.2647700", "0"], [1761051600000, "0.0313300", "0.0316100", "0.0293700", "0.0297700", "108843300", 1761055199999, "3284501.3408500", 23173, "48948702", "1474634.4160500", "0"], [1761055200000, "0.0297600", "0.0323800", "0.0297500", "0.0323100", "85661494", 1761058799999, "2649103.5861000", 17854, "43734161", "1352690.2200700", "0"], [1761058800000, "0.0323300", "0.0329200", "0.0316200", "0.0320000", "108093199", 1761062399999, "3489361.9871100", 24879, "46510615", "1502757.0524000", "0"], [1761062400000, "0.0319900", "0.0330400", "0.0319700", "0.0323200", "51788261", 1761065999999, "1684429.4840900", 14227, "26881795", "874602.2720500", "0"], [1761066000000, "0.0323300", "0.0334700", "0.0322800", "0.0326600", "66663896", 1761069599999, "2188625.1185200", 18894, "35756990", "1174570.5632100", "0"], [1761069600000, "0.0326600", "0.0331800", "0.0321400", "0.0323600", "34313294", 1761073199999, "1116746.8296900", 12429, "15493134", "504624.4957700", "0"], [1761073200000, "0.0323600", "0.0326600", "0.0319300", "0.0319800", "22183885", 1761076799999, "715782.3244200", 8670, "10335401", "333586.3506200", "0"], [1761076800000, "0.0319600", "0.0324200", "0.0314700", "0.0316200", "35181552", 1761080399999, "1124359.5637600", 10058, "15669979", "501901.0274100", "0"], [1761080400000, "0.0316300", "0.0319300", "0.0312500", "0.0314800", "29074010", 1761083999999, "917942.9485600", 8377, "12271764", "387621.0233100", "0"], [1761084000000, "0.0315000", "0.0315000", "0.0306300", "0.0307800", "30965095", 1761087599999, "960819.3382000", 8519, "13389189", "415192.5880100", "0"], [1761087600000, "0.0307800", "0.0308300", "0.0306300", "0.0306700", "4146905", 1761091199999, "127394.5694500", 1724, "1932858", "59383.6593200", "0"]]}