{"_ts": 1761088474.8995574, "data": [[1760918400000, "7.197000", "7.676000", "7.020000", "7.572000", "1652411.67", 1760921999999, "12269562.40719000", 136157, "814993.01", "6053259.25328000", "0"], [1760922000000, "7.572000", "8.598000", "7.526000", "8.521000", "4228560.49", 1760925599999, "34717013.34664000", 349051, "2187496.95", "17956381.56881000", "0"], [1760925600000, "8.519000", "8.676000", "8.231000", "8.552000", "2671928.70", 1760929199999, "22629443.99790000", 237998, "1345277.24", "11399696.58757000", "0"], [1760929200000, "8.554000", "8.991000", "8.034000", "8.574000", "3899266.05", 1760932799999, "33534020.86193000", 299192, "1932689.09", "16651877.85480000", "0"], [1760932800000, "8.573000", "8.767000", "8.372000", "8.543000", "2037760.17", 1760936399999, "17399170.03787000", 154497, "988188.74", "8442779.75307000", "0"], [1760936400000, "8.543000", "8.669000", "8.371000", "8.506000", "1315563.69", 1760939999999, "11197218.83164000", 103218, "667899.26", "5686488.23886000", "0"], [1760940000000, "8.507000", "8.590000", "8.187000", "8.409000", "1687685.19", 1760943599999, "14119946.86561000", 129279, "823554.74", "6892750.21083000", "0"], [1760943600000, "8.409000", "9.564000", "8.409000", "9.354000", "5164753.50", 1760947199999, "46858663.46965000", 372397, "2653094.70", "24069683.58592000", "0"], [1760947200000, "9.354000", "9.799000", "9.100000", "9.354000", "5281333.93", 1760950799999, "49787036.44938000", 408379, "2635130.09", "24861216.15905000", "0"], [1760950800000, "9.355000", "9.980000", "9.180000", "9.843000", "5553332.49", 1760954399999, "53172723.79145000", 398856, "2833244.69", "27146223.39363000", "0"], [1760954400000, "9.842000", "10.430000", "9.538000", "9.879000", "6573040.05", 1760957999999, "65683912.29154000", 471257, "3325521.27", "33251360.59853000", "0"], [1760958000000, "9.877000", "10.933000", "9.877000", "10.600000", "5983317.19", 1760961599999, "62456585.51981000", 426981, "3120493.69", "32568593.63990000", "0"], [1760961600000, "10.601000", "10.710000", "9.734000", "9.758000", "4414204.99", 1760965199999, "45285762.14967000", 319302, "2102699.95", "21592219.61920000", "0"], [1760965200000, "9.759000", "9.997000", "9.432000", "9.773000", "3827455.28", 1760968799999, "37272729.49323000", 250200, "1968180.32", "19180894.60222000", "0"], [1760968800000, "9.773000", "9.870000", "9.486000", "9.650000", "2617797.48", 1760972399999, "25325276.33900000", 166438, "1308192.10", "12661910.87679000", "0"], [1760972400000, "9.651000", "10.256000", "9.425000", "10.106000", "4125178.09", 1760975999999, "40755369.53217000", 235134, "2206565.27", "21811978.67234000", "0"], [1760976000000, "10.106000", "10.594000", "9.519000", "10.192000", "4531446.60", 1760979599999, "45337874.56527000", 286684, "2225889.59", "22288279.13563000", "0"], [1760979600000, "10.191000", "10.599000", "10.137000", "10.288000", "2458161.35", 1760983199999, "25359765.07301000", 183755, "1232200.17", "12715481.51701000", "0"], [1760983200000, "10.289000", "10.718000", "10.224000", "10.337000", "2405764.08", 1760986799999, "25171686.99851000", 177442, "1201252.99", "12573110.68963000", "0"], [1760986800000, "10.336000", "10.404000", "9.853000", "10.072000", "2193220.15", 1760990399999, "22286978.37929000", 157802, "1104141.82", "11224549.40823000", "0"], [1760990400000, "10.072000", "10.270000", "9.718000", "9.867000", "1971574.31", 1760993999999, "19656510.83283000", 142441, "1006741.76", "10042964.58176000", "0"], [1760994000000, "9.867000", "10.038000", "9.700000", "9.862000", "1119908.77", 1760997599999, "11044017.34607000", 82378, "568033.33", "5603915.27025000", "0"], [1760997600000, "9.861000", "10.088000", "9.750000", "9.825000", "1129238.58", 1761001199999, "11214273.03401000", 94441, "586881.93", "5830722.86900000", "0"], [1761001200000, "9.824000", "9.875000", "9.579000", "9.751000", "1449783.73", 1761004799999, "14110052.54553000", 114488, "733852.89", "7143284.66920000", "0"], [1761004800000, "9.752000", "9.971000", "9.225000", "9.306000", "2979106.48", 1761008399999, "28304287.41310000", 210914, "1494201.03", "14204569.65855000", "0"], [1761008400000, "9.306000", "9.306000", "8.774000", "8.786000", "2275418.11", 1761011999999, "20395759.50034000", 164859, "1117476.39", "10012704.54477000", "0"], [1761012000000, "8.784000", "8.964000", "8.589000", "8.745000", "1723084.55", 1761015599999, "15090022.81387000", 114940, "876996.37", "7686324.46517000", "0"], [1761015600000, "8.745000", "8.802000", "8.463000", "8.547000", "1297229.18", 1761019199999, "11200270.33050000", 87073, "666243.71", "5755916.14178000", "0"], [1761019200000, "8.548000", "8.716000", "8.482000", "8.505000", "1028586.47", 1761022799999, "8825683.90751000", 73579, "534381.01", "4587984.49405000", "0"], [1761022800000, "8.507000", "8.519000", "8.114000", "8.327000", "1475394.70", 1761026399999, "12209599.68558000", 103793, "760907.84", "6295080.01280000", "0"], [1761026400000, "8.327000", "8.372000", "7.911000", "8.001000", "1394250.49", 1761029999999, "11287665.20210000", 90332, "694666.03", "5627062.33361000", "0"], [1761030000000, "8.001000", "8.018000", "7.788000", "7.988000", "1126975.53", 1761033599999, "8922821.40915000", 76372, "599996.79", "4753119.08581000", "0"], [1761033600000, "7.989000", "8.250000", "7.824000", "8.057000", "1641514.79", 1761037199999, "13219445.34442000", 91637, "899551.78", "7246646.22152000", "0"], [1761037200000, "8.058000", "8.292000", "7.915000", "8.057000", "932289.49", 1761040799999, "7549330.12021000", 72066, "508469.63", "4120666.57518000", "0"], [1761040800000, "8.056000", "8.187000", "7.973000", "8.118000", "656751.06", 1761044399999, "5313905.74175000", 59385, "351087.39", "2841006.01425000", "0"], [1761044400000, "8.118000", "8.337000", "8.052000", "8.187000", "858600.72", 1761047999999, "7050354.27352000", 80117, "471696.78", "3875568.03376000", "0"], [1761048000000, "8.188000", "8.195000", "7.757000", "7.773000", "1293404.64", 1761051599999, "10286801.90804000", 89831, "567134.70", "4511870.76710000", "0"], [1761051600000, "7.773000", "7.964000", "7.750000", "7.775000", "858078.95", 1761055199999, "6738138.56713000", 62767, "420854.08", "3305990.69534000", "0"], [1761055200000, "7.775000", "8.185000", "7.754000", "8.133000", "1190628.32", 1761058799999, "9484636.80204000", 83930, "585970.20", "4671869.62897000", "0"], [1761058800000, "8.133000", "8.492000", "8.077000", "8.410000", "1322840.00", 1761062399999, "10946281.13175000", 91381, "682774.40", "5653343.42330000", "0"], [1761062400000, "8.410000", "8.540000", "8.275000", "8.353000", "1075713.44", 1761065999999, "9040670.57166000", 88817, "506876.61", "4261819.18993000", "0"], [1761066000000, "8.353000", "8.469000", "8.295000", "8.358000", "553920.56", 1761069599999, "4640956.13477000", 55380, "269190.07", "2256474.43593000", "0"], [1761069600000, "8.358000", "8.359000", "8.164000", "8.254000", "482589.34", 1761073199999, "3982685.21433000", 42403, "227433.77", "1877137.98003000", "0"], [1761073200000, "8.255000", "8.311000", "8.123000", "8.160000", "375403.88", 1761076799999, "3083654.07493000", 30204, "167222.73", "1373411.01672000", "0"], [1761076800000, "8.161000", "8.161000", "8.003000", "8.022000", "356324.87", 1761080399999, "2876494.52568000", 30103, "166018.05", "1340427.12906000", "0"], [1761080400000, "8.023000", "8.061000", "7.878000", "7.894000", "377675.53", 1761083999999, "3000854.44426000", 28902, "178944.53", "1422705.88780000", "0"], [1761084000000, "7.894000", "7.917000", "7.665000", "7.712000", "831960.43", 1761087599999, "6476592.90122000", 56397, "403636.46", "3145141.39720000", "0"], [1761087600000, "7.712000", "7.751000", "7.659000", "7.733000", "123909.08", 1761091199999, "954872.14189000", 11419, "69146.08", "533063.36511000", "0"]]}