{"_ts": 1761088510.9319952, "data": [[1760918400000, "0.0263500", "0.0266800", "0.0257100", "0.0259500", "228939274", 1760921999999, "5973442.3174370", 51185, "102437450", "2674875.3994090", "0"], [1760922000000, "0.0259500", "0.0263500", "0.0250000", "0.0262800", "240312235", 1760925599999, "6168398.2027280", 53827, "115728776", "2974641.0683610", "0"], [1760925600000, "0.0262900", "0.0273500", "0.0256500", "0.0267300", "248019486", 1760929199999, "6539688.6864180", 54196, "125595183", "3313184.3947230", "0"], [1760929200000, "0.0267200", "0.0270300", "0.0252800", "0.0266300", "282766419", 1760932799999, "7358656.4828230", 59507, "133295752", "3465738.8585170", "0"], [1760932800000, "0.0266400", "0.0278700", "0.0266300", "0.0269600", "324125182", 1760936399999, "8849234.6954150", 78697, "146227226", "3995748.2158720", "0"], [1760936400000, "0.0269500", "0.0272500", "0.0261600", "0.0264700", "223567726", 1760939999999, "5970119.8189070", 60871, "111830633", "2988673.2568770", "0"], [1760940000000, "0.0264800", "0.0265600", "0.0250800", "0.0258000", "313283672", 1760943599999, "8061971.8889590", 70730, "151371027", "3899981.7537150", "0"], [1760943600000, "0.0258000", "0.0260000", "0.0250500", "0.0255700", "204184952", 1760947199999, "5217742.2594340", 52131, "97840286", "2501988.6534180", "0"], [1760947200000, "0.0255700", "0.0256800", "0.0241100", "0.0244900", "445171227", 1760950799999, "11054309.3241560", 91193, "192530763", "4786791.5435960", "0"], [1760950800000, "0.0244900", "0.0254900", "0.0242500", "0.0251000", "242708574", 1760954399999, "6070023.4848890", 52097, "121498002", "3040547.5423990", "0"], [1760954400000, "0.0251000", "0.0252900", "0.0238200", "0.0241100", "270477089", 1760957999999, "6676949.2400640", 54424, "119333450", "2953062.5992690", "0"], [1760958000000, "0.0241300", "0.0242300", "0.0205700", "0.0210600", "998128971", 1760961599999, "22296062.8135690", 173087, "429882773", "9611828.3203050", "0"], [1760961600000, "0.0210600", "0.0215200", "0.0194300", "0.0200300", "763811394", 1760965199999, "15817181.5147060", 126522, "359428918", "7461252.7812170", "0"], [1760965200000, "0.0200300", "0.0205000", "0.0183400", "0.0186400", "806909118", 1760968799999, "15866270.9194370", 122525, "382646768", "7547826.3178700", "0"], [1760968800000, "0.0186200", "0.0189200", "0.0173000", "0.0177300", "1105850393", 1760972399999, "19948000.1282720", 149280, "549281232", "9918466.8917010", "0"], [1760972400000, "0.0177400", "0.0178700", "0.0154600", "0.0157500", "1512822433", 1760975999999, "24828396.3359190", 178498, "711746732", "11691354.2592710", "0"], [1760976000000, "0.0157500", "0.0167800", "0.0150700", "0.0165100", "1135274161", 1760979599999, "18204393.9563510", 121702, "594869055", "9555249.3587410", "0"], [1760979600000, "0.0165000", "0.0167200", "0.0155700", "0.0157100", "761471168", 1760983199999, "12297388.2092890", 82140, "369306708", "5974562.7922670", "0"], [1760983200000, "0.0157100", "0.0161000", "0.0141600", "0.0146100", "1085463996", 1760986799999, "16185924.2554310", 111818, "500267811", "7473455.1999390", "0"], [1760986800000, "0.0146100", "0.0177000", "0.0143100", "0.0176700", "1201980466", 1760990399999, "19255626.3471210", 135018, "641783408", "10294460.2946570", "0"], [1760990400000, "0.0176800", "0.0189400", "0.0165970", "0.0171100", "1306399010", 1760993999999, "23131007.2453750", 175517, "636296962", "11298254.6487480", "0"], [1760994000000, "0.0171000", "0.0174100", "0.0162800", "0.0168500", "442478883", 1760997599999, "7464898.9134910", 54583, "222729355", "3764313.0403460", "0"], [1760997600000, "0.0168490", "0.0171400", "0.0161600", "0.0165400", "351354235", 1761001199999, "5855684.9723810", 40341, "169951192", "2837012.1060380", "0"], [1761001200000, "0.0165500", "0.0168700", "0.0155500", "0.0160300", "477640315", 1761004799999, "7721802.7336750", 52634, "226669025", "3672426.5259720", "0"], [1761004800000, "0.0160300", "0.0166600", "0.0156200", "0.0159600", "341731214", 1761008399999, "5519726.9040370", 48107, "167914126", "2715677.7977540", "0"], [1761008400000, "0.0159600", "0.0162900", "0.0152200", "0.0160800", "342341584", 1761011999999, "5430743.5388780", 44889, "162566181", "2579731.4343450", "0"], [1761012000000, "0.0160800", "0.0164200", "0.0156800", "0.0161700", "281834806", 1761015599999, "4541326.6814230", 37212, "136997192", "2207877.5779500", "0"], [1761015600000, "0.0161600", "0.0162800", "0.0155600", "0.0160500", "297268334", 1761019199999, "4730808.5589230", 38962, "147441870", "2345566.6407360", "0"], [1761019200000, "0.0160600", "0.0162500", "0.0146600", "0.0151500", "534007533", 1761022799999, "8254952.5300190", 55660, "254372836", "3935251.9185810", "0"], [1761022800000, "0.0151400", "0.0152160", "0.0142500", "0.0146000", "454379177", 1761026399999, "6690943.8244200", 58148, "207787239", "3064516.0127560", "0"], [1761026400000, "0.0145900", "0.0158900", "0.0142000", "0.0151400", "603464931", 1761029999999, "9157195.0042870", 70948, "299508897", "4549402.1153200", "0"], [1761030000000, "0.0151500", "0.0154500", "0.0150200", "0.0153100", "284434164", 1761033599999, "4333306.5520470", 37820, "150869830", "2299405.7031890", "0"], [1761033600000, "0.0153000", "0.0155400", "0.0144500", "0.0152100", "465274232", 1761037199999, "7045327.0930920", 52586, "231777832", "3518139.9235100", "0"], [1761037200000, "0.0152100", "0.0155000", "0.0150500", "0.0153200", "313947064", 1761040799999, "4794878.2048200", 34684, "178261697", "2724167.3089070", "0"], [1761040800000, "0.0153200", "0.0164400", "0.0150000", "0.0152300", "546455601", 1761044399999, "8519795.6395760", 63796, "283051338", "4421148.7462670", "0"], [1761044400000, "0.0152300", "0.0154800", "0.0150500", "0.0154600", "193644345", 1761047999999, "2956450.6971260", 29160, "99894542", "1525596.5402980", "0"], [1761048000000, "0.0154500", "0.0163100", "0.0153100", "0.0155100", "452057619", 1761051599999, "7118255.8710360", 59771, "218431689", "3441370.2361580", "0"], [1761051600000, "0.0155200", "0.0161400", "0.0155100", "0.0157500", "315068511", 1761055199999, "5006550.8533140", 41660, "149756026", "2379735.3558950", "0"], [1761055200000, "0.0157400", "0.0166300", "0.0152500", "0.0155700", "477256051", 1761058799999, "7561133.3878400", 55290, "233071976", "3695117.6306240", "0"], [1761058800000, "0.0155700", "0.0160700", "0.0154500", "0.0159300", "281911813", 1761062399999, "4459324.0303310", 37063, "126244432", "1996795.4123840", "0"], [1761062400000, "0.0159300", "0.0164600", "0.0153200", "0.0154000", "398217611", 1761065999999, "6311872.1246300", 41992, "195277230", "3094987.3864200", "0"], [1761066000000, "0.0154200", "0.0156100", "0.0150000", "0.0151700", "273233310", 1761069599999, "4188195.4474820", 31617, "125622913", "1928633.0779680", "0"], [1761069600000, "0.0151600", "0.0164200", "0.0150400", "0.0163000", "217682457", 1761073199999, "3410442.2778100", 30673, "102237154", "1604674.1079360", "0"], [1761073200000, "0.0163100", "0.0177200", "0.0153000", "0.0153900", "701682657", 1761076799999, "11635876.9638730", 94355, "326079637", "5433468.3406170", "0"], [1761076800000, "0.0153900", "0.0155000", "0.0117200", "0.0129400", "1619323197", 1761080399999, "21058413.4208540", 145666, "751575426", "9710620.7402880", "0"], [1761080400000, "0.0129500", "0.0130600", "0.0120100", "0.0122500", "537871087", 1761083999999, "6692018.8881430", 59360, "242565422", "3020447.3002660", "0"], [1761084000000, "0.0122700", "0.0122900", "0.0109700", "0.0111400", "832914463", 1761087599999, "9590401.7259250", 75194, "357813210", "4128602.3708530", "0"], [1761087600000, "0.0111200", "0.0112100", "0.0108000", "0.0110900", "211065341", 1761091199999, "2330981.8689850", 18952, "95354276", "1054398.2490650", "0"]]}