{"_ts": 1761088644.9787047, "data": [[1760918400000, "0.1956", "0.1956", "0.1911", "0.1944", "4447736.9", 1760921999999, "859703.86564", 9550, "2140484.8", "413775.75954", "0"], [1760922000000, "0.1943", "0.1960", "0.1905", "0.1909", "3453431.4", 1760925599999, "666260.97844", 6385, "1388466.0", "267861.32217", "0"], [1760925600000, "0.1909", "0.1923", "0.1889", "0.1919", "4143322.0", 1760929199999, "788960.37214", 7485, "2016786.9", "384211.88023", "0"], [1760929200000, "0.1918", "0.1993", "0.1915", "0.1982", "7770968.2", 1760932799999, "1522809.30029", 10635, "4343533.3", "850489.06009", "0"], [1760932800000, "0.1982", "0.2042", "0.1965", "0.1986", "9263259.0", 1760936399999, "1854922.97148", 13185, "3632449.0", "727595.87956", "0"], [1760936400000, "0.1985", "0.2009", "0.1978", "0.1993", "3376689.6", 1760939999999, "674095.82778", 7266, "1538960.1", "307167.72926", "0"], [1760940000000, "0.1993", "0.2058", "0.1988", "0.2000", "5667735.1", 1760943599999, "1144252.27230", 9535, "2474143.9", "499478.14792", "0"], [1760943600000, "0.1999", "0.2000", "0.1976", "0.1990", "3444490.4", 1760947199999, "684844.67044", 6521, "1693041.7", "336668.54749", "0"], [1760947200000, "0.1990", "0.2010", "0.1978", "0.1982", "3297541.4", 1760950799999, "657664.57812", 6326, "1611997.6", "321551.68755", "0"], [1760950800000, "0.1982", "0.1986", "0.1954", "0.1959", "2880574.3", 1760954399999, "567056.43928", 5411, "1494701.4", "294225.23260", "0"], [1760954400000, "0.1959", "0.1962", "0.1933", "0.1937", "4242614.2", 1760957999999, "827414.33314", 6525, "1945215.6", "379580.40598", "0"], [1760958000000, "0.1937", "0.1939", "0.1919", "0.1924", "3307173.8", 1760961599999, "637872.73240", 5689, "1393582.1", "268936.34652", "0"], [1760961600000, "0.1924", "0.1940", "0.1916", "0.1936", "2892723.5", 1760965199999, "557306.37066", 6014, "1544790.2", "297655.07565", "0"], [1760965200000, "0.1937", "0.1960", "0.1924", "0.1952", "2715754.3", 1760968799999, "528184.61368", 6248, "1528503.8", "297351.18144", "0"], [1760968800000, "0.1953", "0.1955", "0.1923", "0.1933", "2082938.2", 1760972399999, "403446.96751", 4919, "887488.7", "171837.97229", "0"], [1760972400000, "0.1934", "0.1958", "0.1920", "0.1920", "2851892.7", 1760975999999, "554102.31884", 6441, "1422689.1", "276584.24390", "0"], [1760976000000, "0.1919", "0.1925", "0.1884", "0.1904", "5366421.2", 1760979599999, "1021356.35930", 9843, "2347494.2", "446676.91842", "0"], [1760979600000, "0.1904", "0.1916", "0.1893", "0.1910", "2593776.4", 1760983199999, "493524.96946", 5852, "1284893.6", "244457.11783", "0"], [1760983200000, "0.1910", "0.1925", "0.1893", "0.1905", "2147633.0", 1760986799999, "409438.02190", 4848, "1135819.8", "216557.93365", "0"], [1760986800000, "0.1905", "0.1966", "0.1893", "0.1938", "5867663.8", 1760990399999, "1137792.98293", 7991, "3255186.7", "630989.93474", "0"], [1760990400000, "0.1938", "0.1938", "0.1907", "0.1909", "3209609.1", 1760993999999, "617907.91274", 5987, "1717540.3", "330731.45481", "0"], [1760994000000, "0.1908", "0.1916", "0.1895", "0.1897", "2273385.5", 1760997599999, "433484.27930", 4940, "1202905.7", "229400.81023", "0"], [1760997600000, "0.1897", "0.1904", "0.1888", "0.1895", "1962622.0", 1761001199999, "371733.00887", 3500, "857728.2", "162467.39248", "0"], [1761001200000, "0.1894", "0.1895", "0.1874", "0.1878", "1451982.3", 1761004799999, "273845.57380", 2855, "651066.6", "122865.73956", "0"], [1761004800000, "0.1878", "0.1888", "0.1872", "0.1872", "1665957.4", 1761008399999, "313433.31996", 3730, "817363.1", "153801.59025", "0"], [1761008400000, "0.1872", "0.1874", "0.1823", "0.1836", "4036682.1", 1761011999999, "746178.62192", 6278, "1429584.7", "264593.25115", "0"], [1761012000000, "0.1837", "0.1844", "0.1822", "0.1837", "5904605.9", 1761015599999, "1083321.41113", 8763, "2954304.9", "542243.29697", "0"], [1761015600000, "0.1837", "0.1849", "0.1831", "0.1838", "3319399.8", 1761019199999, "610468.05286", 5820, "1627146.5", "299288.73014", "0"], [1761019200000, "0.1838", "0.1855", "0.1815", "0.1817", "6076021.1", 1761022799999, "1114613.58630", 9548, "3116272.8", "571711.90549", "0"], [1761022800000, "0.1818", "0.1830", "0.1785", "0.1787", "4875500.6", 1761026399999, "880087.28010", 6756, "1907251.6", "344840.29347", "0"], [1761026400000, "0.1787", "0.1798", "0.1769", "0.1771", "4218578.2", 1761029999999, "752008.37166", 5414, "1425732.1", "254453.25079", "0"], [1761030000000, "0.1770", "0.1786", "0.1761", "0.1780", "2619203.4", 1761033599999, "464660.62187", 4552, "1369347.3", "243000.13804", "0"], [1761033600000, "0.1780", "0.1780", "0.1751", "0.1767", "2448701.4", 1761037199999, "432364.03444", 4830, "1065624.2", "188164.32957", "0"], [1761037200000, "0.1767", "0.1767", "0.1730", "0.1737", "5236526.6", 1761040799999, "915158.52104", 5801, "2289479.4", "400007.97753", "0"], [1761040800000, "0.1737", "0.1764", "0.1729", "0.1753", "6366947.2", 1761044399999, "1110697.56480", 8673, "3361210.5", "586474.78776", "0"], [1761044400000, "0.1752", "0.1784", "0.1738", "0.1775", "5541963.6", 1761047999999, "976199.14267", 6514, "3349099.8", "590616.27664", "0"], [1761048000000, "0.1775", "0.1812", "0.1772", "0.1783", "9884375.4", 1761051599999, "1774309.17642", 10305, "4856330.0", "871350.54010", "0"], [1761051600000, "0.1784", "0.1799", "0.1774", "0.1784", "3959835.8", 1761055199999, "707685.24415", 6125, "1579390.2", "282320.49433", "0"], [1761055200000, "0.1784", "0.1846", "0.1781", "0.1846", "6256535.7", 1761058799999, "1136283.29283", 8306, "2535199.9", "460446.21134", "0"], [1761058800000, "0.1845", "0.1867", "0.1836", "0.1863", "4950575.5", 1761062399999, "916808.56031", 7474, "2235949.4", "414151.69636", "0"], [1761062400000, "0.1863", "0.1878", "0.1840", "0.1845", "6159287.4", 1761065999999, "1146988.03100", 7827, "2681396.1", "499598.14036", "0"], [1761066000000, "0.1846", "0.1870", "0.1829", "0.1854", "5781588.5", 1761069599999, "1070904.78182", 8395, "2747793.5", "509185.18429", "0"], [1761069600000, "0.1854", "0.1862", "0.1841", "0.1861", "2476196.1", 1761073199999, "458583.43724", 4686, "1185278.6", "219588.54695", "0"], [1761073200000, "0.1861", "0.1862", "0.1831", "0.1832", "2469156.6", 1761076799999, "455293.73105", 4526, "989566.8", "182580.40711", "0"], [1761076800000, "0.1833", "0.1835", "0.1810", "0.1820", "2266681.4", 1761080399999, "413140.82659", 4621, "1220149.1", "222392.42834", "0"], [1761080400000, "0.1819", "0.1824", "0.1787", "0.1817", "2538665.5", 1761083999999, "458184.64271", 4576, "1312735.2", "236978.37016", "0"], [1761084000000, "0.1818", "0.1819", "0.1775", "0.1776", "3716283.1", 1761087599999, "666121.26856", 5566, "1768068.6", "317050.64326", "0"], [1761087600000, "0.1777", "0.1781", "0.1771", "0.1773", "743001.6", 1761091199999, "131939.33439", 1344, "403414.5", "71634.89030", "0"]]}