{"_ts": 1761081242.6910195, "data": [[1760911200000, "472.90", "475.91", "472.90", "474.88", "4923.024", 1760914799999, "2336728.23572", 15944, "2413.132", "1145445.58315", "0"], [1760914800000, "474.89", "474.90", "471.73", "472.21", "4701.201", 1760918399999, "2224604.88021", 12036, "2012.263", "952319.82536", "0"], [1760918400000, "472.21", "472.21", "466.67", "470.80", "11814.968", 1760921999999, "5546826.62619", 30170, "5917.491", "2778045.76806", "0"], [1760922000000, "470.80", "472.07", "469.04", "469.24", "5168.436", 1760925599999, "2431937.14518", 19285, "2235.184", "1051819.22708", "0"], [1760925600000, "469.25", "473.61", "467.38", "471.60", "7541.097", 1760929199999, "3550606.81611", 22148, "3653.746", "1720305.73811", "0"], [1760929200000, "471.61", "478.47", "470.11", "477.25", "10624.095", 1760932799999, "5033648.18526", 24588, "5216.148", "2472051.30218", "0"], [1760932800000, "477.24", "479.22", "477.06", "478.41", "11384.947", 1760936399999, "5440646.18643", 25786, "6314.870", "3017644.19172", "0"], [1760936400000, "478.41", "480.28", "476.58", "479.82", "8533.732", 1760939999999, "4082841.65101", 20120, "5032.301", "2407963.44605", "0"], [1760940000000, "479.82", "484.69", "479.10", "484.05", "25427.789", 1760943599999, "12267668.79230", 39501, "9628.139", "4647056.13717", "0"], [1760943600000, "484.06", "484.06", "479.70", "480.57", "9271.223", 1760947199999, "4467608.48796", 21170, "3794.062", "1828204.57619", "0"], [1760947200000, "480.58", "483.20", "479.67", "480.21", "5743.827", 1760950799999, "2762002.32527", 17339, "2816.880", "1354717.38262", "0"], [1760950800000, "480.20", "481.34", "479.00", "481.21", "7588.961", 1760954399999, "3644087.88779", 20434, "3774.294", "1812564.49793", "0"], [1760954400000, "481.21", "483.43", "480.38", "481.07", "7156.780", 1760957999999, "3449894.17286", 21650, "3759.761", "1812425.66456", "0"], [1760958000000, "481.07", "481.78", "479.82", "481.20", "5257.025", 1760961599999, "2527702.73959", 15386, "2656.069", "1277099.22290", "0"], [1760961600000, "481.17", "483.25", "480.62", "481.09", "5853.739", 1760965199999, "2819780.90405", 16334, "3074.915", "1481177.83998", "0"], [1760965200000, "481.10", "483.36", "479.50", "482.80", "9007.791", 1760968799999, "4337705.13222", 22015, "5117.889", "2464935.31662", "0"], [1760968800000, "482.80", "484.07", "479.69", "483.39", "8169.129", 1760972399999, "3941735.46050", 21847, "3869.377", "1867058.33589", "0"], [1760972400000, "483.39", "485.68", "479.33", "479.51", "8162.219", 1760975999999, "3939942.01514", 23699, "3440.151", "1660973.94218", "0"], [1760976000000, "479.49", "480.97", "474.02", "479.25", "26737.844", 1760979599999, "12775761.58137", 46366, "12184.772", "5821706.45148", "0"], [1760979600000, "479.24", "481.51", "477.09", "480.85", "10559.714", 1760983199999, "5064783.16092", 24365, "5488.273", "2633504.44408", "0"], [1760983200000, "480.85", "483.06", "480.41", "482.48", "7567.816", 1760986799999, "3646843.28373", 18424, "4189.686", "2018829.12377", "0"], [1760986800000, "482.47", "486.02", "480.87", "484.59", "6328.653", 1760990399999, "3058033.19380", 17527, "3033.337", "1466534.47862", "0"], [1760990400000, "484.59", "484.66", "482.19", "483.43", "5178.058", 1760993999999, "2502647.27070", 16633, "2393.203", "1156652.92378", "0"], [1760994000000, "483.44", "484.36", "480.03", "480.94", "4326.078", 1760997599999, "2086873.80897", 10749, "1841.023", "887826.37566", "0"], [1760997600000, "480.94", "482.03", "479.60", "481.64", "4220.026", 1761001199999, "2029212.60761", 9924, "2084.788", "1002510.90996", "0"], [1761001200000, "481.64", "481.64", "478.47", "478.47", "4344.535", 1761004799999, "2084926.91081", 11310, "1487.224", "713534.49058", "0"], [1761004800000, "478.47", "479.79", "477.09", "478.85", "6614.845", 1761008399999, "3164624.90556", 16404, "3444.262", "1647738.10547", "0"], [1761008400000, "478.86", "479.16", "475.71", "476.80", "5529.883", 1761011999999, "2640796.25712", 16248, "2584.674", "1234105.33134", "0"], [1761012000000, "476.80", "477.26", "474.72", "474.93", "7033.612", 1761015599999, "3347162.29103", 18596, "3307.846", "1574257.81679", "0"], [1761015600000, "474.93", "475.47", "472.00", "472.76", "5822.203", 1761019199999, "2759549.58617", 16262, "2383.480", "1129652.21667", "0"], [1761019200000, "472.75", "472.82", "465.61", "466.25", "24914.971", 1761022799999, "11669369.11873", 44971, "12669.491", "5932293.80373", "0"], [1761022800000, "466.26", "467.81", "465.00", "465.40", "14210.117", 1761026399999, "6629317.28645", 25618, "7529.671", "3513128.72311", "0"], [1761026400000, "465.41", "467.82", "465.20", "467.14", "7744.194", 1761029999999, "3614272.09338", 17422, "4097.533", "1912169.77527", "0"], [1761030000000, "467.12", "470.08", "466.53", "468.55", "8535.476", 1761033599999, "3995829.24365", 19339, "3854.780", "1804190.62756", "0"], [1761033600000, "468.55", "468.72", "463.58", "465.20", "14068.507", 1761037199999, "6548598.88706", 26018, "6550.551", "3048659.51500", "0"], [1761037200000, "465.19", "465.70", "464.06", "465.16", "7332.468", 1761040799999, "3409025.39148", 15468, "3010.987", "1399830.32745", "0"], [1761040800000, "465.16", "472.82", "465.13", "471.16", "32157.423", 1761044399999, "15078049.19728", 61314, "19554.508", "9165575.05713", "0"], [1761044400000, "471.14", "474.55", "470.51", "471.98", "25020.274", 1761047999999, "11823114.40410", 43845, "11183.785", "5284053.24209", "0"], [1761048000000, "471.98", "478.44", "469.42", "473.64", "29047.735", 1761051599999, "13760572.94382", 55264, "16401.734", "7768253.38892", "0"], [1761051600000, "473.63", "478.15", "471.12", "476.36", "14438.339", 1761055199999, "6856792.69341", 38812, "7590.847", "3605178.87273", "0"], [1761055200000, "476.36", "500.41", "476.28", "498.84", "63863.464", 1761058799999, "31394728.21574", 101921, "32146.197", "15798928.35500", "0"], [1761058800000, "498.83", "509.74", "497.01", "509.36", "46171.784", 1761062399999, "23249434.12906", 81205, "22976.008", "11572883.54968", "0"], [1761062400000, "509.35", "514.99", "498.72", "500.07", "38548.291", 1761065999999, "19559409.23802", 76197, "16261.512", "8251620.50902", "0"], [1761066000000, "500.08", "502.79", "495.19", "500.08", "21069.029", 1761069599999, "10531712.81194", 44489, "10039.053", "5020008.81268", "0"], [1761069600000, "500.08", "500.75", "495.83", "497.67", "8559.430", 1761073199999, "4261504.18915", 23773, "3472.310", "1728875.13334", "0"], [1761073200000, "497.66", "500.85", "494.71", "494.91", "7950.967", 1761076799999, "3957698.44462", 21750, "3775.131", "1879300.90934", "0"], [1761076800000, "494.91", "495.71", "488.72", "490.88", "14699.750", 1761080399999, "7222472.02301", 32344, "7554.928", "3711628.52871", "0"], [1761080400000, "490.87", "493.06", "490.55", "491.86", "1926.474", 1761083999999, "947510.80942", 4909, "969.878", "476921.09548", "0"]]}