{"_ts": 1761088753.7639666, "data": [[1760918400000, "0.25620", "0.25690", "0.25030", "0.25170", "3270563", 1760921999999, "828221.30680", 10843, "1601442", "405523.74380", "0"], [1760922000000, "0.25180", "0.25290", "0.24730", "0.25060", "2702279", 1760925599999, "675632.03730", 9764, "1194210", "298787.18290", "0"], [1760925600000, "0.25060", "0.25320", "0.24580", "0.25050", "2945082", 1760929199999, "734483.04210", 10372, "1331760", "332215.87200", "0"], [1760929200000, "0.25040", "0.25460", "0.24930", "0.25400", "2430858", 1760932799999, "612705.63610", 9309, "1012454", "254932.10900", "0"], [1760932800000, "0.25400", "0.25600", "0.25350", "0.25440", "2630298", 1760936399999, "670023.37060", 9162, "1133756", "288837.41950", "0"], [1760936400000, "0.25430", "0.25440", "0.24650", "0.25090", "4401046", 1760939999999, "1100750.57620", 13562, "1829119", "457579.84570", "0"], [1760940000000, "0.25100", "0.25440", "0.25060", "0.25180", "2558066", 1760943599999, "645815.36860", 9022, "1133327", "286147.06210", "0"], [1760943600000, "0.25180", "0.25180", "0.24880", "0.25050", "2465615", 1760947199999, "616869.42630", 8686, "1061576", "265659.53780", "0"], [1760947200000, "0.25050", "0.25320", "0.24890", "0.25070", "2355459", 1760950799999, "591896.42150", 8073, "1096142", "275578.92970", "0"], [1760950800000, "0.25060", "0.25900", "0.25020", "0.25250", "5112581", 1760954399999, "1304455.45500", 15040, "2457133", "627378.34210", "0"], [1760954400000, "0.25250", "0.25630", "0.25030", "0.25060", "3338359", 1760957999999, "844204.25760", 9843, "1714636", "433798.07830", "0"], [1760958000000, "0.25070", "0.25200", "0.24830", "0.24890", "2258740", 1760961599999, "564616.40750", 7388, "1135759", "283978.77720", "0"], [1760961600000, "0.24900", "0.25010", "0.24730", "0.24860", "2165460", 1760965199999, "538688.27500", 7479, "1203517", "299477.49710", "0"], [1760965200000, "0.24850", "0.25150", "0.24750", "0.24950", "2102749", 1760968799999, "524395.39770", 7192, "961524", "239848.04170", "0"], [1760968800000, "0.24960", "0.25170", "0.24870", "0.25070", "1749623", 1760972399999, "437545.30340", 5894, "837730", "209494.10370", "0"], [1760972400000, "0.25080", "0.25180", "0.24350", "0.24730", "4747743", 1760975999999, "1174558.68570", 11045, "1953734", "483871.18260", "0"], [1760976000000, "0.24720", "0.24840", "0.24180", "0.24560", "6880005", 1760979599999, "1685881.90930", 17112, "3330666", "816473.50900", "0"], [1760979600000, "0.24570", "0.24670", "0.24420", "0.24470", "2012356", 1760983199999, "493429.40490", 6516, "974427", "238968.07900", "0"], [1760983200000, "0.24480", "0.24500", "0.23890", "0.24010", "2948395", 1760986799999, "712944.59630", 8899, "1259543", "304940.39200", "0"], [1760986800000, "0.24010", "0.25360", "0.23900", "0.25190", "4843293", 1760990399999, "1193303.56720", 14449, "2535298", "624476.56560", "0"], [1760990400000, "0.25180", "0.25310", "0.24810", "0.24910", "2818249", 1760993999999, "705295.60310", 9654, "1413731", "353870.23330", "0"], [1760994000000, "0.24910", "0.25450", "0.24710", "0.25110", "1724998", 1760997599999, "431672.75170", 5924, "823497", "206295.30580", "0"], [1760997600000, "0.25100", "0.25160", "0.24740", "0.24890", "1408406", 1761001199999, "351186.11320", 6059, "824650", "205599.28000", "0"], [1761001200000, "0.24900", "0.25000", "0.24700", "0.24800", "747652", 1761004799999, "185708.08500", 3592, "341685", "84887.28070", "0"], [1761004800000, "0.24800", "0.24850", "0.24600", "0.24790", "919682", 1761008399999, "227767.55300", 3924, "384604", "95266.00710", "0"], [1761008400000, "0.24800", "0.24940", "0.24390", "0.24490", "1706202", 1761011999999, "420256.79190", 5962, "738252", "182016.99860", "0"], [1761012000000, "0.24500", "0.24560", "0.24340", "0.24410", "1155489", 1761015599999, "282373.78640", 4579, "524632", "128210.58120", "0"], [1761015600000, "0.24420", "0.24460", "0.24080", "0.24130", "1036011", 1761019199999, "251223.92790", 4257, "469984", "113931.36660", "0"], [1761019200000, "0.24130", "0.24130", "0.23210", "0.23250", "4205091", 1761022799999, "994377.43470", 12585, "1726733", "408729.69310", "0"], [1761022800000, "0.23240", "0.23470", "0.23090", "0.23210", "2391465", 1761026399999, "556114.79990", 7616, "1236979", "287772.00250", "0"], [1761026400000, "0.23220", "0.23480", "0.23010", "0.23280", "1904054", 1761029999999, "442976.36910", 5986, "947956", "220680.18940", "0"], [1761030000000, "0.23260", "0.23400", "0.23110", "0.23320", "1226420", 1761033599999, "285031.29550", 4655, "659402", "153261.77260", "0"], [1761033600000, "0.23340", "0.23370", "0.22990", "0.23140", "2105581", 1761037199999, "487655.78910", 6810, "895934", "207433.89000", "0"], [1761037200000, "0.23130", "0.23310", "0.22780", "0.22900", "1964866", 1761040799999, "452072.80160", 5934, "793690", "182767.88950", "0"], [1761040800000, "0.22910", "0.23420", "0.22900", "0.23230", "2286762", 1761044399999, "530334.19220", 6889, "1344078", "311741.16100", "0"], [1761044400000, "0.23220", "0.23350", "0.23030", "0.23280", "1088208", 1761047999999, "252176.07040", 4257, "526104", "121961.89150", "0"], [1761048000000, "0.23290", "0.23430", "0.23140", "0.23220", "1739913", 1761051599999, "404664.60160", 5468, "812442", "188938.55990", "0"], [1761051600000, "0.23230", "0.23410", "0.22880", "0.22970", "2314171", 1761055199999, "535791.66440", 8302, "1172388", "271466.98510", "0"], [1761055200000, "0.22970", "0.23980", "0.22960", "0.23910", "2889126", 1761058799999, "676838.68160", 9772, "1352290", "316939.83620", "0"], [1761058800000, "0.23930", "0.24130", "0.23770", "0.23990", "3137753", 1761062399999, "751296.65320", 9571, "1521845", "364575.35500", "0"], [1761062400000, "0.24000", "0.24210", "0.23610", "0.23710", "2514804", 1761065999999, "603909.46040", 7518, "1093725", "262821.37380", "0"], [1761066000000, "0.23700", "0.23860", "0.23380", "0.23560", "2017646", 1761069599999, "476428.18180", 7413, "971374", "229453.73190", "0"], [1761069600000, "0.23560", "0.23620", "0.23200", "0.23460", "1263941", 1761073199999, "295742.68560", 5077, "598649", "140128.47390", "0"], [1761073200000, "0.23460", "0.23590", "0.23270", "0.23300", "997355", 1761076799999, "233587.53520", 3893, "471541", "110474.07200", "0"], [1761076800000, "0.23310", "0.23350", "0.22890", "0.22970", "1909278", 1761080399999, "439978.35280", 6453, "917937", "211592.99600", "0"], [1761080400000, "0.22970", "0.23170", "0.22560", "0.22900", "2305004", 1761083999999, "526648.13900", 6269, "1118638", "255640.51160", "0"], [1761084000000, "0.22920", "0.22980", "0.22110", "0.22250", "3316200", 1761087599999, "742668.23190", 8943, "1489138", "333512.97840", "0"], [1761087600000, "0.22240", "0.22270", "0.22020", "0.22070", "810849", 1761091199999, "179677.66680", 2348, "457133", "101329.63710", "0"]]}