{"_ts": 1761088508.9790585, "data": [[1760918400000, "0.0837500", "0.0837600", "0.0815000", "0.0821400", "20842773", 1760921999999, "1718626.8400600", 16062, "9016988", "742794.0117600", "0"], [1760922000000, "0.0821400", "0.0828100", "0.0816300", "0.0818600", "11225332", 1760925599999, "921507.2794300", 10310, "4895090", "401990.3106000", "0"], [1760925600000, "0.0818500", "0.0825300", "0.0812100", "0.0820400", "12820426", 1760929199999, "1050704.3983100", 12850, "6360880", "521455.3942600", "0"], [1760929200000, "0.0820500", "0.0851100", "0.0815100", "0.0846200", "19398066", 1760932799999, "1616915.5054500", 16064, "8197999", "681258.7729300", "0"], [1760932800000, "0.0846300", "0.0856900", "0.0843300", "0.0847800", "20326540", 1760936399999, "1728696.8709500", 19063, "9394943", "798650.1811200", "0"], [1760936400000, "0.0847800", "0.0848700", "0.0840700", "0.0845000", "13169731", 1760939999999, "1112105.3205300", 12421, "7936829", "670096.3126300", "0"], [1760940000000, "0.0845100", "0.1269200", "0.0843100", "0.1043600", "661186293", 1760943599999, "69483600.9306700", 520932, "311508270", "32707895.1291900", "0"], [1760943600000, "0.1043700", "0.1092000", "0.1010000", "0.1049500", "514957246", 1760947199999, "54655503.8720100", 477352, "258929138", "27503103.5868900", "0"], [1760947200000, "0.1048900", "0.1091400", "0.0989800", "0.1050600", "593314632", 1760950799999, "62352176.3464600", 455535, "304519942", "32047399.4873700", "0"], [1760950800000, "0.1050700", "0.1117900", "0.1018300", "0.1036700", "787256575", 1760954399999, "84127551.7669200", 548073, "394068583", "42137789.3381800", "0"], [1760954400000, "0.1036600", "0.1051900", "0.1010000", "0.1038600", "349933868", 1760957999999, "36084525.5463300", 278531, "175436886", "18095921.5665200", "0"], [1760958000000, "0.1038700", "0.1107100", "0.1036000", "0.1053800", "444429728", 1760961599999, "47484645.4137800", 351905, "220855961", "23605224.5841700", "0"], [1760961600000, "0.1053500", "0.1129900", "0.0985300", "0.1123000", "634122680", 1760965199999, "66033545.0762200", 457451, "312356961", "32594576.5666000", "0"], [1760965200000, "0.1123000", "0.1155500", "0.1092400", "0.1130100", "502654368", 1760968799999, "56100553.9118400", 394546, "258878706", "28906765.1224500", "0"], [1760968800000, "0.1129600", "0.1129700", "0.1065000", "0.1078800", "307864387", 1760972399999, "33589456.0780100", 229299, "149774752", "16344264.3550300", "0"], [1760972400000, "0.1078500", "0.1086100", "0.1050000", "0.1051600", "183119791", 1760975999999, "19553284.0800000", 132240, "87150021", "9311877.9745300", "0"], [1760976000000, "0.1051500", "0.1053500", "0.1019100", "0.1039500", "206497517", 1760979599999, "21384395.2313800", 139084, "102408725", "10604034.7885500", "0"], [1760979600000, "0.1039100", "0.1077700", "0.1026200", "0.1068100", "139513680", 1760983199999, "14626063.4930300", 99233, "72433726", "7599738.7036300", "0"], [1760983200000, "0.1068000", "0.1073700", "0.1030200", "0.1045000", "132948019", 1760986799999, "13926736.7300500", 92428, "67208682", "7037011.0302500", "0"], [1760986800000, "0.1045000", "0.1045900", "0.1012600", "0.1020500", "119211357", 1760990399999, "12228926.5642600", 91739, "58511582", "6001377.6224000", "0"], [1760990400000, "0.1020500", "0.1032600", "0.1008500", "0.1018700", "83325520", 1760993999999, "8508831.4722200", 65865, "43314381", "4424033.8764400", "0"], [1760994000000, "0.1018700", "0.1029000", "0.1004200", "0.1014000", "62624950", 1760997599999, "6353025.3666800", 52347, "31526701", "3198007.8219100", "0"], [1760997600000, "0.1014000", "0.1027300", "0.1008600", "0.1014700", "60708068", 1761001199999, "6164484.7836100", 50090, "31171398", "3165619.5926200", "0"], [1761001200000, "0.1014600", "0.1024300", "0.1006700", "0.1014100", "64188147", 1761004799999, "6517269.0887900", 55931, "34877653", "3541808.1162800", "0"], [1761004800000, "0.1014000", "0.1014100", "0.0972900", "0.0980000", "169206397", 1761008399999, "16735152.8903600", 111719, "80645985", "7979906.1539500", "0"], [1761008400000, "0.0980000", "0.0980400", "0.0956000", "0.0959100", "84427836", 1761011999999, "8173411.4626300", 70866, "40327088", "3905452.6454800", "0"], [1761012000000, "0.0959200", "0.0961600", "0.0947200", "0.0952600", "66846594", 1761015599999, "6380331.6320800", 48506, "29967731", "2860838.8084800", "0"], [1761015600000, "0.0952600", "0.0958400", "0.0942600", "0.0945200", "54847763", 1761019199999, "5216615.9080600", 42111, "27132548", "2581667.8802400", "0"], [1761019200000, "0.0945300", "0.0946100", "0.0918400", "0.0920600", "106168200", 1761022799999, "9891515.4140600", 66882, "47799386", "4453586.2417700", "0"], [1761022800000, "0.0920800", "0.0934800", "0.0908200", "0.0923700", "103636374", 1761026399999, "9535548.1923200", 70018, "52191793", "4805430.8441100", "0"], [1761026400000, "0.0923600", "0.0940300", "0.0907800", "0.0908700", "108514877", 1761029999999, "10014358.6767900", 73010, "56065150", "5175926.7737900", "0"], [1761030000000, "0.0908700", "0.0910900", "0.0896700", "0.0901300", "72206190", 1761033599999, "6521744.6467000", 48221, "33059076", "2986723.3382300", "0"], [1761033600000, "0.0901200", "0.0908500", "0.0894500", "0.0900600", "60850793", 1761037199999, "5490025.3024300", 45050, "32405642", "2924168.3579600", "0"], [1761037200000, "0.0900500", "0.0916000", "0.0896500", "0.0901500", "60477354", 1761040799999, "5471157.0311900", 41580, "33525696", "3033555.3140700", "0"], [1761040800000, "0.0901700", "0.0917000", "0.0900500", "0.0915400", "60751880", 1761044399999, "5523514.8119500", 39784, "33589178", "3053927.2325500", "0"], [1761044400000, "0.0915400", "0.0915400", "0.0890800", "0.0897500", "70646915", 1761047999999, "6362980.4262600", 43602, "31435956", "2832047.8110100", "0"], [1761048000000, "0.0897600", "0.0907900", "0.0892100", "0.0900300", "85161274", 1761051599999, "7654084.6874200", 53218, "41862245", "3762959.0735800", "0"], [1761051600000, "0.0900200", "0.0906600", "0.0883900", "0.0888100", "71272148", 1761055199999, "6384600.3343100", 45718, "34506342", "3093351.4790900", "0"], [1761055200000, "0.0888100", "0.0926800", "0.0887000", "0.0926100", "104101090", 1761058799999, "9459020.0539400", 63478, "55105783", "5007504.4601700", "0"], [1761058800000, "0.0926100", "0.0950900", "0.0919700", "0.0947300", "124047224", 1761062399999, "11618778.5296900", 67315, "65978924", "6180885.9672600", "0"], [1761062400000, "0.0947200", "0.0964100", "0.0928900", "0.0934400", "102417567", 1761065999999, "9716591.6066400", 61972, "49890132", "4735884.9219800", "0"], [1761066000000, "0.0934400", "0.0952000", "0.0930100", "0.0944400", "85430543", 1761069599999, "8046110.8781300", 54472, "41136244", "3874650.9644000", "0"], [1761069600000, "0.0944400", "0.0947900", "0.0925300", "0.0934100", "61727142", 1761073199999, "5767423.5179700", 37663, "28020502", "2618042.1691900", "0"], [1761073200000, "0.0934100", "0.0936100", "0.0920200", "0.0920400", "43180891", 1761076799999, "4005885.5337900", 27179, "17525562", "1626031.6933900", "0"], [1761076800000, "0.0920400", "0.0923100", "0.0905200", "0.0907300", "51319292", 1761080399999, "4683808.8842100", 33393, "24085499", "2198734.4565300", "0"], [1761080400000, "0.0907300", "0.0915000", "0.0893000", "0.0905700", "46413303", 1761083999999, "4189311.7642100", 27297, "20563022", "1856678.5026000", "0"], [1761084000000, "0.0905700", "0.0908800", "0.0894100", "0.0898700", "61590685", 1761087599999, "5546490.4603200", 44322, "30258477", "2725355.0183400", "0"], [1761087600000, "0.0898700", "0.0901700", "0.0892900", "0.0893900", "18065261", 1761091199999, "1620358.9874300", 13950, "8429561", "756205.0511400", "0"]]}