{"_ts": 1761088284.175996, "data": [[1761044400000, "0.0299000", "0.0299900", "0.0217300", "0.0253700", "1882686569", 1761047999999, "46831609.7546300", 290110, "946209980", "23566782.9469200", "0"], [1761048000000, "0.0253700", "0.0257500", "0.0204000", "0.0216000", "2214371846", 1761051599999, "52000777.6289200", 308539, "1073325841", "25265018.0126800", "0"], [1761051600000, "0.0216200", "0.0240000", "0.0206700", "0.0231900", "1238148775", 1761055199999, "27455267.0536600", 216015, "626593024", "13915140.5525300", "0"], [1761055200000, "0.0231900", "0.0232500", "0.0215000", "0.0224600", "764465806", 1761058799999, "17010572.6974200", 153170, "379359681", "8445099.3766000", "0"], [1761058800000, "0.0224600", "0.0244800", "0.0218300", "0.0231700", "723969209", 1761062399999, "16848404.2010000", 157216, "364021127", "8472841.7572600", "0"], [1761062400000, "0.0231600", "0.0331400", "0.0230200", "0.0261600", "1726387373", 1761065999999, "47945821.2363300", 409148, "853972445", "23714367.1855200", "0"], [1761066000000, "0.0261600", "0.0284600", "0.0253000", "0.0274100", "601598950", 1761069599999, "16140298.1965000", 148376, "294339904", "7900838.9543100", "0"], [1761069600000, "0.0274100", "0.0282100", "0.0254900", "0.0255800", "351133835", 1761073199999, "9394204.2308300", 99258, "171727796", "4599058.4669400", "0"], [1761073200000, "0.0255800", "0.0258700", "0.0237300", "0.0241100", "329502085", 1761076799999, "8171682.0931800", 83922, "151796103", "3769680.2730100", "0"], [1761076800000, "0.0241100", "0.0244900", "0.0192200", "0.0194700", "470024173", 1761080399999, "10237341.4016100", 99273, "202711316", "4427340.4242200", "0"], [1761080400000, "0.0194800", "0.0200400", "0.0174200", "0.0189300", "687734096", 1761083999999, "12745950.5679500", 116069, "341129112", "6327870.6443800", "0"], [1761084000000, "0.0189200", "0.0202800", "0.0186900", "0.0201500", "281593684", 1761087599999, "5440741.2262700", 55190, "147942272", "2860619.4266600", "0"], [1761087600000, "0.0201400", "0.0208400", "0.0199200", "0.0206400", "81769618", 1761091199999, "1667555.1715200", 16477, "39928634", "815269.3886800", "0"]]}