{"_ts": 1761088518.8761508, "data": [[1760918400000, "0.0382300", "0.0393700", "0.0371100", "0.0381700", "115544152", 1760921999999, "4390802.0412300", 50203, "53990181", "2054166.5484700", "0"], [1760922000000, "0.0381600", "0.0388500", "0.0373000", "0.0378800", "68761174", 1760925599999, "2615173.6699700", 37333, "32331935", "1230221.2791400", "0"], [1760925600000, "0.0378900", "0.0383800", "0.0366600", "0.0378200", "90405737", 1760929199999, "3398739.3096900", 42610, "41510345", "1561721.2754200", "0"], [1760929200000, "0.0378200", "0.0399900", "0.0372200", "0.0396900", "95179199", 1760932799999, "3667028.4492100", 43048, "49572531", "1908842.0542200", "0"], [1760932800000, "0.0396800", "0.0432000", "0.0392400", "0.0430400", "155801458", 1760936399999, "6419629.6368000", 71684, "84740878", "3502532.5160600", "0"], [1760936400000, "0.0430400", "0.0433400", "0.0400500", "0.0408500", "180483745", 1760939999999, "7424311.0184900", 84556, "86389047", "3554401.1075400", "0"], [1760940000000, "0.0408600", "0.0409100", "0.0396000", "0.0399900", "91228892", 1760943599999, "3676790.5170800", 46562, "40755106", "1643912.1368100", "0"], [1760943600000, "0.0399900", "0.0405000", "0.0397600", "0.0400100", "47660900", 1760947199999, "1909626.0917700", 26180, "23753641", "952316.7889800", "0"], [1760947200000, "0.0400000", "0.0408100", "0.0396000", "0.0405400", "58357363", 1760950799999, "2336958.9574100", 29253, "31801347", "1274445.8268700", "0"], [1760950800000, "0.0405500", "0.0435600", "0.0405400", "0.0433500", "129199942", 1760954399999, "5447750.8479200", 69474, "66615502", "2808517.9158800", "0"], [1760954400000, "0.0433500", "0.0452300", "0.0431600", "0.0451400", "128029750", 1760957999999, "5656554.0623600", 71185, "63991363", "2829442.3431200", "0"], [1760958000000, "0.0451500", "0.0467500", "0.0447600", "0.0463900", "123870305", 1760961599999, "5647894.4946700", 66924, "61685407", "2814496.3176500", "0"], [1760961600000, "0.0464000", "0.0474900", "0.0422900", "0.0428400", "185177136", 1760965199999, "8239737.5940000", 87785, "84615056", "3770316.5194500", "0"], [1760965200000, "0.0428300", "0.0437100", "0.0420600", "0.0422200", "84961917", 1760968799999, "3628198.6258600", 47419, "44566593", "1904940.4894200", "0"], [1760968800000, "0.0422300", "0.0434200", "0.0416600", "0.0433200", "66152285", 1760972399999, "2806312.9614900", 37055, "33127275", "1407610.4203300", "0"], [1760972400000, "0.0433300", "0.0439500", "0.0380500", "0.0386300", "152942114", 1760975999999, "6223093.8561100", 62924, "56611566", "2315506.1374800", "0"], [1760976000000, "0.0386300", "0.0390100", "0.0338800", "0.0342900", "306460649", 1760979599999, "11071086.2004900", 108869, "136269041", "4907576.6454900", "0"], [1760979600000, "0.0342900", "0.0367300", "0.0342300", "0.0360700", "144846049", 1760983199999, "5131631.8627600", 58958, "81278519", "2877053.7268900", "0"], [1760983200000, "0.0360800", "0.0361800", "0.0343700", "0.0350200", "84831573", 1760986799999, "2979564.5906900", 38292, "40326337", "1416309.1862000", "0"], [1760986800000, "0.0350300", "0.0358400", "0.0346900", "0.0348300", "49688568", 1760990399999, "1748599.8807200", 24285, "25079630", "882963.0520100", "0"], [1760990400000, "0.0348400", "0.0358500", "0.0345000", "0.0353000", "58437051", 1760993999999, "2051498.6933800", 29525, "31573202", "1108935.8969400", "0"], [1760994000000, "0.0353000", "0.0362800", "0.0351500", "0.0355400", "38367503", 1760997599999, "1369773.4670700", 20682, "17891358", "638867.6495700", "0"], [1760997600000, "0.0355400", "0.0355400", "0.0346200", "0.0348300", "48748625", 1761001199999, "1706237.0250700", 23492, "22777356", "797553.3027100", "0"], [1761001200000, "0.0348500", "0.0356500", "0.0343500", "0.0350900", "67761691", 1761004799999, "2365206.7609300", 29714, "33338515", "1164012.8225000", "0"], [1761004800000, "0.0351000", "0.0351100", "0.0343800", "0.0346900", "56896089", 1761008399999, "1974003.1410900", 27832, "28267159", "981428.0220800", "0"], [1761008400000, "0.0346900", "0.0352300", "0.0340600", "0.0351800", "64333738", 1761011999999, "2221865.0996200", 30199, "29954749", "1035886.3219200", "0"], [1761012000000, "0.0351800", "0.0363200", "0.0349500", "0.0350400", "78324562", 1761015599999, "2798739.4007800", 38599, "35387677", "1265611.6014200", "0"], [1761015600000, "0.0350500", "0.0353700", "0.0342400", "0.0352200", "63569411", 1761019199999, "2208630.0670400", 31948, "31768869", "1104783.3092600", "0"], [1761019200000, "0.0352000", "0.0359700", "0.0344500", "0.0349000", "108061989", 1761022799999, "3802165.7567600", 48478, "53713289", "1891315.8741200", "0"], [1761022800000, "0.0349100", "0.0352100", "0.0343600", "0.0346700", "58343542", 1761026399999, "2029318.8134300", 30271, "28915629", "1006171.8299800", "0"], [1761026400000, "0.0346700", "0.0349400", "0.0327900", "0.0341900", "94476444", 1761029999999, "3226310.3315700", 41397, "40459787", "1384926.5153800", "0"], [1761030000000, "0.0341800", "0.0349000", "0.0337100", "0.0346300", "60590270", 1761033599999, "2076215.1744400", 34307, "32535093", "1115317.9874100", "0"], [1761033600000, "0.0346200", "0.0353900", "0.0345700", "0.0351600", "69163416", 1761037199999, "2426228.0311500", 35352, "35017095", "1228269.2444400", "0"], [1761037200000, "0.0351600", "0.0382000", "0.0350600", "0.0376300", "130297342", 1761040799999, "4795981.1685500", 57758, "67350172", "2477932.2556200", "0"], [1761040800000, "0.0376200", "0.0382300", "0.0365200", "0.0368500", "107655716", 1761044399999, "4014778.3226100", 47715, "49503378", "1847875.6280100", "0"], [1761044400000, "0.0368400", "0.0374200", "0.0345800", "0.0352000", "128017726", 1761047999999, "4565615.7321300", 53371, "60989832", "2173753.1005400", "0"], [1761048000000, "0.0351900", "0.0361600", "0.0339100", "0.0341400", "106670027", 1761051599999, "3749222.3264800", 49963, "47057295", "1656352.2589700", "0"], [1761051600000, "0.0341400", "0.0359200", "0.0339300", "0.0354100", "102024315", 1761055199999, "3562635.1713800", 44949, "51795879", "1808505.6188600", "0"], [1761055200000, "0.0354100", "0.0375800", "0.0349500", "0.0371300", "97215564", 1761058799999, "3567211.8558100", 46931, "45077429", "1654221.0999700", "0"], [1761058800000, "0.0371300", "0.0380300", "0.0363600", "0.0374100", "109793035", 1761062399999, "4088383.8041700", 46411, "49191704", "1833382.0594400", "0"], [1761062400000, "0.0374200", "0.0425600", "0.0362200", "0.0382100", "256178951", 1761065999999, "10033260.5305700", 99425, "124651368", "4895260.3138300", "0"], [1761066000000, "0.0381900", "0.0429800", "0.0378900", "0.0422900", "214457018", 1761069599999, "8721578.0002500", 101907, "105053794", "4271265.8945000", "0"], [1761069600000, "0.0422900", "0.0430000", "0.0394000", "0.0418300", "179827879", 1761073199999, "7424140.8343000", 84551, "84690793", "3499030.6485900", "0"], [1761073200000, "0.0418300", "0.0450000", "0.0412900", "0.0438800", "136749943", 1761076799999, "5887975.9809300", 76951, "67722656", "2915741.0165500", "0"], [1761076800000, "0.0438900", "0.0473500", "0.0424600", "0.0449400", "226547693", 1761080399999, "10228726.9375700", 121107, "113253367", "5118468.7361600", "0"], [1761080400000, "0.0449300", "0.0453000", "0.0408800", "0.0439800", "185027117", 1761083999999, "7928990.5954000", 87564, "91448618", "3921143.2334700", "0"], [1761084000000, "0.0440000", "0.0441300", "0.0405000", "0.0429600", "116604643", 1761087599999, "4929817.4134400", 62182, "49528900", "2093943.2416800", "0"], [1761087600000, "0.0429800", "0.0435900", "0.0418900", "0.0419600", "28329055", 1761091199999, "1211372.0736900", 16976, "12792818", "547396.2020100", "0"]]}