{"_ts": 1761088581.3267624, "data": [[1760918400000, "0.0592900", "0.0593900", "0.0579400", "0.0584600", "1562995", 1760921999999, "91426.7976000", 1615, "856462", "50090.2308600", "0"], [1760922000000, "0.0584700", "0.0589700", "0.0580400", "0.0584600", "1028095", 1760925599999, "60192.9163800", 1023, "593631", "34742.5685300", "0"], [1760925600000, "0.0583900", "0.0584400", "0.0568700", "0.0578200", "4741291", 1760929199999, "272946.3906500", 2977, "1891910", "108963.5264700", "0"], [1760929200000, "0.0578300", "0.0600000", "0.0574200", "0.0593000", "3032195", 1760932799999, "178503.8777700", 2063, "2079145", "122531.2834200", "0"], [1760932800000, "0.0593500", "0.0651100", "0.0590700", "0.0643100", "27391675", 1760936399999, "1709429.1930800", 26534, "15559406", "970717.6062600", "0"], [1760936400000, "0.0642500", "0.0677000", "0.0625300", "0.0670800", "21856021", 1760939999999, "1433338.5680100", 17804, "10293558", "676242.9728100", "0"], [1760940000000, "0.0670900", "0.0682500", "0.0665100", "0.0674700", "10824187", 1760943599999, "727828.9817100", 10555, "5232935", "352061.9038900", "0"], [1760943600000, "0.0674700", "0.0675800", "0.0620100", "0.0647300", "19802153", 1760947199999, "1278469.2460400", 30718, "8477014", "547222.6830900", "0"], [1760947200000, "0.0646600", "0.0657100", "0.0636200", "0.0653700", "7914527", 1760950799999, "513976.6636800", 6311, "3967452", "257752.9667400", "0"], [1760950800000, "0.0654400", "0.0665000", "0.0639400", "0.0648400", "8621315", 1760954399999, "560140.3949100", 6185, "4166169", "270954.8441100", "0"], [1760954400000, "0.0649100", "0.0661100", "0.0644900", "0.0649300", "5383601", 1760957999999, "350922.8166000", 5999, "2380419", "155255.4541400", "0"], [1760958000000, "0.0649000", "0.0671800", "0.0640000", "0.0669300", "6223106", 1760961599999, "408482.8758400", 7355, "2510000", "165050.1363800", "0"], [1760961600000, "0.0669300", "0.0671900", "0.0656900", "0.0664100", "4281475", 1760965199999, "284519.8877900", 4680, "2261271", "150374.4218500", "0"], [1760965200000, "0.0664400", "0.0665300", "0.0651100", "0.0655200", "2644565", 1760968799999, "173817.4248100", 2594, "1087304", "71494.0246600", "0"], [1760968800000, "0.0655600", "0.0655800", "0.0645400", "0.0648900", "2703022", 1760972399999, "175783.6368200", 2610, "1079109", "70204.4468400", "0"], [1760972400000, "0.0648700", "0.0705000", "0.0646500", "0.0697100", "17518071", 1760975999999, "1186420.0130600", 13347, "10128127", "686001.7046900", "0"], [1760976000000, "0.0697500", "0.0705000", "0.0652100", "0.0688300", "41302391", 1760979599999, "2819597.1899200", 46132, "21207946", "1449971.2962400", "0"], [1760979600000, "0.0688300", "0.0712800", "0.0685500", "0.0711100", "14247533", 1760983199999, "991629.0975300", 16910, "7153223", "498326.4523100", "0"], [1760983200000, "0.0711100", "0.0770000", "0.0705300", "0.0761300", "69529272", 1760986799999, "5162751.6865500", 74428, "33539340", "2491361.8482100", "0"], [1760986800000, "0.0761900", "0.0763400", "0.0712000", "0.0720200", "57835920", 1760990399999, "4291728.6819600", 62138, "27888993", "2070359.5149100", "0"], [1760990400000, "0.0720300", "0.0749400", "0.0706100", "0.0742200", "19075461", 1760993999999, "1384653.4260800", 20666, "9568106", "694572.8451800", "0"], [1760994000000, "0.0742500", "0.0748700", "0.0707200", "0.0710900", "15692302", 1760997599999, "1147641.6697600", 18158, "7275754", "532428.6010100", "0"], [1760997600000, "0.0711500", "0.0723100", "0.0700500", "0.0714000", "12127686", 1761001199999, "865669.9046100", 11047, "5676513", "405397.5800700", "0"], [1761001200000, "0.0713800", "0.0714500", "0.0698500", "0.0705300", "6637784", 1761004799999, "468508.4545900", 5412, "3053813", "215557.9518500", "0"], [1761004800000, "0.0705300", "0.0760000", "0.0699000", "0.0744800", "32782974", 1761008399999, "2415387.3335600", 21456, "16005343", "1178680.3293400", "0"], [1761008400000, "0.0745400", "0.0793200", "0.0738400", "0.0778600", "39364638", 1761011999999, "3014321.6736500", 33422, "20314636", "1555035.4899800", "0"], [1761012000000, "0.0778600", "0.0799600", "0.0733300", "0.0756200", "51759181", 1761015599999, "3966824.6054800", 43550, "23418229", "1794080.1181300", "0"], [1761015600000, "0.0756700", "0.0764600", "0.0683100", "0.0689700", "37150059", 1761019199999, "2678926.3234700", 30676, "16898000", "1216813.2745400", "0"], [1761019200000, "0.0689200", "0.0715900", "0.0668100", "0.0705300", "48378917", 1761022799999, "3333175.4630100", 29761, "22782244", "1566492.2678200", "0"], [1761022800000, "0.0705300", "0.0709400", "0.0674000", "0.0706700", "20957798", 1761026399999, "1445501.8038400", 15053, "9544956", "658322.3209800", "0"], [1761026400000, "0.0706600", "0.0727100", "0.0690900", "0.0712300", "12229914", 1761029999999, "867165.7535500", 9065, "5987523", "424670.3302700", "0"], [1761030000000, "0.0711800", "0.0714600", "0.0699400", "0.0703200", "7396617", 1761033599999, "522546.5931400", 5484, "3275438", "231387.7801200", "0"], [1761033600000, "0.0703100", "0.0711700", "0.0691000", "0.0696200", "6413001", 1761037199999, "449545.3640200", 7674, "3120137", "218765.3869100", "0"], [1761037200000, "0.0696400", "0.0717200", "0.0691000", "0.0714800", "6843943", 1761040799999, "481522.5890200", 7478, "3272824", "230522.9895000", "0"], [1761040800000, "0.0714700", "0.0726700", "0.0705900", "0.0722800", "6240325", 1761044399999, "446968.4481700", 5650, "3104429", "222338.7757900", "0"], [1761044400000, "0.0722700", "0.0725200", "0.0707100", "0.0716300", "5274067", 1761047999999, "377924.2950000", 4875, "2577469", "184763.8416800", "0"], [1761048000000, "0.0716000", "0.0724000", "0.0705900", "0.0708600", "4874706", 1761051599999, "347238.5065600", 4372, "2363000", "168346.7061200", "0"], [1761051600000, "0.0708800", "0.0722200", "0.0698400", "0.0706400", "5912066", 1761055199999, "420693.7578600", 5728, "2874848", "204605.3990800", "0"], [1761055200000, "0.0707300", "0.0754300", "0.0704700", "0.0752400", "12367052", 1761058799999, "909805.1106200", 8882, "6308790", "464551.8380000", "0"], [1761058800000, "0.0752300", "0.0816100", "0.0746200", "0.0815100", "43198145", 1761062399999, "3373738.0278400", 28700, "24059670", "1877681.2926400", "0"], [1761062400000, "0.0814600", "0.0844400", "0.0791100", "0.0815900", "29064886", 1761065999999, "2381776.0731900", 22783, "13661301", "1119466.8482800", "0"], [1761066000000, "0.0815000", "0.0829800", "0.0783900", "0.0800200", "14216912", 1761069599999, "1140751.2273400", 11065, "7127614", "571403.2415400", "0"], [1761069600000, "0.0800100", "0.0802600", "0.0779300", "0.0781500", "4806427", 1761073199999, "380160.3285600", 5708, "1940351", "153568.5063000", "0"], [1761073200000, "0.0781700", "0.0795900", "0.0767200", "0.0786000", "4187624", 1761076799999, "326963.1102000", 5756, "2136521", "166952.0486100", "0"], [1761076800000, "0.0786000", "0.0793800", "0.0763700", "0.0773100", "3739492", 1761080399999, "290516.1621600", 4490, "1806237", "140316.7313600", "0"], [1761080400000, "0.0772700", "0.0804000", "0.0758500", "0.0800600", "4266409", 1761083999999, "330667.9132500", 6592, "2252713", "175014.7748000", "0"], [1761084000000, "0.0800600", "0.0834100", "0.0765300", "0.0772500", "15056376", 1761087599999, "1204471.9277400", 19692, "7317238", "585914.8788100", "0"], [1761087600000, "0.0772600", "0.0776000", "0.0753300", "0.0766000", "3762838", 1761091199999, "287660.3657500", 4043, "1523456", "116643.0835800", "0"]]}