{"_ts": 1761088522.8465273, "data": [[1760918400000, "0.3278000", "0.3323000", "0.3183000", "0.3190000", "12201194", 1760921999999, "3964512.3733700", 34440, "5902409", "1919389.7938100", "0"], [1760922000000, "0.3190000", "0.3252000", "0.3162000", "0.3220000", "7809437", 1760925599999, "2501894.3441000", 25970, "3832150", "1227959.9600300", "0"], [1760925600000, "0.3220000", "0.3306000", "0.3194000", "0.3294000", "5883661", 1760929199999, "1909426.0367600", 22954, "2890975", "938765.8328600", "0"], [1760929200000, "0.3294000", "0.3356000", "0.3218000", "0.3343000", "8576336", 1760932799999, "2803065.4038900", 23818, "4122314", "1348960.4057000", "0"], [1760932800000, "0.3344000", "0.3386000", "0.3304000", "0.3335000", "9955458", 1760936399999, "3329352.7755300", 26925, "4686312", "1567658.5849500", "0"], [1760936400000, "0.3335000", "0.3349000", "0.3285000", "0.3298000", "5057439", 1760939999999, "1677725.8235800", 18777, "2537123", "842005.4314000", "0"], [1760940000000, "0.3297000", "0.3310000", "0.3243000", "0.3285000", "8044704", 1760943599999, "2635478.2522500", 24261, "3974703", "1302897.4908000", "0"], [1760943600000, "0.3285000", "0.3415100", "0.3277000", "0.3377000", "9801362", 1760947199999, "3271660.3994100", 32857, "5219267", "1743812.1531700", "0"], [1760947200000, "0.3377000", "0.3436000", "0.3300000", "0.3321000", "9365140", 1760950799999, "3166116.9466800", 29102, "4326400", "1463089.5717300", "0"], [1760950800000, "0.3321000", "0.3420000", "0.3286000", "0.3326000", "9955932", 1760954399999, "3328945.3124600", 29722, "5005270", "1674031.6791500", "0"], [1760954400000, "0.3326000", "0.3372000", "0.3250000", "0.3259000", "9282234", 1760957999999, "3076035.5776800", 30527, "4608440", "1528471.9348200", "0"], [1760958000000, "0.3258000", "0.3297000", "0.3207000", "0.3254000", "7564210", 1760961599999, "2464062.8877700", 25207, "3700714", "1206050.8131700", "0"], [1760961600000, "0.3254000", "0.3280000", "0.3186000", "0.3215000", "6072300", 1760965199999, "1961927.5168000", 23455, "2984972", "965561.1202700", "0"], [1760965200000, "0.3216000", "0.3276000", "0.3150000", "0.3174000", "6594767", 1760968799999, "2117396.9387300", 23998, "3061222", "984025.9846500", "0"], [1760968800000, "0.3174000", "0.3231000", "0.3102000", "0.3209000", "9679207", 1760972399999, "3060420.0427900", 28972, "4718946", "1493174.6443000", "0"], [1760972400000, "0.3209000", "0.3224000", "0.3067000", "0.3087000", "8171090", 1760975999999, "2559870.2613100", 25538, "3655524", "1145617.2059200", "0"], [1760976000000, "0.3086000", "0.3148000", "0.3032000", "0.3093000", "11013929", 1760979599999, "3389463.1681200", 29686, "5195620", "1598699.7585600", "0"], [1760979600000, "0.3093000", "0.3153000", "0.3034000", "0.3099000", "8178031", 1760983199999, "2528899.7829200", 23853, "3910913", "1208376.7705700", "0"], [1760983200000, "0.3099000", "0.3162000", "0.3069000", "0.3118000", "5174858", 1760986799999, "1610724.5135900", 16556, "2740177", "852797.9947100", "0"], [1760986800000, "0.3119000", "0.3212000", "0.3114000", "0.3188000", "5250213", 1760990399999, "1665837.0168500", 20200, "2632628", "835350.0694900", "0"], [1760990400000, "0.3187000", "0.3192000", "0.3130000", "0.3153000", "4427657", 1760993999999, "1398468.7489600", 15630, "2021650", "638363.3217700", "0"], [1760994000000, "0.3153000", "0.3241000", "0.3150000", "0.3229000", "3394033", 1760997599999, "1086042.1860200", 12395, "1762450", "563581.8558000", "0"], [1760997600000, "0.3230000", "0.3244000", "0.3189000", "0.3208000", "2929054", 1761001199999, "940685.4205800", 12202, "1444518", "464014.1046200", "0"], [1761001200000, "0.3208000", "0.3239000", "0.3171000", "0.3234000", "3250831", 1761004799999, "1043740.2999200", 14039, "1652758", "530755.4161300", "0"], [1761004800000, "0.3235000", "0.3258000", "0.3199000", "0.3249000", "3106845", 1761008399999, "1002769.6289600", 14707, "1398615", "451693.5994200", "0"], [1761008400000, "0.3250000", "0.3268000", "0.3185000", "0.3209000", "4063220", 1761011999999, "1308230.9521200", 17837, "1816749", "585047.2260100", "0"], [1761012000000, "0.3209000", "0.3234000", "0.3145000", "0.3155000", "2866060", 1761015599999, "914376.7577900", 14148, "1087739", "347343.4970000", "0"], [1761015600000, "0.3155000", "0.3189300", "0.3140000", "0.3141000", "3568743", 1761019199999, "1129362.1588700", 15348, "1440797", "455901.9141100", "0"], [1761019200000, "0.3142000", "0.3165000", "0.3075000", "0.3097000", "7410412", 1761022799999, "2311022.0767700", 21855, "3499413", "1092560.9926500", "0"], [1761022800000, "0.3097000", "0.3098000", "0.3015000", "0.3048000", "4939388", 1761026399999, "1505529.6897500", 15937, "2381020", "726006.5025400", "0"], [1761026400000, "0.3048000", "0.3180400", "0.3036000", "0.3174000", "7732437", 1761029999999, "2400801.1473900", 26934, "4015373", "1246730.0883600", "0"], [1761030000000, "0.3172000", "0.3217000", "0.3141000", "0.3181000", "5200696", 1761033599999, "1652659.4090900", 19623, "2549096", "810735.3319900", "0"], [1761033600000, "0.3182000", "0.3199000", "0.3145000", "0.3160000", "3096528", 1761037199999, "981514.4541200", 13943, "1355107", "429721.9531900", "0"], [1761037200000, "0.3161000", "0.3215000", "0.3147000", "0.3167000", "3274015", 1761040799999, "1040965.1395900", 13744, "1684686", "535612.3238100", "0"], [1761040800000, "0.3166000", "0.3256000", "0.3165000", "0.3207000", "4378824", 1761044399999, "1408993.0417400", 16031, "2137627", "688099.4296600", "0"], [1761044400000, "0.3208000", "0.3310000", "0.3196000", "0.3283000", "4364346", 1761047999999, "1424563.6783300", 20682, "2360626", "770573.2227200", "0"], [1761048000000, "0.3283000", "0.3421000", "0.3252000", "0.3370000", "9104716", 1761051599999, "3036913.2516400", 36348, "4790358", "1597377.7952600", "0"], [1761051600000, "0.3370000", "0.3442000", "0.3340000", "0.3375000", "8574039", 1761055199999, "2896412.4659500", 34388, "3854619", "1302922.7867300", "0"], [1761055200000, "0.3375000", "0.3844000", "0.3358000", "0.3833000", "21830704", 1761058799999, "7919925.1727900", 67957, "10714862", "3888265.0435600", "0"], [1761058800000, "0.3836000", "0.4176000", "0.3666000", "0.4157000", "37956898", 1761062399999, "14795432.1591100", 111379, "17928452", "6984996.7856100", "0"], [1761062400000, "0.4155000", "0.4271000", "0.3958000", "0.4147000", "31268442", 1761065999999, "12924180.8242100", 105204, "14796450", "6114786.5638700", "0"], [1761066000000, "0.4153000", "0.4291000", "0.3812000", "0.3876000", "36281276", 1761069599999, "14665288.2426200", 108683, "17333873", "7012957.5946100", "0"], [1761069600000, "0.3876000", "0.3989000", "0.3761000", "0.3771000", "19636990", 1761073199999, "7609456.2736000", 73920, "9532257", "3697005.9100200", "0"], [1761073200000, "0.3771000", "0.3805000", "0.3458000", "0.3625000", "16337331", 1761076799999, "5909787.6806500", 54922, "7830997", "2830608.4297400", "0"], [1761076800000, "0.3624000", "0.3750000", "0.3541000", "0.3695000", "11236533", 1761080399999, "4079393.8828000", 38357, "5896113", "2140750.9304800", "0"], [1761080400000, "0.3695000", "0.3830000", "0.3656000", "0.3784000", "9343521", 1761083999999, "3496246.0044000", 32852, "5320891", "1992103.8272600", "0"], [1761084000000, "0.3784000", "0.3878000", "0.3630000", "0.3656000", "11196144", 1761087599999, "4188244.8810600", 37834, "4791326", "1792995.8355700", "0"], [1761087600000, "0.3656000", "0.3692000", "0.3625000", "0.3692000", "1821684", 1761091199999, "666252.3777200", 6667, "927678", "339448.9560600", "0"]]}