{"_ts": 1761088914.012156, "data": [[1760428800000, "0.1800000", "0.1956000", "0.1500000", "0.1669200", "165549265", 1760443199999, "27683758.8936600", 232662, "82797134", "13878205.6352000", "0"], [1760443200000, "0.1669200", "0.5501600", "0.1505800", "0.3763500", "1426907376", 1760457599999, "473748958.3547100", 3558715, "718401973", "237856783.0998000", "0"], [1760457600000, "0.3763500", "0.4488000", "0.3620200", "0.4312300", "467758161", 1760471999999, "188551897.5682700", 1705440, "232677790", "93913013.9788500", "0"], [1760472000000, "0.4311900", "0.5979700", "0.4220000", "0.5852200", "368298168", 1760486399999, "184256221.4258100", 1820880, "185332628", "92846948.4757500", "0"], [1760486400000, "0.5852000", "0.6955000", "0.5513600", "0.6199700", "385757140", 1760500799999, "238477032.8363600", 2369998, "191589432", "118540633.3628700", "0"], [1760500800000, "0.6199000", "0.8488800", "0.6127200", "0.7807600", "367489235", 1760515199999, "278563977.8178300", 2407079, "184952867", "140172855.9028400", "0"], [1760515200000, "0.7805500", "0.8064000", "0.5585700", "0.5865800", "381734827", 1760529599999, "252371905.5557900", 1857802, "185435448", "122744992.8218700", "0"], [1760529600000, "0.5866200", "0.7580000", "0.5707500", "0.6612500", "275569554", 1760543999999, "179319828.4635300", 1342287, "137491832", "89527605.9043900", "0"], [1760544000000, "0.6610600", "0.7874100", "0.6210100", "0.6671100", "156973252", 1760558399999, "111226784.6849400", 939223, "77238926", "54812217.8448400", "0"], [1760558400000, "0.6673100", "0.6866400", "0.5282200", "0.5495300", "96815753", 1760572799999, "61037612.2613700", 583527, "46389551", "29391190.3650200", "0"], [1760572800000, "0.5499700", "0.5599200", "0.4064400", "0.4305900", "168595620", 1760587199999, "78736444.6032000", 811709, "84056816", "39182468.4990800", "0"], [1760587200000, "0.4306100", "0.4507600", "0.4000000", "0.4267400", "126885622", 1760601599999, "54151831.2059100", 523968, "63231092", "26994343.0328300", "0"], [1760601600000, "0.4270100", "0.4727000", "0.3862000", "0.4158800", "162995416", 1760615999999, "68904947.4616000", 639276, "80956813", "34288673.3903400", "0"], [1760616000000, "0.4159100", "0.4240000", "0.3793300", "0.3924500", "117088789", 1760630399999, "46894106.4593300", 459401, "55591937", "22282477.8877200", "0"], [1760630400000, "0.3926100", "0.3944600", "0.3520000", "0.3848700", "122062186", 1760644799999, "45565575.2344200", 397258, "60329693", "22536613.5039800", "0"], [1760644800000, "0.3849800", "0.3897200", "0.3544000", "0.3675600", "60695874", 1760659199999, "22586296.7086300", 251105, "29886930", "11109297.7535200", "0"], [1760659200000, "0.3676200", "0.3848900", "0.3383300", "0.3716500", "85330619", 1760673599999, "31076997.4195300", 305916, "42811221", "15626213.0896000", "0"], [1760673600000, "0.3716300", "0.3890000", "0.3258200", "0.3399000", "91041470", 1760687999999, "32261020.1846600", 290487, "46526576", "16503703.4429000", "0"], [1760688000000, "0.3397000", "0.3500000", "0.3135000", "0.3366000", "88781517", 1760702399999, "29058071.0581100", 214217, "44438531", "14548411.7526200", "0"], [1760702400000, "0.3366000", "0.3525000", "0.3180000", "0.3476000", "60990564", 1760716799999, "20567637.8371700", 179245, "30391474", "10257716.6383500", "0"], [1760716800000, "0.3475000", "0.3519000", "0.3033000", "0.3078000", "68116762", 1760731199999, "21915047.9227000", 165065, "34633488", "11145646.1874000", "0"], [1760731200000, "0.3077000", "0.3164300", "0.2935000", "0.3141000", "42573009", 1760745599999, "13054570.1818600", 99514, "19967605", "6122998.4698700", "0"], [1760745600000, "0.3140000", "0.3355000", "0.3098000", "0.3316000", "40225549", 1760759999999, "13069446.0756700", 103817, "20113263", "6534168.2474900", "0"], [1760760000000, "0.3316000", "0.3600000", "0.3301000", "0.3454000", "53476502", 1760774399999, "18217273.8830300", 147493, "27010374", "9198291.0346300", "0"], [1760774400000, "0.3455000", "0.4490000", "0.3385000", "0.4343000", "195159723", 1760788799999, "80073605.3591200", 617120, "96298466", "39443950.7972400", "0"], [1760788800000, "0.4342000", "0.4672000", "0.3821000", "0.3917000", "185998117", 1760803199999, "80071683.7571900", 635711, "89494669", "38560192.0821400", "0"], [1760803200000, "0.3917000", "0.4275000", "0.3606000", "0.4203000", "113814056", 1760817599999, "44673621.3526900", 386827, "57400528", "22533301.0183000", "0"], [1760817600000, "0.4203000", "0.4490000", "0.3839000", "0.4020000", "78515113", 1760831999999, "32668343.5694100", 307580, "37739358", "15699841.2708000", "0"], [1760832000000, "0.4020000", "0.4210000", "0.3890000", "0.4036000", "58973801", 1760846399999, "23857631.3057600", 259378, "28840208", "11673050.2017200", "0"], [1760846400000, "0.4036000", "0.4074000", "0.3682000", "0.3841000", "53947264", 1760860799999, "20749981.7917800", 208410, "26039522", "10021249.0675700", "0"], [1760860800000, "0.3840200", "0.3899400", "0.3701000", "0.3735000", "36872615", 1760875199999, "14027601.0639300", 149218, "17883996", "6804874.3249300", "0"], [1760875200000, "0.3735000", "0.3750000", "0.3336000", "0.3415000", "60044108", 1760889599999, "20868626.3465400", 166524, "28823805", "10003271.1643000", "0"], [1760889600000, "0.3416000", "0.3548000", "0.3370000", "0.3465000", "40131736", 1760903999999, "13823459.8494800", 105631, "20410407", "7033410.7926600", "0"], [1760904000000, "0.3465000", "0.3498000", "0.3250000", "0.3279000", "34370344", 1760918399999, "11511367.7081200", 105397, "15629865", "5234563.5552900", "0"], [1760918400000, "0.3278000", "0.3356000", "0.3162000", "0.3343000", "34470628", 1760932799999, "11178898.1581200", 107182, "16747848", "5435075.9924000", "0"], [1760932800000, "0.3344000", "0.3415100", "0.3243000", "0.3377000", "32858963", 1760947199999, "10914217.2507700", 102820, "16417405", "5456373.6603200", "0"], [1760947200000, "0.3377000", "0.3436000", "0.3207000", "0.3254000", "36167516", 1760961599999, "12035160.7245900", 114558, "17640824", "5871643.9988700", "0"], [1760961600000, "0.3254000", "0.3280000", "0.3067000", "0.3087000", "30517364", 1760975999999, "9699614.7596300", 101963, "14420664", "4588378.9551400", "0"], [1760976000000, "0.3086000", "0.3212000", "0.3032000", "0.3188000", "29617031", 1760990399999, "9194924.4814800", 90295, "14479338", "4495224.5933300", "0"], [1760990400000, "0.3187000", "0.3244000", "0.3130000", "0.3234000", "14001575", 1761004799999, "4468936.6554800", 54266, "6881376", "2196714.6983200", "0"], [1761004800000, "0.3235000", "0.3268000", "0.3140000", "0.3141000", "13604868", 1761019199999, "4354739.4977400", 62040, "5743900", "1839986.2365400", "0"], [1761019200000, "0.3142000", "0.3217000", "0.3015000", "0.3181000", "25282933", 1761033599999, "7870012.3230000", 84349, "12444902", "3876032.9155400", "0"], [1761033600000, "0.3182000", "0.3310000", "0.3145000", "0.3283000", "15113713", 1761047999999, "4856036.3137800", 64400, "7538046", "2424006.9293800", "0"], [1761048000000, "0.3283000", "0.4176000", "0.3252000", "0.4157000", "77466357", 1761062399999, "28648683.0494900", 250072, "37288291", "13773562.4111600", "0"], [1761062400000, "0.4155000", "0.4291000", "0.3458000", "0.3625000", "103524039", 1761076799999, "41108713.0210800", 342729, "49493577", "19655358.4982400", "0"], [1761076800000, "0.3624000", "0.3878000", "0.3541000", "0.3659000", "34714180", 1761091199999, "12840390.4322900", 119231, "17407121", "6438674.4234000", "0"]]}