{"_ts": 1761088461.1182396, "data": [[1760918400000, "6.0330000", "6.0820000", "5.8070000", "5.9400000", "1982415", 1760921999999, "11742064.8780000", 136638, "1005717", "5954741.3840000", "0"], [1760922000000, "5.9400000", "5.9560000", "5.5380000", "5.7210000", "3822120", 1760925599999, "22017895.5830000", 203254, "1903774", "10977949.2450000", "0"], [1760925600000, "5.7210000", "5.8810000", "5.6060000", "5.8300000", "1714378", 1760929199999, "9836467.2910000", 107691, "893797", "5124888.2570000", "0"], [1760929200000, "5.8300000", "5.8300000", "5.3850000", "5.4880000", "4724736", 1760932799999, "26164384.5030000", 219165, "2371235", "13131978.7960000", "0"], [1760932800000, "5.4900000", "5.6380000", "5.1430000", "5.1650000", "3984378", 1760936399999, "21668407.1210000", 235231, "1900557", "10346882.2130000", "0"], [1760936400000, "5.1650000", "5.2650000", "4.3430000", "4.7450000", "7590181", 1760939999999, "35412523.5190000", 322975, "3570452", "16653841.8460000", "0"], [1760940000000, "4.7450000", "5.1610000", "4.5730000", "5.0520000", "4798432", 1760943599999, "23361491.6060000", 217402, "2571945", "12548632.0050000", "0"], [1760943600000, "5.0530000", "5.4900000", "4.7590000", "4.8270000", "5002720", 1760947199999, "25634513.2060000", 244710, "2411877", "12396187.4860000", "0"], [1760947200000, "4.8260000", "5.0790000", "4.8090000", "5.0100000", "2275516", 1760950799999, "11300623.8000000", 114758, "1193399", "5928341.4630000", "0"], [1760950800000, "5.0110000", "5.3770000", "4.9780000", "5.0740000", "3344788", 1760954399999, "17303710.3940000", 147075, "1757034", "9093057.8720000", "0"], [1760954400000, "5.0740000", "5.1980000", "4.9940000", "5.1800000", "1924266", 1760957999999, "9806894.8050000", 99067, "992934", "5062934.8510000", "0"], [1760958000000, "5.1770000", "5.2360000", "4.8170000", "4.9520000", "2820744", 1760961599999, "14025059.4240000", 123211, "1427481", "7102219.9670000", "0"], [1760961600000, "4.9500000", "5.1680000", "4.9370000", "5.0070000", "2082772", 1760965199999, "10541062.3100000", 95039, "1091907", "5528060.8890000", "0"], [1760965200000, "5.0050000", "5.1650000", "4.9760000", "4.9800000", "1359398", 1760968799999, "6898115.6700000", 69586, "705465", "3582850.8790000", "0"], [1760968800000, "4.9810000", "5.0020000", "4.6430000", "4.9740000", "3539443", 1760972399999, "17137770.1170000", 123462, "1793587", "8696933.3960000", "0"], [1760972400000, "4.9740000", "5.1190000", "4.9560000", "5.0000000", "1988977", 1760975999999, "9989800.2810000", 86285, "969661", "4872483.3660000", "0"], [1760976000000, "5.0000000", "5.1220000", "4.8680000", "5.0560000", "1899904", 1760979599999, "9478588.1570000", 88590, "969197", "4838655.1920000", "0"], [1760979600000, "5.0550000", "5.3860000", "4.9630000", "5.1880000", "2030072", 1760983199999, "10448960.5410000", 94695, "1091119", "5624724.0460000", "0"], [1760983200000, "5.1870000", "5.3350000", "5.0880000", "5.2400000", "1718797", 1760986799999, "8990046.3060000", 90348, "857320", "4487769.0420000", "0"], [1760986800000, "5.2390000", "5.4380000", "5.1660000", "5.3470000", "1027528", 1760990399999, "5439456.1920000", 64095, "536274", "2841658.9100000", "0"], [1760990400000, "5.3470000", "5.3490000", "4.9470000", "4.9870000", "2144355", 1760993999999, "10856047.6480000", 100987, "1081778", "5475440.9790000", "0"], [1760994000000, "4.9870000", "5.2690000", "4.9230000", "5.2340000", "967524", 1760997599999, "4883810.1630000", 48363, "459078", "2317208.8650000", "0"], [1760997600000, "5.2350000", "5.3190000", "5.1010000", "5.1170000", "1091860", 1761001199999, "5707098.4440000", 66887, "485158", "2537584.5540000", "0"], [1761001200000, "5.1170000", "5.2750000", "5.0510000", "5.1780000", "775534", 1761004799999, "4005665.0130000", 49674, "401825", "2077079.6580000", "0"], [1761004800000, "5.1780000", "5.2440000", "5.0940000", "5.2260000", "751898", 1761008399999, "3895337.3730000", 51975, "365813", "1894843.1290000", "0"], [1761008400000, "5.2260000", "5.3940000", "5.1900000", "5.3740000", "1126007", 1761011999999, "5979282.5530000", 63174, "580278", "3082883.4200000", "0"], [1761012000000, "5.3740000", "6.2220000", "5.3720000", "6.1530000", "4963065", 1761015599999, "29183936.1110000", 259505, "2601035", "15288406.7550000", "0"], [1761015600000, "6.1510000", "7.1460000", "6.0000000", "6.4660000", "6927212", 1761019199999, "45265839.6130000", 395217, "3427358", "22425039.7870000", "0"], [1761019200000, "6.4660000", "6.4830000", "5.8200000", "6.2300000", "5046425", 1761022799999, "31006341.1380000", 288211, "2401516", "14762833.0650000", "0"], [1761022800000, "6.2310000", "6.3200000", "5.9080000", "6.0060000", "2705577", 1761026399999, "16443142.8910000", 147508, "1305219", "7941006.0110000", "0"], [1761026400000, "6.0070000", "6.0590000", "5.4210000", "5.7930000", "3421825", 1761029999999, "19607624.0290000", 169151, "1572901", "9030678.7520000", "0"], [1761030000000, "5.7910000", "6.1440000", "5.7780000", "6.0760000", "2073884", 1761033599999, "12420336.5180000", 110109, "1106182", "6628190.4780000", "0"], [1761033600000, "6.0740000", "6.2920000", "6.0230000", "6.2380000", "2039148", 1761037199999, "12636294.2990000", 113469, "1000561", "6200529.9550000", "0"], [1761037200000, "6.2420000", "7.0290000", "6.2100000", "6.7000000", "4936236", 1761040799999, "32862651.9280000", 280770, "2512243", "16726261.1260000", "0"], [1761040800000, "6.7000000", "7.5370000", "6.2190000", "6.8060000", "9875485", 1761044399999, "67564332.2120000", 512291, "4852236", "33192583.0450000", "0"], [1761044400000, "6.8070000", "7.3500000", "6.6930000", "7.2010000", "5666632", 1761047999999, "39828029.6950000", 325669, "2774017", "19512587.9630000", "0"], [1761048000000, "7.2000000", "7.4460000", "6.8510000", "7.3910000", "4467088", 1761051599999, "32039541.7580000", 238231, "2217369", "15913860.4910000", "0"], [1761051600000, "7.3900000", "7.7700000", "7.1310000", "7.3780000", "5416574", 1761055199999, "40431519.4220000", 283858, "2743214", "20484121.2190000", "0"], [1761055200000, "7.3780000", "7.8900000", "7.2340000", "7.6670000", "4808907", 1761058799999, "36541106.7890000", 270057, "2431633", "18478296.6450000", "0"], [1761058800000, "7.6680000", "8.2200000", "6.9800000", "7.9620000", "6515851", 1761062399999, "50054425.4890000", 354219, "3281372", "25252863.6700000", "0"], [1761062400000, "7.9620000", "8.5700000", "7.9160000", "8.1810000", "5705067", 1761065999999, "47122152.4500000", 354739, "2908710", "24038865.3140000", "0"], [1761066000000, "8.1860000", "8.4610000", "7.8000000", "8.2090000", "3391939", 1761069599999, "27807638.8960000", 229442, "1686312", "13834289.6950000", "0"], [1761069600000, "8.2070000", "8.2510000", "7.5000000", "8.1190000", "3595720", 1761073199999, "28451066.4900000", 226665, "1699776", "13477785.0950000", "0"], [1761073200000, "8.1190000", "8.8510000", "7.8370000", "8.7790000", "2737337", 1761076799999, "22736766.4030000", 193603, "1429003", "11900760.1500000", "0"], [1761076800000, "8.7790000", "8.9900000", "8.3510000", "8.5630000", "2962064", 1761080399999, "25727206.2950000", 221585, "1462013", "12706351.5920000", "0"], [1761080400000, "8.5640000", "9.9220000", "8.5150000", "9.6550000", "3127840", 1761083999999, "28885291.3800000", 219164, "1653168", "15278434.9520000", "0"], [1761084000000, "9.6550000", "10.4250000", "8.8380000", "9.0010000", "5468308", 1761087599999, "52765898.7490000", 471652, "2575706", "24896969.9480000", "0"], [1761087600000, "9.0000000", "9.1190000", "7.9590000", "8.2520000", "1726149", 1761091199999, "14730925.3790000", 137211, "777430", "6642475.3890000", "0"]]}