{"_ts": 1761078598.4245768, "data": [[1760907600000, "44.51", "44.73", "43.73", "43.98", "29212.278", 1760911199999, "1289092.23603", 10974, "12173.442", "537275.43450", "0"], [1760911200000, "43.99", "45.72", "43.88", "45.31", "52733.820", 1760914799999, "2368661.88714", 19932, "27886.060", "1252575.71657", "0"], [1760914800000, "45.30", "45.30", "43.42", "43.54", "51432.104", 1760918399999, "2272195.67536", 19051, "21187.631", "937002.50739", "0"], [1760918400000, "43.55", "43.56", "42.01", "42.72", "99457.175", 1760921999999, "4242111.05306", 25665, "48256.276", "2057251.42177", "0"], [1760922000000, "42.73", "43.46", "42.20", "42.27", "49608.607", 1760925599999, "2126151.65247", 17228, "24319.447", "1042954.46784", "0"], [1760925600000, "42.27", "42.70", "41.35", "42.32", "73765.572", 1760929199999, "3097517.00028", 22692, "35694.932", "1501214.99737", "0"], [1760929200000, "42.31", "43.99", "42.16", "43.72", "56759.162", 1760932799999, "2443957.57074", 19356, "23510.068", "1011879.21324", "0"], [1760932800000, "43.71", "45.44", "43.71", "44.61", "101721.156", 1760936399999, "4541732.05719", 31694, "43678.646", "1951153.15012", "0"], [1760936400000, "44.61", "44.66", "44.13", "44.39", "35576.459", 1760939999999, "1578956.20106", 15552, "17141.028", "760890.58769", "0"], [1760940000000, "44.40", "44.74", "44.10", "44.39", "29187.662", 1760943599999, "1297007.82072", 14692, "14501.271", "644857.61033", "0"], [1760943600000, "44.38", "45.17", "44.20", "45.13", "45568.798", 1760947199999, "2040092.91674", 19002, "26212.033", "1173823.44952", "0"], [1760947200000, "45.13", "45.25", "44.33", "44.40", "36557.488", 1760950799999, "1635960.61005", 15362, "16184.998", "724635.60942", "0"], [1760950800000, "44.41", "45.56", "43.87", "44.59", "52400.238", 1760954399999, "2340915.36322", 24060, "25397.205", "1136171.27952", "0"], [1760954400000, "44.59", "44.95", "42.97", "43.46", "63106.695", 1760957999999, "2769092.79907", 26718, "28100.673", "1233819.79305", "0"], [1760958000000, "43.46", "44.49", "42.88", "44.33", "62862.648", 1760961599999, "2735755.00351", 21669, "31959.351", "1391080.76010", "0"], [1760961600000, "44.32", "45.53", "44.16", "44.97", "82676.258", 1760965199999, "3725463.99012", 30474, "40940.963", "1845889.97268", "0"], [1760965200000, "44.99", "46.99", "44.88", "46.01", "126962.754", 1760968799999, "5867491.13952", 45766, "64346.496", "2973673.82925", "0"], [1760968800000, "46.01", "47.72", "45.14", "47.10", "133442.521", 1760972399999, "6196994.56474", 47003, "67332.862", "3129013.17552", "0"], [1760972400000, "47.10", "48.59", "47.04", "47.37", "175511.906", 1760975999999, "8395894.12507", 59612, "92575.699", "4430667.05197", "0"], [1760976000000, "47.36", "48.10", "45.37", "46.08", "147135.954", 1760979599999, "6843104.88198", 54737, "64585.485", "3008071.62290", "0"], [1760979600000, "46.08", "47.45", "45.59", "47.29", "79301.489", 1760983199999, "3678995.61053", 32793, "40654.958", "1886947.75114", "0"], [1760983200000, "47.29", "49.72", "46.97", "49.34", "121241.986", 1760986799999, "5901531.34062", 62756, "64321.385", "3128547.29940", "0"], [1760986800000, "49.33", "51.76", "48.73", "50.57", "132187.233", 1760990399999, "6654055.02541", 69154, "68810.004", "3464753.93360", "0"], [1760990400000, "50.57", "51.28", "49.07", "49.37", "86207.986", 1760993999999, "4329023.94852", 38013, "34556.044", "1737667.31701", "0"], [1760994000000, "49.38", "49.55", "48.28", "48.39", "66430.800", 1760997599999, "3241266.25899", 31859, "34272.007", "1672774.18636", "0"], [1760997600000, "48.39", "48.42", "47.98", "48.08", "36422.984", 1761001199999, "1755333.02822", 17681, "20231.776", "975228.07918", "0"], [1761001200000, "48.08", "49.30", "48.02", "48.79", "48263.607", 1761004799999, "2347656.54434", 20459, "25937.674", "1261749.39305", "0"], [1761004800000, "48.78", "49.04", "47.25", "47.29", "52036.555", 1761008399999, "2496167.81857", 21206, "19356.846", "930121.21042", "0"], [1761008400000, "47.30", "47.99", "47.09", "47.37", "38174.929", 1761011999999, "1813803.39569", 17539, "19019.743", "903962.92810", "0"], [1761012000000, "47.38", "47.39", "46.42", "46.52", "45077.501", 1761015599999, "2110261.12971", 18076, "19383.854", "907768.88497", "0"], [1761015600000, "46.51", "46.55", "44.98", "45.51", "79752.562", 1761019199999, "3650821.58845", 27136, "31534.441", "1445059.00748", "0"], [1761019200000, "45.51", "45.60", "44.44", "44.71", "77815.741", 1761022799999, "3497872.90390", 25310, "35257.486", "1584800.87259", "0"], [1761022800000, "44.71", "45.36", "44.57", "44.72", "50235.457", 1761026399999, "2256235.15780", 18228, "29395.424", "1320666.50587", "0"], [1761026400000, "44.72", "44.79", "44.27", "44.44", "52252.805", 1761029999999, "2324370.83752", 16562, "27896.941", "1241392.69337", "0"], [1761030000000, "44.45", "45.78", "44.17", "44.89", "75109.760", 1761033599999, "3381956.34824", 26456, "39596.214", "1782356.41952", "0"], [1761033600000, "44.89", "44.94", "44.25", "44.77", "46827.966", 1761037199999, "2087084.92114", 18862, "23725.266", "1057846.88396", "0"], [1761037200000, "44.77", "45.36", "44.30", "44.44", "36193.863", 1761040799999, "1619646.82765", 16512, "16852.426", "754822.79486", "0"], [1761040800000, "44.45", "45.55", "44.32", "45.23", "46132.223", 1761044399999, "2073036.24731", 17967, "23107.824", "1038776.84716", "0"], [1761044400000, "45.23", "48.04", "45.19", "47.22", "167167.267", 1761047999999, "7804656.00196", 60610, "81837.633", "3819788.03838", "0"], [1761048000000, "47.21", "47.79", "45.44", "45.86", "148936.357", 1761051599999, "6931350.64209", 52089, "65572.489", "3051299.47873", "0"], [1761051600000, "45.86", "46.91", "45.40", "45.80", "91328.414", 1761055199999, "4214215.66247", 35612, "40411.782", "1867737.79383", "0"], [1761055200000, "45.80", "47.59", "45.80", "47.57", "99100.901", 1761058799999, "4627739.38670", 35485, "48106.043", "2246028.96790", "0"], [1761058800000, "47.57", "49.49", "47.23", "48.85", "138190.716", 1761062399999, "6664085.97124", 41409, "67070.217", "3237038.22203", "0"], [1761062400000, "48.84", "50.97", "47.78", "48.25", "162752.422", 1761065999999, "7992982.97689", 54452, "73452.914", "3612081.18999", "0"], [1761066000000, "48.25", "48.71", "47.36", "47.73", "117660.526", 1761069599999, "5652363.37211", 43501, "51895.309", "2495241.93918", "0"], [1761069600000, "47.73", "48.31", "47.28", "47.81", "54708.011", 1761073199999, "2614132.28468", 23259, "24050.823", "1150581.59048", "0"], [1761073200000, "47.80", "48.15", "46.87", "46.97", "46598.098", 1761076799999, "2211625.30219", 20065, "19310.984", "917605.23185", "0"], [1761076800000, "46.97", "47.07", "45.97", "46.24", "41848.095", 1761080399999, "1945265.32227", 15232, "18289.180", "850834.51729", "0"]]}