{"_ts": 1761088623.2900558, "data": [[1760918400000, "0.0000731", "0.0000732", "0.0000714", "0.0000724", "5198937925", 1760921999999, "375586.3103489", 2787, "2562174001", "185048.7407609", "0"], [1760922000000, "0.0000725", "0.0000728", "0.0000719", "0.0000722", "2826862588", 1760925599999, "204292.0986591", 1481, "1247480119", "90164.9817506", "0"], [1760925600000, "0.0000721", "0.0000727", "0.0000716", "0.0000724", "2294941962", 1760929199999, "165635.1632478", 1259, "1244330635", "89815.5400148", "0"], [1760929200000, "0.0000724", "0.0000749", "0.0000722", "0.0000744", "3993189882", 1760932799999, "293326.2106227", 2035, "1908561847", "140258.1798050", "0"], [1760932800000, "0.0000745", "0.0000749", "0.0000736", "0.0000740", "4071775096", 1760936399999, "302261.1978505", 2132, "2103382511", "156140.5000576", "0"], [1760936400000, "0.0000741", "0.0000743", "0.0000736", "0.0000743", "2511713101", 1760939999999, "185860.9357964", 1389, "1291510002", "95586.4406559", "0"], [1760940000000, "0.0000743", "0.0000753", "0.0000741", "0.0000749", "3260945245", 1760943599999, "243668.3518995", 1804, "1719468040", "128496.1116177", "0"], [1760943600000, "0.0000748", "0.0000751", "0.0000742", "0.0000746", "3082126043", 1760947199999, "230009.6325261", 1323, "1197944670", "89454.1254559", "0"], [1760947200000, "0.0000745", "0.0000749", "0.0000740", "0.0000743", "2162945476", 1760950799999, "160924.1170053", 1156, "910741690", "67753.5204624", "0"], [1760950800000, "0.0000742", "0.0000747", "0.0000740", "0.0000743", "1901092982", 1760954399999, "141221.9918031", 1092, "902221714", "67040.2491000", "0"], [1760954400000, "0.0000744", "0.0000752", "0.0000742", "0.0000744", "3793220700", 1760957999999, "283261.2221743", 1661, "1803967318", "134778.0307981", "0"], [1760958000000, "0.0000745", "0.0000746", "0.0000739", "0.0000744", "3634333164", 1760961599999, "269879.5941119", 1499, "1374647360", "102165.2312236", "0"], [1760961600000, "0.0000744", "0.0000748", "0.0000742", "0.0000747", "1798495504", 1760965199999, "134038.3462740", 1190, "939372733", "70019.9356160", "0"], [1760965200000, "0.0000746", "0.0000752", "0.0000742", "0.0000751", "3841371524", 1760968799999, "287344.5861614", 1592, "1975569280", "147811.0969846", "0"], [1760968800000, "0.0000752", "0.0000753", "0.0000741", "0.0000745", "4601438752", 1760972399999, "343660.8942119", 1700, "2256037321", "168567.5700952", "0"], [1760972400000, "0.0000745", "0.0000747", "0.0000735", "0.0000735", "4368223836", 1760975999999, "323534.1699889", 1751, "2075193090", "153831.9100766", "0"], [1760976000000, "0.0000734", "0.0000734", "0.0000717", "0.0000722", "10616882259", 1760979599999, "769322.6891457", 3849, "5543586833", "401793.7233415", "0"], [1760979600000, "0.0000721", "0.0000733", "0.0000715", "0.0000721", "6779649578", 1760983199999, "490335.5468896", 2190, "3361979600", "243476.7644654", "0"], [1760983200000, "0.0000720", "0.0000722", "0.0000716", "0.0000722", "2363755605", 1760986799999, "170104.5735207", 1263, "1360410121", "97919.1690093", "0"], [1760986800000, "0.0000722", "0.0000729", "0.0000719", "0.0000725", "2159997835", 1760990399999, "156114.3017862", 1197, "989016557", "71490.9811035", "0"], [1760990400000, "0.0000724", "0.0000730", "0.0000722", "0.0000730", "2294644268", 1760993999999, "166565.1416837", 1126, "1375314335", "99842.8940603", "0"], [1760994000000, "0.0000729", "0.0000733", "0.0000723", "0.0000724", "1814174735", 1760997599999, "132208.5730705", 1061, "739981702", "53934.3760494", "0"], [1760997600000, "0.0000724", "0.0000730", "0.0000723", "0.0000727", "1160593390", 1761001199999, "84316.2627098", 700, "618490431", "44924.6291682", "0"], [1761001200000, "0.0000726", "0.0000727", "0.0000720", "0.0000722", "1207201493", 1761004799999, "87338.7627116", 636, "608986556", "44103.9673804", "0"], [1761004800000, "0.0000723", "0.0000723", "0.0000718", "0.0000721", "2828458795", 1761008399999, "203989.4864593", 1162, "1543070786", "111298.6561755", "0"], [1761008400000, "0.0000721", "0.0000722", "0.0000710", "0.0000716", "3722596831", 1761011999999, "266839.4264396", 1323, "1893303206", "135855.1605030", "0"], [1761012000000, "0.0000715", "0.0000716", "0.0000707", "0.0000709", "3752839043", 1761015599999, "266753.3172235", 1488, "1862967931", "132437.7830033", "0"], [1761015600000, "0.0000708", "0.0000713", "0.0000705", "0.0000707", "2771447971", 1761019199999, "196550.6282785", 1294, "1507209829", "106919.9392536", "0"], [1761019200000, "0.0000707", "0.0000709", "0.0000690", "0.0000694", "7802033297", 1761022799999, "545390.3526603", 2631, "3767927193", "263469.6428388", "0"], [1761022800000, "0.0000693", "0.0000701", "0.0000691", "0.0000699", "3644644847", 1761026399999, "253791.9005676", 1835, "1845178002", "128497.6716077", "0"], [1761026400000, "0.0000700", "0.0000704", "0.0000696", "0.0000701", "2176050405", 1761029999999, "152375.7525150", 1140, "1058961025", "74138.2619038", "0"], [1761030000000, "0.0000700", "0.0000709", "0.0000697", "0.0000707", "2657957479", 1761033599999, "186705.3296335", 1525, "1561127663", "109677.6692662", "0"], [1761033600000, "0.0000707", "0.0000707", "0.0000696", "0.0000702", "2986653437", 1761037199999, "209660.0336991", 1151, "1411191741", "99091.2305913", "0"], [1761037200000, "0.0000703", "0.0000703", "0.0000696", "0.0000699", "2981755405", 1761040799999, "208582.1075439", 1333, "1155176157", "80842.2633387", "0"], [1761040800000, "0.0000698", "0.0000711", "0.0000697", "0.0000707", "3967805949", 1761044399999, "279063.4772134", 1370, "2309907412", "162469.5999585", "0"], [1761044400000, "0.0000706", "0.0000711", "0.0000703", "0.0000709", "2808820390", 1761047999999, "198280.7277892", 1200, "1325203716", "93608.7622298", "0"], [1761048000000, "0.0000710", "0.0000719", "0.0000614", "0.0000646", "58527816388", 1761051599999, "3897650.0130873", 11841, "29482474791", "1962396.6662603", "0"], [1761051600000, "0.0000646", "0.0000670", "0.0000620", "0.0000667", "77100809437", 1761055199999, "5033533.9960029", 20366, "38291989252", "2501105.2479793", "0"], [1761055200000, "0.0000667", "0.0000700", "0.0000667", "0.0000699", "19226208523", 1761058799999, "1310762.8806821", 5749, "9923551183", "676454.7722793", "0"], [1761058800000, "0.0000699", "0.0000705", "0.0000692", "0.0000697", "14407381954", 1761062399999, "1007193.3752818", 4575, "6875304322", "480823.6902926", "0"], [1761062400000, "0.0000697", "0.0000699", "0.0000678", "0.0000681", "12240196178", 1761065999999, "847810.8868353", 3926, "5728978728", "397459.6726128", "0"], [1761066000000, "0.0000681", "0.0000686", "0.0000667", "0.0000677", "15256307086", 1761069599999, "1030738.6231682", 5024, "7483676570", "505755.4853902", "0"], [1761069600000, "0.0000678", "0.0000681", "0.0000664", "0.0000665", "9540562025", 1761073199999, "642361.4973977", 3476, "4522940395", "304774.7715422", "0"], [1761073200000, "0.0000666", "0.0000667", "0.0000651", "0.0000660", "10587312063", 1761076799999, "696983.7957176", 3753, "5219432732", "343798.3515345", "0"], [1761076800000, "0.0000659", "0.0000661", "0.0000648", "0.0000654", "8876692125", 1761080399999, "581866.5432460", 3412, "3901031547", "255879.7448617", "0"], [1761080400000, "0.0000654", "0.0000657", "0.0000645", "0.0000654", "8356062952", 1761083999999, "544353.4979193", 3325, "3814651276", "248613.1065930", "0"], [1761084000000, "0.0000654", "0.0000656", "0.0000622", "0.0000625", "20518298919", 1761087599999, "1302763.6804209", 6335, "9204297257", "584392.8882163", "0"], [1761087600000, "0.0000624", "0.0000624", "0.0000605", "0.0000612", "11975867473", 1761091199999, "737874.3213125", 3948, "5131186654", "316114.7542407", "0"]]}