{"_ts": 1761073991.8345726, "data": [[1760904000000, "0.1738000", "0.1747000", "0.1720000", "0.1727000", "1225237", 1760907599999, "212159.6289000", 2723, "631929", "109387.2690000", "0"], [1760907600000, "0.1727000", "0.1729000", "0.1690000", "0.1703000", "2721376", 1760911199999, "464001.4321000", 4291, "1442678", "245948.7985000", "0"], [1760911200000, "0.1704000", "0.1713000", "0.1685000", "0.1687000", "1559248", 1760914799999, "265170.1626000", 3362, "626013", "106506.8343000", "0"], [1760914800000, "0.1686000", "0.1689000", "0.1670000", "0.1674000", "1333398", 1760918399999, "223871.2178000", 2632, "563047", "94570.8699000", "0"], [1760918400000, "0.1674000", "0.1682000", "0.1657000", "0.1676000", "1866173", 1760921999999, "311612.7149000", 3665, "953740", "159355.5178000", "0"], [1760922000000, "0.1676000", "0.1686000", "0.1665000", "0.1677000", "1353613", 1760925599999, "227012.7764000", 2638, "686753", "115190.8938000", "0"], [1760925600000, "0.1676000", "0.1681000", "0.1653000", "0.1664000", "1931059", 1760929199999, "321684.2058000", 3610, "915399", "152588.7833000", "0"], [1760929200000, "0.1665000", "0.1710000", "0.1657000", "0.1701000", "1819621", 1760932799999, "305153.1733000", 3702, "934905", "156914.2448000", "0"], [1760932800000, "0.1701000", "0.1739000", "0.1701000", "0.1728000", "3516728", 1760936399999, "605438.4173000", 5464, "1867031", "321408.2152000", "0"], [1760936400000, "0.1728000", "0.1738000", "0.1716000", "0.1722000", "1445527", 1760939999999, "249514.8582000", 2755, "647599", "111822.1197000", "0"], [1760940000000, "0.1721000", "0.1744000", "0.1717000", "0.1735000", "2413986", 1760943599999, "418165.9402000", 3758, "1019168", "176639.7410000", "0"], [1760943600000, "0.1734000", "0.1747000", "0.1725000", "0.1743000", "3374802", 1760947199999, "585451.2773000", 4505, "1094842", "190142.0727000", "0"], [1760947200000, "0.1744000", "0.1770000", "0.1731000", "0.1767000", "3238150", 1760950799999, "565227.5007000", 5537, "1644874", "287271.4498000", "0"], [1760950800000, "0.1766000", "0.1914000", "0.1757000", "0.1853000", "20958897", 1760954399999, "3857215.6278000", 27727, "9338038", "1718129.0061000", "0"], [1760954400000, "0.1853000", "0.1967000", "0.1838000", "0.1965000", "9307741", 1760957999999, "1770122.8694000", 15693, "4652395", "885314.4149000", "0"], [1760958000000, "0.1964000", "0.2100000", "0.1949000", "0.2034000", "26526157", 1760961599999, "5361774.0446000", 36558, "13476407", "2723468.7263000", "0"], [1760961600000, "0.2035000", "0.2170000", "0.1712000", "0.1738000", "56084402", 1760965199999, "10895129.6051000", 62193, "28269041", "5502891.6842000", "0"], [1760965200000, "0.1739000", "0.1836000", "0.1650000", "0.1785000", "33675828", 1760968799999, "5874623.4558000", 40072, "17142656", "2990208.6917000", "0"], [1760968800000, "0.1786000", "0.1797000", "0.1736000", "0.1784000", "9698852", 1760972399999, "1711119.2231000", 13677, "5101480", "900120.6851000", "0"], [1760972400000, "0.1784000", "0.1785000", "0.1735000", "0.1742000", "5430857", 1760975999999, "951905.3469000", 8629, "2433142", "426571.6142000", "0"], [1760976000000, "0.1743000", "0.1749000", "0.1672000", "0.1710000", "8976023", 1760979599999, "1547486.2930000", 12021, "4292391", "740148.3341000", "0"], [1760979600000, "0.1711000", "0.1737000", "0.1708000", "0.1716000", "3561860", 1760983199999, "613228.7374000", 5955, "1900300", "327169.8826000", "0"], [1760983200000, "0.1717000", "0.1721000", "0.1701000", "0.1714000", "2378939", 1760986799999, "406816.3596000", 4500, "997766", "170722.2081000", "0"], [1760986800000, "0.1715000", "0.1725000", "0.1697000", "0.1720000", "2000582", 1760990399999, "341848.5598000", 4213, "940781", "160858.2473000", "0"], [1760990400000, "0.1721000", "0.1740000", "0.1711000", "0.1723000", "1692332", 1760993999999, "291892.9563000", 3707, "874415", "150917.8663000", "0"], [1760994000000, "0.1723000", "0.1742000", "0.1719000", "0.1725000", "1743135", 1760997599999, "301407.3073000", 3925, "740653", "128100.0279000", "0"], [1760997600000, "0.1725000", "0.1730000", "0.1700000", "0.1704000", "1801106", 1761001199999, "308566.9160000", 4210, "697795", "119607.0464000", "0"], [1761001200000, "0.1703000", "0.1705000", "0.1683000", "0.1687000", "1549240", 1761004799999, "262488.9244000", 3619, "695147", "117865.1825000", "0"], [1761004800000, "0.1687000", "0.1696000", "0.1675000", "0.1691000", "1630468", 1761008399999, "274957.6389000", 4188, "719533", "121399.1605000", "0"], [1761008400000, "0.1691000", "0.1693000", "0.1671000", "0.1679000", "1511711", 1761011999999, "253910.4558000", 3428, "661290", "111043.7754000", "0"], [1761012000000, "0.1680000", "0.1683000", "0.1667000", "0.1669000", "1867975", 1761015599999, "312840.2959000", 3944, "844448", "141464.6793000", "0"], [1761015600000, "0.1669000", "0.1683000", "0.1662000", "0.1665000", "1638159", 1761019199999, "273873.3854000", 3668, "790304", "132175.7781000", "0"], [1761019200000, "0.1665000", "0.1669000", "0.1615000", "0.1624000", "5499659", 1761022799999, "900142.2141000", 8860, "1893737", "309877.6317000", "0"], [1761022800000, "0.1623000", "0.1649000", "0.1619000", "0.1645000", "1715912", 1761026399999, "280642.2020000", 3668, "971507", "158954.8491000", "0"], [1761026400000, "0.1645000", "0.1670000", "0.1636000", "0.1664000", "1382657", 1761029999999, "228403.8982000", 3321, "761588", "125864.1424000", "0"], [1761030000000, "0.1663000", "0.1682000", "0.1651000", "0.1678000", "1477627", 1761033599999, "246111.3171000", 3404, "811001", "135136.4339000", "0"], [1761033600000, "0.1678000", "0.1679000", "0.1642000", "0.1661000", "2279406", 1761037199999, "378293.2859000", 4225, "917652", "152315.8067000", "0"], [1761037200000, "0.1659000", "0.1669000", "0.1653000", "0.1654000", "1082237", 1761040799999, "179697.6854000", 3026, "528199", "87689.8329000", "0"], [1761040800000, "0.1654000", "0.1668000", "0.1653000", "0.1663000", "1475643", 1761044399999, "244988.0004000", 3379, "707585", "117511.7024000", "0"], [1761044400000, "0.1663000", "0.1681000", "0.1652000", "0.1673000", "3005051", 1761047999999, "501190.1987000", 5020, "1698726", "283479.6393000", "0"], [1761048000000, "0.1673000", "0.1697000", "0.1667000", "0.1679000", "2948035", 1761051599999, "495982.4976000", 5387, "1650395", "277670.8223000", "0"], [1761051600000, "0.1679000", "0.1686000", "0.1647000", "0.1657000", "2796818", 1761055199999, "466759.6261000", 7367, "1315281", "219720.8144000", "0"], [1761055200000, "0.1656000", "0.1724000", "0.1653000", "0.1724000", "3142885", 1761058799999, "531524.9889000", 6201, "1581313", "267556.5446000", "0"], [1761058800000, "0.1723000", "0.1875000", "0.1712000", "0.1844000", "13770213", 1761062399999, "2492631.4920000", 19673, "7055982", "1275406.1083000", "0"], [1761062400000, "0.1843000", "0.1844000", "0.1768000", "0.1776000", "8581283", 1761065999999, "1554338.7917000", 13521, "4068382", "737478.2964000", "0"], [1761066000000, "0.1776000", "0.1864000", "0.1764000", "0.1857000", "6261380", 1761069599999, "1132648.5839000", 11801, "3030553", "549524.3298000", "0"], [1761069600000, "0.1856000", "0.1955000", "0.1823000", "0.1862000", "17920893", 1761073199999, "3384667.2184000", 31885, "8573640", "1618682.1856000", "0"], [1761073200000, "0.1861000", "0.1882000", "0.1845000", "0.1859000", "1530574", 1761076799999, "284818.3789000", 3422, "738033", "137413.7644000", "0"]]}