{"_ts": 1761073849.698179, "data": [[1760904000000, "1.1443000", "1.1470000", "1.1354000", "1.1437000", "2993307.5", 1760907599999, "3414116.07204000", 40594, "1576104.3", "1797856.71999000", "0"], [1760907600000, "1.1438000", "1.1448000", "1.1182000", "1.1239000", "3194162.5", 1760911199999, "3602342.18843000", 35201, "1495091.9", "1685959.48463000", "0"], [1760911200000, "1.1240000", "1.1301000", "1.1189000", "1.1214000", "3133702.3", 1760914799999, "3524063.04131000", 40693, "1524690.3", "1714560.96049000", "0"], [1760914800000, "1.1214000", "1.1214000", "1.0906000", "1.0942000", "4591627.6", 1760918399999, "5062896.23596000", 40723, "1930830.4", "2126409.29048000", "0"], [1760918400000, "1.0941000", "1.0951000", "1.0669000", "1.0762000", "7292403.2", 1760921999999, "7862386.04599000", 57748, "3293432.8", "3551941.01420000", "0"], [1760922000000, "1.0763000", "1.0898000", "1.0746000", "1.0804000", "3525266.0", 1760925599999, "3813075.88271000", 43455, "1713399.1", "1853348.80090000", "0"], [1760925600000, "1.0803000", "1.0930000", "1.0683000", "1.0869000", "3593858.9", 1760929199999, "3882656.44379000", 40305, "1772792.1", "1916067.70858000", "0"], [1760929200000, "1.0870000", "1.1320000", "1.0824000", "1.1259000", "4911254.5", 1760932799999, "5435326.75603000", 44099, "2236614.1", "2474112.69672000", "0"], [1760932800000, "1.1260000", "1.1313000", "1.1090000", "1.1137000", "5937000.9", 1760936399999, "6643239.55671000", 49164, "2596191.2", "2905405.96137000", "0"], [1760936400000, "1.1138000", "1.1250000", "1.0999000", "1.1223000", "5147399.6", 1760939999999, "5713115.52563000", 42381, "2427508.5", "2694885.78762000", "0"], [1760940000000, "1.1224000", "1.1478000", "1.1151000", "1.1390000", "6452513.8", 1760943599999, "7298439.28061000", 55180, "3229343.9", "3651147.13591000", "0"], [1760943600000, "1.1390000", "1.1507000", "1.1293000", "1.1376000", "4721536.1", 1760947199999, "5380439.70471000", 47776, "2295049.7", "2615746.28813000", "0"], [1760947200000, "1.1375000", "1.1397000", "1.1192000", "1.1332000", "4618480.0", 1760950799999, "5212956.92489000", 41367, "2162553.9", "2441871.59476000", "0"], [1760950800000, "1.1330000", "1.1348000", "1.1234000", "1.1256000", "2225278.1", 1760954399999, "2509302.17413000", 32819, "1050099.3", "1184255.01119000", "0"], [1760954400000, "1.1256000", "1.1341000", "1.1050000", "1.1137000", "4550587.8", 1760957999999, "5094360.39348000", 45343, "1887067.1", "2113829.68516000", "0"], [1760958000000, "1.1137000", "1.1181000", "1.1072000", "1.1140000", "2616275.7", 1760961599999, "2910820.67578000", 32159, "1269717.3", "1413073.52658000", "0"], [1760961600000, "1.1139000", "1.1214000", "1.1090000", "1.1188000", "2447687.5", 1760965199999, "2726930.77246000", 29376, "1243334.5", "1385588.62884000", "0"], [1760965200000, "1.1188000", "1.1335000", "1.1113000", "1.1265000", "4583248.2", 1760968799999, "5157310.84827000", 49036, "2252925.5", "2535814.82134000", "0"], [1760968800000, "1.1265000", "1.1627000", "1.1068000", "1.1481000", "10534237.9", 1760972399999, "12009046.60115000", 82577, "5679103.4", "6472795.06023000", "0"], [1760972400000, "1.1481000", "1.1500000", "1.1241000", "1.1244000", "5032774.9", 1760975999999, "5728127.55835000", 53692, "2379524.9", "2709359.76455000", "0"], [1760976000000, "1.1243000", "1.1243000", "1.0913000", "1.1073000", "10309880.6", 1760979599999, "11424898.29855000", 77769, "4667171.9", "5175406.31750000", "0"], [1760979600000, "1.1072000", "1.1166000", "1.0911000", "1.1017000", "4881255.7", 1760983199999, "5379748.18040000", 39373, "2182093.0", "2406185.10166000", "0"], [1760983200000, "1.1018000", "1.1105000", "1.0962000", "1.1046000", "2815920.7", 1760986799999, "3107475.05888000", 25723, "1504219.4", "1659700.71082000", "0"], [1760986800000, "1.1044000", "1.1128000", "1.0972000", "1.1096000", "2809289.5", 1760990399999, "3102955.25406000", 29147, "1212120.5", "1339388.97245000", "0"], [1760990400000, "1.1096000", "1.1140000", "1.1026000", "1.1124000", "2561181.8", 1760993999999, "2840213.12422000", 24760, "1232898.1", "1367671.22822000", "0"], [1760994000000, "1.1125000", "1.1361000", "1.1115000", "1.1287000", "4480382.1", 1760997599999, "5040650.84260000", 36615, "2286395.5", "2572058.09231000", "0"], [1760997600000, "1.1286000", "1.1522000", "1.1196000", "1.1428000", "3180248.2", 1761001199999, "3618685.31336000", 33968, "1466773.4", "1668518.39409000", "0"], [1761001200000, "1.1428000", "1.1542000", "1.1367000", "1.1512000", "2065440.8", 1761004799999, "2371069.24232000", 27982, "953487.8", "1094701.85876000", "0"], [1761004800000, "1.1512000", "1.1512000", "1.1370000", "1.1381000", "2453497.7", 1761008399999, "2804271.77336000", 32490, "1004692.5", "1148448.42975000", "0"], [1761008400000, "1.1381000", "1.1446000", "1.1137000", "1.1209000", "3057115.3", 1761011999999, "3447233.81324000", 35058, "1402994.8", "1581821.32725000", "0"], [1761012000000, "1.1208000", "1.1222000", "1.1063000", "1.1094000", "2810389.4", 1761015599999, "3125799.78080000", 32188, "1289446.5", "1434878.41282000", "0"], [1761015600000, "1.1095000", "1.1144000", "1.0884000", "1.0926000", "3089626.7", 1761019199999, "3400828.90754000", 27722, "1352561.9", "1490941.44648000", "0"], [1761019200000, "1.0926000", "1.0929000", "1.0463000", "1.0500000", "11601100.7", 1761022799999, "12382843.17299000", 72932, "5115312.6", "5465026.10911000", "0"], [1761022800000, "1.0501000", "1.0637000", "1.0468000", "1.0480000", "5172693.7", 1761026399999, "5460368.85700000", 42999, "2612307.0", "2759150.22911000", "0"], [1761026400000, "1.0480000", "1.0611000", "1.0465000", "1.0540000", "3443304.0", 1761029999999, "3630554.14423000", 32706, "1945156.1", "2050849.43613000", "0"], [1761030000000, "1.0540000", "1.0563000", "1.0490000", "1.0538000", "2309024.0", 1761033599999, "2430564.67366000", 23642, "1242012.1", "1307565.29745000", "0"], [1761033600000, "1.0538000", "1.0538000", "1.0379000", "1.0477000", "3981643.7", 1761037199999, "4164001.48690000", 32794, "1730561.8", "1810536.97958000", "0"], [1761037200000, "1.0476000", "1.0521000", "1.0425000", "1.0443000", "1778894.0", 1761040799999, "1862200.60739000", 18412, "887392.4", "928905.75372000", "0"], [1761040800000, "1.0444000", "1.0631000", "1.0366000", "1.0545000", "3382323.6", 1761044399999, "3544460.64486000", 30388, "1741237.8", "1824779.75226000", "0"], [1761044400000, "1.0544000", "1.0662000", "1.0494000", "1.0643000", "2619630.9", 1761047999999, "2769409.47174000", 26659, "1231182.2", "1301932.03512000", "0"], [1761048000000, "1.0643000", "1.0871000", "1.0586000", "1.0746000", "3762216.3", 1761051599999, "4044127.41400000", 36957, "1512344.2", "1625998.48810000", "0"], [1761051600000, "1.0747000", "1.0830000", "1.0624000", "1.0769000", "4365767.9", 1761055199999, "4684715.69252000", 43535, "2116541.9", "2271558.22748000", "0"], [1761055200000, "1.0769000", "1.1484000", "1.0742000", "1.1459000", "10945854.7", 1761058799999, "12170639.49662000", 78153, "5301907.3", "5897678.32458000", "0"], [1761058800000, "1.1460000", "1.1741000", "1.1391000", "1.1663000", "11131192.6", 1761062399999, "12890233.33034000", 90837, "5190308.0", "6009863.24352000", "0"], [1761062400000, "1.1663000", "1.1978000", "1.1530000", "1.1694000", "10612514.0", 1761065999999, "12469948.90207000", 84348, "4906150.1", "5765761.50035000", "0"], [1761066000000, "1.1699000", "1.1920000", "1.1611000", "1.1737000", "10184606.9", 1761069599999, "11974532.83785000", 93192, "4561523.6", "5364451.40553000", "0"], [1761069600000, "1.1737000", "1.1809000", "1.1600000", "1.1763000", "3736879.1", 1761073199999, "4371096.82586000", 45486, "1725394.4", "2018595.56146000", "0"], [1761073200000, "1.1762000", "1.1807000", "1.1709000", "1.1709000", "506476.6", 1761076799999, "595600.58462000", 6415, "204450.0", "240383.86988000", "0"]]}