{"_ts": 1761088559.5121586, "data": [[1760918400000, "7.617000", "7.658000", "7.522000", "7.569000", "123531.9", 1760921999999, "934708.3743000", 9387, "70085.5", "530303.7754000", "0"], [1760922000000, "7.568000", "7.588000", "7.507000", "7.555000", "57844.4", 1760925599999, "436263.2334000", 6601, "29079.8", "219316.8617000", "0"], [1760925600000, "7.557000", "7.663000", "7.519000", "7.649000", "62803.6", 1760929199999, "476017.3605000", 7472, "33020.1", "250161.1731000", "0"], [1760929200000, "7.649000", "7.776000", "7.601000", "7.758000", "108533.3", 1760932799999, "832323.4218000", 9614, "54344.2", "416576.6907000", "0"], [1760932800000, "7.760000", "7.801000", "7.719000", "7.734000", "89092.0", 1760936399999, "691003.6851000", 7810, "37242.0", "289028.2503000", "0"], [1760936400000, "7.732000", "7.755000", "7.689000", "7.714000", "54810.8", 1760939999999, "422900.8801000", 5484, "25283.4", "195135.2842000", "0"], [1760940000000, "7.715000", "7.765000", "7.669000", "7.736000", "51391.3", 1760943599999, "396882.7962000", 6151, "27351.9", "211294.4046000", "0"], [1760943600000, "7.739000", "7.816000", "7.722000", "7.755000", "81033.0", 1760947199999, "629180.7204000", 8146, "46488.0", "360959.9829000", "0"], [1760947200000, "7.756000", "7.770000", "7.683000", "7.734000", "68196.4", 1760950799999, "527250.7698000", 6961, "32781.4", "253528.2210000", "0"], [1760950800000, "7.732000", "7.758000", "7.696000", "7.726000", "48981.6", 1760954399999, "378385.5899000", 5433, "26430.3", "204254.8479000", "0"], [1760954400000, "7.725000", "7.796000", "7.683000", "7.723000", "92121.3", 1760957999999, "712856.1811000", 7847, "48507.2", "375547.8208000", "0"], [1760958000000, "7.724000", "7.738000", "7.639000", "7.669000", "59625.8", 1760961599999, "457801.9419000", 5608, "22651.0", "173955.1266000", "0"], [1760961600000, "7.671000", "7.876000", "7.662000", "7.840000", "99713.3", 1760965199999, "777646.6776000", 9736, "58537.8", "456412.2499000", "0"], [1760965200000, "7.840000", "7.900000", "7.684000", "7.702000", "104133.8", 1760968799999, "812375.4945000", 9882, "50621.3", "395349.8243000", "0"], [1760968800000, "7.702000", "7.716000", "7.551000", "7.576000", "90985.2", 1760972399999, "692711.2380000", 9155, "42285.1", "321880.5643000", "0"], [1760972400000, "7.576000", "7.633000", "7.527000", "7.543000", "75132.3", 1760975999999, "570682.8780000", 9880, "38465.5", "292356.1989000", "0"], [1760976000000, "7.544000", "7.720000", "7.460000", "7.633000", "183914.9", 1760979599999, "1393781.5883000", 14652, "106933.4", "811183.4676000", "0"], [1760979600000, "7.634000", "7.693000", "7.537000", "7.554000", "77569.8", 1760983199999, "588770.9259000", 9453, "37001.0", "280777.3297000", "0"], [1760983200000, "7.551000", "7.608000", "7.485000", "7.578000", "72130.6", 1760986799999, "544563.9591000", 10885, "40850.0", "308371.9107000", "0"], [1760986800000, "7.577000", "7.622000", "7.556000", "7.596000", "35936.1", 1760990399999, "272634.6286000", 5779, "17733.0", "134581.7193000", "0"], [1760990400000, "7.596000", "7.724000", "7.579000", "7.712000", "46795.8", 1760993999999, "357510.2226000", 6840, "25820.8", "197406.9539000", "0"], [1760994000000, "7.712000", "7.813000", "7.647000", "7.800000", "51840.9", 1760997599999, "401086.6452000", 5182, "28398.6", "219832.9945000", "0"], [1760997600000, "7.801000", "8.475000", "7.799000", "8.288000", "697506.8", 1761001199999, "5721240.6208000", 54150, "374662.9", "3073894.3228000", "0"], [1761001200000, "8.288000", "8.695000", "8.191000", "8.475000", "568323.9", 1761004799999, "4823474.9020000", 48002, "278935.5", "2368085.3928000", "0"], [1761004800000, "8.475000", "8.829000", "8.309000", "8.376000", "513603.2", 1761008399999, "4364034.4051000", 39986, "265463.9", "2259877.9561000", "0"], [1761008400000, "8.376000", "8.647000", "8.318000", "8.470000", "219999.6", 1761011999999, "1866814.9418000", 22245, "109846.9", "933091.1214000", "0"], [1761012000000, "8.469000", "8.550000", "8.288000", "8.374000", "195766.5", 1761015599999, "1648095.2749000", 18861, "98780.6", "832140.2884000", "0"], [1761015600000, "8.372000", "8.465000", "8.224000", "8.261000", "161340.4", 1761019199999, "1342148.1983000", 15970, "74553.7", "620306.4251000", "0"], [1761019200000, "8.258000", "8.304000", "8.052000", "8.079000", "242252.2", 1761022799999, "1980516.7210000", 19782, "102382.9", "837484.9565000", "0"], [1761022800000, "8.076000", "8.150000", "7.958000", "7.996000", "176045.4", 1761026399999, "1414100.4473000", 14975, "87470.6", "703038.8471000", "0"], [1761026400000, "7.996000", "8.064000", "7.889000", "7.957000", "172964.6", 1761029999999, "1379833.0703000", 14662, "93985.0", "749839.9901000", "0"], [1761030000000, "7.954000", "7.969000", "7.890000", "7.939000", "75990.6", 1761033599999, "602824.5179000", 10199, "38146.6", "302630.1412000", "0"], [1761033600000, "7.936000", "7.945000", "7.796000", "7.831000", "104675.8", 1761037199999, "823973.6952000", 9363, "56817.0", "447484.4604000", "0"], [1761037200000, "7.830000", "7.846000", "7.764000", "7.783000", "60510.4", 1761040799999, "472225.1908000", 6263, "29295.2", "228681.3037000", "0"], [1761040800000, "7.782000", "7.844000", "7.685000", "7.711000", "124870.2", 1761044399999, "969528.2270000", 11548, "54767.8", "425283.6412000", "0"], [1761044400000, "7.710000", "7.957000", "7.689000", "7.904000", "202982.0", 1761047999999, "1590527.7306000", 17464, "120650.5", "946017.5250000", "0"], [1761048000000, "7.905000", "8.276000", "7.825000", "8.078000", "268892.8", 1761051599999, "2173097.5621000", 26030, "139950.4", "1131339.1078000", "0"], [1761051600000, "8.079000", "8.234000", "8.072000", "8.172000", "164194.9", 1761055199999, "1338315.7018000", 17727, "86672.9", "706491.1467000", "0"], [1761055200000, "8.171000", "8.250000", "8.011000", "8.248000", "211870.8", 1761058799999, "1719827.4887000", 22183, "88217.3", "717216.3325000", "0"], [1761058800000, "8.247000", "8.777000", "8.105000", "8.555000", "584588.2", 1761062399999, "4947832.3308000", 49368, "324214.9", "2746877.6934000", "0"], [1761062400000, "8.554000", "8.596000", "7.824000", "7.857000", "522611.7", 1761065999999, "4257768.1737000", 46848, "209140.6", "1699012.9840000", "0"], [1761066000000, "7.858000", "7.997000", "7.759000", "7.942000", "197644.6", 1761069599999, "1557022.0592000", 20829, "115705.7", "911968.8071000", "0"], [1761069600000, "7.945000", "7.994000", "7.806000", "7.816000", "76847.6", 1761073199999, "606720.8827000", 10638, "32292.0", "255242.2813000", "0"], [1761073200000, "7.815000", "7.937000", "7.758000", "7.793000", "83474.5", 1761076799999, "654862.3076000", 11512, "45940.8", "360755.3103000", "0"], [1761076800000, "7.793000", "7.871000", "7.524000", "7.570000", "239142.2", 1761080399999, "1829629.0896000", 22782, "97954.3", "749730.8568000", "0"], [1761080400000, "7.570000", "7.664000", "7.489000", "7.647000", "88573.3", 1761083999999, "670281.0258000", 9880, "52773.2", "399570.8758000", "0"], [1761084000000, "7.646000", "7.665000", "7.452000", "7.503000", "94965.9", 1761087599999, "715080.7766000", 11792, "41861.3", "315171.4487000", "0"], [1761087600000, "7.502000", "7.534000", "7.446000", "7.482000", "18877.0", 1761091199999, "141403.6220000", 2721, "6377.4", "47812.7956000", "0"]]}