{"_ts": 1761089158.3829496, "data": [[1760356800000, "12.500000", "13.067000", "8.800000", "9.728000", "10642406.7", 1760371199999, "105939609.2304000", 805781, "5270326.2", "52538951.2668000", "0"], [1760371200000, "9.733000", "10.209000", "9.000000", "9.463000", "5277245.7", 1760385599999, "50316380.1976000", 470221, "2579288.7", "24615249.8567000", "0"], [1760385600000, "9.463000", "10.000000", "9.301000", "9.446000", "1722077.9", 1760399999999, "16471893.0387000", 171387, "848951.1", "8121717.7203000", "0"], [1760400000000, "9.448000", "9.850000", "8.372000", "8.888000", "2463832.1", 1760414399999, "22796693.0245000", 205575, "1128237.8", "10454324.7122000", "0"], [1760414400000, "8.884000", "9.253000", "8.438000", "8.687000", "2079682.9", 1760428799999, "18334847.4846000", 198690, "1027032.3", "9058986.0549000", "0"], [1760428800000, "8.687000", "8.833000", "5.889000", "7.084000", "9674370.9", 1760443199999, "70077851.8479000", 578502, "5112124.7", "36914219.8284000", "0"], [1760443200000, "7.078000", "9.900000", "7.029000", "9.277000", "13106313.5", 1760457599999, "117940575.7840000", 1032388, "6361342.9", "57301886.7661000", "0"], [1760457600000, "9.277000", "9.577000", "8.911000", "8.969000", "2561813.1", 1760471999999, "23594634.6055000", 237037, "1311355.7", "12082750.9743000", "0"], [1760472000000, "8.970000", "9.466000", "8.705000", "8.964000", "1190670.1", 1760486399999, "10726232.9683000", 136337, "597909.7", "5391789.1850000", "0"], [1760486400000, "8.963000", "9.364000", "8.556000", "8.706000", "1823553.3", 1760500799999, "16297594.8572000", 255720, "901365.6", "8062193.5772000", "0"], [1760500800000, "8.706000", "9.049000", "8.406000", "8.621000", "1443258.8", 1760515199999, "12525684.8708000", 165802, "729546.7", "6338040.1299000", "0"], [1760515200000, "8.620000", "9.585000", "8.500000", "9.093000", "3040155.8", 1760529599999, "27666962.9031000", 356937, "1581471.8", "14395885.6781000", "0"], [1760529600000, "9.092000", "9.220000", "8.551000", "8.619000", "1794916.6", 1760543999999, "15796992.1979000", 208678, "882947.7", "7772318.1331000", "0"], [1760544000000, "8.619000", "8.950000", "8.531000", "8.677000", "1038128.8", 1760558399999, "9067889.0796000", 117173, "529900.1", "4630498.9109000", "0"], [1760558400000, "8.678000", "8.705000", "8.078000", "8.126000", "1142354.1", 1760572799999, "9601729.1862000", 94787, "490577.6", "4123370.1357000", "0"], [1760572800000, "8.126000", "8.187000", "7.718000", "7.776000", "1054118.5", 1760587199999, "8358145.0989000", 105388, "482161.1", "3825236.7397000", "0"], [1760587200000, "7.776000", "7.989000", "7.586000", "7.754000", "1079036.0", 1760601599999, "8378297.9980000", 119495, "533863.8", "4148904.5311000", "0"], [1760601600000, "7.754000", "7.935000", "7.479000", "7.916000", "1051140.9", 1760615999999, "8098077.6557000", 106450, "525393.9", "4051902.0438000", "0"], [1760616000000, "7.917000", "7.936000", "7.510000", "7.587000", "983822.2", 1760630399999, "7564992.9980000", 104556, "474516.7", "3648953.0350000", "0"], [1760630400000, "7.587000", "7.625000", "7.176000", "7.494000", "982384.4", 1760644799999, "7267761.5721000", 103932, "437738.0", "3240229.2581000", "0"], [1760644800000, "7.497000", "7.531000", "7.092000", "7.359000", "743901.1", 1760659199999, "5417370.0942000", 74759, "346790.5", "2527046.3149000", "0"], [1760659200000, "7.360000", "7.430000", "7.010000", "7.285000", "592603.1", 1760673599999, "4271561.9613000", 63557, "301844.8", "2176873.4160000", "0"], [1760673600000, "7.286000", "7.437000", "6.849000", "6.957000", "837369.5", 1760687999999, "5990399.5810000", 77388, "435680.3", "3118357.1798000", "0"], [1760688000000, "6.958000", "7.529000", "6.801000", "7.327000", "1356041.3", 1760702399999, "9833377.0580000", 98375, "709082.8", "5139858.6748000", "0"], [1760702400000, "7.327000", "7.694000", "7.201000", "7.617000", "1075563.7", 1760716799999, "7956683.5290000", 86889, "586657.1", "4346881.4496000", "0"], [1760716800000, "7.612000", "7.799000", "7.431000", "7.582000", "826517.0", 1760731199999, "6245059.7093000", 75643, "433250.1", "3275206.1389000", "0"], [1760731200000, "7.587000", "7.792000", "7.539000", "7.717000", "482779.5", 1760745599999, "3695421.8288000", 50729, "255708.0", "1957346.0983000", "0"], [1760745600000, "7.715000", "7.766000", "7.528000", "7.585000", "520258.8", 1760759999999, "3977082.8082000", 47207, "248114.9", "1897067.5676000", "0"], [1760760000000, "7.586000", "7.929000", "7.480000", "7.683000", "996019.4", 1760774399999, "7704739.7201000", 71147, "506121.8", "3917005.5864000", "0"], [1760774400000, "7.683000", "7.813000", "7.364000", "7.650000", "674492.5", 1760788799999, "5123824.9903000", 49258, "318950.9", "2425061.9220000", "0"], [1760788800000, "7.647000", "7.705000", "7.463000", "7.479000", "414623.6", 1760803199999, "3151620.9146000", 42849, "186098.6", "1414705.5573000", "0"], [1760803200000, "7.479000", "7.799000", "7.383000", "7.501000", "863884.0", 1760817599999, "6522070.5795000", 59769, "458316.0", "3459758.5448000", "0"], [1760817600000, "7.500000", "7.856000", "7.450000", "7.468000", "485082.6", 1760831999999, "3676742.6957000", 43268, "244902.4", "1857388.1228000", "0"], [1760832000000, "7.474000", "7.485000", "7.305000", "7.438000", "262307.5", 1760846399999, "1939483.7753000", 33705, "123976.0", "917221.3711000", "0"], [1760846400000, "7.437000", "7.447000", "7.247000", "7.293000", "249769.8", 1760860799999, "1833392.8095000", 27601, "111479.9", "818476.2717000", "0"], [1760860800000, "7.293000", "7.500000", "7.181000", "7.427000", "527068.8", 1760875199999, "3871444.1806000", 46054, "250893.0", "1843533.3780000", "0"], [1760875200000, "7.429000", "7.755000", "7.395000", "7.653000", "487095.1", 1760889599999, "3705366.1141000", 46478, "256171.0", "1947929.8026000", "0"], [1760889600000, "7.653000", "7.918000", "7.612000", "7.775000", "426640.0", 1760903999999, "3303523.5990000", 39545, "226311.6", "1753550.4760000", "0"], [1760904000000, "7.777000", "7.778000", "7.594000", "7.616000", "186132.9", 1760918399999, "1429244.7782000", 23252, "96969.1", "745052.1461000", "0"], [1760918400000, "7.617000", "7.776000", "7.507000", "7.758000", "352713.2", 1760932799999, "2679312.3900000", 33074, "186529.6", "1416358.5009000", "0"], [1760932800000, "7.760000", "7.816000", "7.669000", "7.755000", "276327.1", 1760947199999, "2139968.0818000", 27591, "136365.3", "1056417.9220000", "0"], [1760947200000, "7.756000", "7.796000", "7.639000", "7.669000", "268925.1", 1760961599999, "2076294.4827000", 25849, "130369.9", "1007286.0163000", "0"], [1760961600000, "7.671000", "7.900000", "7.527000", "7.543000", "369964.6", 1760975999999, "2853416.2881000", 38653, "189909.7", "1465998.8374000", "0"], [1760976000000, "7.544000", "7.720000", "7.460000", "7.596000", "369551.4", 1760990399999, "2799751.1019000", 40769, "202517.4", "1534914.4273000", "0"], [1760990400000, "7.596000", "8.695000", "7.579000", "8.475000", "1364467.4", 1761004799999, "11303312.3906000", 114174, "707817.8", "5859219.6640000", "0"], [1761004800000, "8.475000", "8.829000", "8.224000", "8.261000", "1090709.7", 1761019199999, "9221092.8201000", 97062, "548645.1", "4645415.7910000", "0"], [1761019200000, "8.258000", "8.304000", "7.889000", "7.939000", "667252.8", 1761033599999, "5377274.7565000", 59618, "321985.1", "2592993.9349000", "0"], [1761033600000, "7.936000", "7.957000", "7.685000", "7.904000", "493038.4", 1761047999999, "3856254.8436000", 44638, "261530.5", "2047466.9303000", "0"], [1761048000000, "7.905000", "8.777000", "7.825000", "8.555000", "1229546.7", 1761062399999, "10179073.0834000", 115308, "639055.5", "5301924.2804000", "0"], [1761062400000, "8.554000", "8.596000", "7.758000", "7.793000", "880578.4", 1761076799999, "7076373.4232000", 89827, "403079.1", "3226979.3827000", "0"], [1761076800000, "7.793000", "7.871000", "7.446000", "7.500000", "453396.8", 1761091199999, "3445119.0726000", 48979, "205260.5", "1559464.7180000", "0"]]}