{"_ts": 1761098390.1787097, "data": [[1759478400000, "4.160000", "5.140000", "4.003000", "4.731900", "19377587.1", 1759492799999, "88584277.7730300", 848686, "9731518.9", "44554115.3550700", "0"], [1759492800000, "4.732200", "6.586000", "4.534100", "6.317300", "37998286.1", 1759507199999, "205670111.7783300", 2038342, "19206506.5", "103969758.5658700", "0"], [1759507200000, "6.321400", "7.065700", "5.704800", "6.896200", "26180623.9", 1759521599999, "164267635.7001300", 1597898, "13090709.2", "82239626.8954900", "0"], [1759521600000, "6.896000", "7.420000", "6.210600", "6.854700", "18227140.8", 1759535999999, "125274878.7330800", 1201452, "8998791.3", "61911302.7713400", "0"], [1759536000000, "6.854500", "6.900000", "5.720000", "5.838900", "15692425.9", 1759550399999, "98367569.6703000", 879201, "7784876.6", "48787153.1413600", "0"], [1759550400000, "5.838800", "6.218700", "5.303700", "6.155100", "13634098.1", 1759564799999, "77481634.5411600", 680429, "7007215.7", "39866241.0035200", "0"], [1759564800000, "6.153900", "6.209100", "5.593100", "5.837900", "12193212.6", 1759579199999, "71691832.0387500", 635814, "5892412.7", "34662459.7764600", "0"], [1759579200000, "5.836300", "5.973200", "5.257100", "5.694400", "9710396.8", 1759593599999, "54131417.9569400", 573669, "4921541.6", "27449414.6789400", "0"], [1759593600000, "5.697100", "6.545600", "3.476400", "4.564000", "48674172.5", 1759607999999, "230785595.7493700", 2071107, "24144549.7", "114130432.9599800", "0"], [1759608000000, "4.567100", "5.944400", "3.447300", "3.662700", "34924292.6", 1759622399999, "147977096.7160100", 1639799, "16923355.6", "72051178.6125400", "0"], [1759622400000, "3.662100", "3.922000", "3.537300", "3.782900", "15043988.8", 1759636799999, "56194330.7473400", 705428, "7388671.2", "27596437.3631100", "0"], [1759636800000, "3.783200", "3.887400", "3.601000", "3.726200", "10055277.7", 1759651199999, "37360328.3003400", 455502, "4886041.3", "18156190.1090200", "0"], [1759651200000, "3.724800", "3.896300", "3.400000", "3.571100", "13177437.1", 1759665599999, "48615107.3182900", 536006, "6164664.1", "22769204.1663500", "0"], [1759665600000, "3.570000", "3.845600", "3.513600", "3.766800", "10286423.2", 1759679999999, "37810544.0197900", 463300, "4948253.0", "18193830.7428600", "0"], [1759680000000, "3.768200", "4.100000", "3.456800", "3.511000", "13910403.5", 1759694399999, "52130715.5833600", 606399, "6566856.3", "24626729.3101400", "0"], [1759694400000, "3.508500", "3.643000", "3.403300", "3.570200", "5002482.8", 1759708799999, "17735641.1761200", 258211, "2425567.6", "8610079.0191200", "0"], [1759708800000, "3.570700", "3.750000", "3.518300", "3.739100", "4048489.0", 1759723199999, "14658653.2583700", 223117, "2005321.1", "7265064.8873200", "0"], [1759723200000, "3.739700", "3.845000", "3.250000", "3.342100", "7282433.4", 1759737599999, "25993523.0299600", 335669, "3094088.7", "11062879.0223600", "0"], [1759737600000, "3.341100", "3.430900", "3.075900", "3.296100", "8682093.3", 1759751999999, "28233758.0998800", 334495, "3920215.8", "12766264.2785500", "0"], [1759752000000, "3.297600", "3.434600", "3.217300", "3.355400", "4862268.5", 1759766399999, "16214121.8716600", 203257, "2216346.5", "7394346.4106600", "0"], [1759766400000, "3.356800", "3.499600", "3.319000", "3.386900", "3641255.9", 1759780799999, "12388010.1734500", 175132, "1744133.6", "5938319.1643900", "0"], [1759780800000, "3.387700", "4.000000", "3.368600", "3.616200", "6455702.0", 1759795199999, "23565463.6138500", 316881, "3003551.9", "10973216.9976500", "0"], [1759795200000, "3.616300", "3.980000", "3.519600", "3.901100", "5184681.4", 1759809599999, "19535401.2223700", 308177, "2448570.0", "9218564.0457900", "0"], [1759809600000, "3.901200", "4.030100", "3.476000", "3.710400", "6140383.0", 1759823999999, "22499196.7492000", 325383, "2916066.4", "10691694.9250900", "0"], [1759824000000, "3.710300", "4.381400", "3.694500", "4.061800", "15004739.3", 1759838399999, "61345240.7448000", 661265, "7254678.5", "29685276.0977200", "0"], [1759838400000, "4.060800", "4.142300", "3.571000", "3.738500", "8715963.6", 1759852799999, "33353619.2302900", 359894, "4143904.6", "15883740.7138800", "0"], [1759852800000, "3.738500", "3.939400", "3.660100", "3.740900", "4352539.7", 1759867199999, "16544692.0137500", 207428, "2110383.6", "8027171.3432500", "0"], [1759867200000, "3.740600", "3.774900", "3.605700", "3.702600", "2569673.4", 1759881599999, "9514155.2333200", 149767, "1217882.9", "4511108.9472700", "0"], [1759881600000, "3.702200", "3.728700", "3.448300", "3.604200", "2391743.7", 1759895999999, "8567449.9994300", 146060, "1087237.6", "3898629.8857600", "0"], [1759896000000, "3.604200", "3.979600", "3.555000", "3.965700", "3903720.5", 1759910399999, "14736778.8487900", 226470, "2011293.8", "7597704.9141700", "0"], [1759910400000, "3.965400", "4.026600", "3.672800", "3.731600", "3063188.9", 1759924799999, "11725072.8104000", 165131, "1373773.4", "5263048.4155800", "0"], [1759924800000, "3.731800", "3.900000", "3.674600", "3.731400", "2173607.8", 1759939199999, "8242906.5899100", 133699, "1052860.2", "3991282.3983300", "0"], [1759939200000, "3.731600", "3.924900", "3.723100", "3.763000", "1700487.5", 1759953599999, "6490846.5552600", 115671, "816241.6", "3114273.8741900", "0"], [1759953600000, "3.762300", "3.784600", "3.643900", "3.745000", "1181458.0", 1759967999999, "4387975.4835900", 79185, "552188.8", "2052069.8972600", "0"], [1759968000000, "3.744900", "3.885000", "3.581000", "3.650000", "2748930.4", 1759982399999, "10285961.8066000", 164670, "1248218.6", "4668240.8906700", "0"], [1759982400000, "3.649300", "3.713100", "3.511400", "3.601800", "1742224.2", 1759996799999, "6307764.1151200", 114534, "865058.2", "3133133.8790400", "0"], [1759996800000, "3.602000", "3.642500", "3.443900", "3.483600", "1856481.5", 1760011199999, "6521700.3036000", 104577, "897985.7", "3156479.5380600", "0"], [1760011200000, "3.483300", "3.490900", "3.196300", "3.269000", "2503897.2", 1760025599999, "8401161.0066700", 109237, "1135510.1", "3809492.7874400", "0"], [1760025600000, "3.270400", "3.361200", "3.265100", "3.304200", "1058385.0", 1760039999999, "3496641.5985000", 69031, "504984.2", "1668485.1583900", "0"], [1760040000000, "3.302700", "3.384000", "3.286700", "3.340800", "788944.1", 1760054399999, "2630095.6486300", 53980, "376196.9", "1254859.4497800", "0"], [1760054400000, "3.340500", "3.370400", "3.281300", "3.338100", "1054218.8", 1760068799999, "3506566.0763300", 62755, "552748.9", "1839320.3564200", "0"], [1760068800000, "3.337700", "3.413700", "3.224700", "3.252200", "1440899.1", 1760083199999, "4761938.0727800", 87340, "721218.1", "2384025.4009600", "0"], [1760083200000, "3.252400", "3.606300", "3.230300", "3.586200", "2716403.2", 1760097599999, "9290747.4155800", 153830, "1339533.8", "4583504.1637500", "0"], [1760097600000, "3.584700", "3.676800", "3.366600", "3.472500", "3486973.8", 1760111999999, "12268481.6318000", 180197, "1559881.0", "5493294.1700100", "0"], [1760112000000, "3.472700", "3.715800", "3.471500", "3.660500", "3094446.2", 1760126399999, "11193930.2064600", 179323, "1507056.6", "5452190.5315300", "0"], [1760126400000, "3.661300", "3.681900", "0.722100", "2.732200", "6885208.5", 1760140799999, "17690918.9815000", 248167, "3005876.3", "7621421.9172400", "0"], [1760140800000, "2.727200", "2.813300", "2.463100", "2.596500", "2502476.7", 1760155199999, "6531329.5978300", 124085, "1087563.1", "2839293.1946300", "0"], [1760155200000, "2.596500", "2.642700", "2.321000", "2.333900", "2360886.2", 1760169599999, "5882847.2283300", 98389, "1068184.7", "2661987.1388400", "0"], [1760169600000, "2.332400", "2.367500", "1.993300", "2.057200", "4028175.0", 1760183999999, "8776611.2995300", 115810, "1814941.1", "3951431.3653600", "0"], [1760184000000, "2.057000", "2.087900", "1.817100", "1.842800", "5370073.5", 1760198399999, "10316813.9040700", 136209, "2615421.0", "5021737.1787200", "0"], [1760198400000, "1.842400", "1.964100", 