{"_ts": 1761088470.9673817, "data": [[1760918400000, "3.291500", "3.309900", "3.055800", "3.277700", "996932.3", 1760921999999, "3200739.1601900", 81826, "481415.0", "1548345.3862600", "0"], [1760922000000, "3.277700", "3.285800", "3.155800", "3.189800", "521707.5", 1760925599999, "1680954.8619400", 60831, "266846.7", "859913.3030000", "0"], [1760925600000, "3.189500", "3.216000", "3.066000", "3.183600", "630249.9", 1760929199999, "1974090.9890600", 77250, "305102.5", "956120.0002000", "0"], [1760929200000, "3.183600", "3.339000", "3.137100", "3.304500", "499302.4", 1760932799999, "1621000.9077600", 61373, "236711.9", "767542.7678500", "0"], [1760932800000, "3.302500", "3.324400", "3.255600", "3.277000", "355219.4", 1760936399999, "1169818.4879300", 44178, "148313.2", "488429.3122900", "0"], [1760936400000, "3.276400", "3.319400", "3.214800", "3.294700", "343632.4", 1760939999999, "1122898.4657200", 42503, "159527.0", "521637.5918200", "0"], [1760940000000, "3.293700", "3.356800", "3.288600", "3.348700", "319369.5", 1760943599999, "1059773.2185700", 39768, "159053.7", "527965.9707100", "0"], [1760943600000, "3.348700", "3.469800", "3.321400", "3.376400", "595569.4", 1760947199999, "2024843.6300500", 67033, "301164.4", "1024664.8454700", "0"], [1760947200000, "3.375800", "3.376900", "3.284000", "3.320400", "340360.2", 1760950799999, "1131670.3461600", 38000, "152947.9", "508646.7345400", "0"], [1760950800000, "3.320500", "3.379000", "3.285000", "3.332500", "261407.4", 1760954399999, "872135.7670100", 31547, "126793.8", "422997.9333800", "0"], [1760954400000, "3.333000", "3.659000", "3.313200", "3.424500", "1074359.8", 1760957999999, "3747646.2071500", 96747, "523848.2", "1827432.2416500", "0"], [1760958000000, "3.424600", "3.580900", "3.375100", "3.457600", "719390.6", 1760961599999, "2508543.7127300", 74716, "347318.2", "1210864.1670400", "0"], [1760961600000, "3.457600", "3.463000", "3.299200", "3.314800", "480794.5", 1760965199999, "1621700.6163400", 48822, "204872.8", "691083.3907400", "0"], [1760965200000, "3.315700", "3.402700", "3.300900", "3.359500", "421992.9", 1760968799999, "1412724.1862200", 39766, "213539.6", "715304.8214100", "0"], [1760968800000, "3.359500", "3.427300", "3.306500", "3.409100", "350201.7", 1760972399999, "1178406.7951400", 35970, "177988.9", "599112.8889800", "0"], [1760972400000, "3.407400", "3.463900", "3.322700", "3.342200", "397276.2", 1760975999999, "1345990.7481200", 41615, "198277.6", "671772.6401200", "0"], [1760976000000, "3.342200", "3.469100", "3.266900", "3.439400", "710394.1", 1760979599999, "2400836.1742100", 58428, "341261.6", "1153174.3086500", "0"], [1760979600000, "3.439300", "4.128000", "3.438100", "4.025200", "3012139.5", 1760983199999, "11444006.4095600", 218374, "1487571.2", "5663987.9392100", "0"], [1760983200000, "4.020800", "4.200000", "3.510000", "3.949500", "4777282.6", 1760986799999, "18497508.1604000", 331823, "2287968.7", "8864773.8638100", "0"], [1760986800000, "3.949500", "3.977900", "3.650000", "3.785100", "1701696.2", 1760990399999, "6473699.5231500", 162401, "829674.5", "3154811.2326700", "0"], [1760990400000, "3.783900", "3.889000", "3.670000", "3.855700", "857272.6", 1760993999999, "3237923.3065600", 93035, "415437.8", "1569996.7502600", "0"], [1760994000000, "3.855700", "3.901400", "3.704500", "3.735000", "542399.3", 1760997599999, "2062355.1393800", 45298, "256066.7", "973602.0231700", "0"], [1760997600000, "3.734700", "3.889400", "3.601500", "3.663700", "827097.0", 1761001199999, "3105990.7962700", 86034, "404494.7", "1520123.3787900", "0"], [1761001200000, "3.664100", "3.772400", "3.477800", "3.518100", "1103780.9", 1761004799999, "3995764.2018700", 97688, "453756.6", "1647898.6359500", "0"], [1761004800000, "3.518000", "3.712500", "3.518000", "3.695000", "669871.1", 1761008399999, "2418241.6987900", 75907, "357398.7", "1291089.2101300", "0"], [1761008400000, "3.693700", "3.777000", "3.650100", "3.747200", "703026.4", 1761011999999, "2612220.0578100", 83909, "355653.6", "1321733.3949400", "0"], [1761012000000, "3.747100", "4.166000", "3.736900", "4.005300", "3715554.2", 1761015599999, "14919757.9153300", 299738, "1863710.9", "7482131.1527100", "0"], [1761015600000, "4.004000", "4.220300", "3.955100", "4.147500", "2597774.3", 1761019199999, "10719683.5866100", 203922, "1318146.6", "5440122.4121100", "0"], [1761019200000, "4.148500", "4.193200", "3.928300", "4.108000", "2459102.6", 1761022799999, "9988577.2902800", 190410, "1244026.4", "5055626.1475300", "0"], [1761022800000, "4.108200", "4.444400", "4.050000", "4.403200", "2963370.9", 1761026399999, "12542362.9046900", 232613, "1603513.8", "6790435.0564900", "0"], [1761026400000, "4.403200", "4.450000", "3.984400", "4.401700", "3509746.5", 1761029999999, "15023448.6284700", 277482, "1826141.7", "7820636.7764900", "0"], [1761030000000, "4.401700", "4.651600", "4.121300", "4.254900", "4467337.4", 1761033599999, "19546159.7872200", 323038, "2251020.9", "9858322.4146000", "0"], [1761033600000, "4.255500", "4.327100", "4.053500", "4.165800", "2200561.6", 1761037199999, "9243948.0687300", 193112, "1071045.3", "4501970.0645300", "0"], [1761037200000, "4.166000", "4.400500", "4.137900", "4.338400", "1611641.2", 1761040799999, "6871570.9408600", 143125, "845655.8", "3606577.1124800", "0"], [1761040800000, "4.338300", "4.670900", "4.323300", "4.530500", "3201485.4", 1761044399999, "14497445.8754600", 253505, "1659074.8", "7512598.2413000", "0"], [1761044400000, "4.530600", "4.847500", "4.425700", "4.776900", "3079010.4", 1761047999999, "14406957.3836100", 248284, "1620232.9", "7584594.5481100", "0"], [1761048000000, "4.776100", "5.099800", "4.647200", "4.667600", "5969279.1", 1761051599999, "29258080.7282000", 437519, "3023467.4", "14826973.4941400", "0"], [1761051600000, "4.667400", "5.020000", "4.664500", "4.925000", "3099068.9", 1761055199999, "15140932.4545500", 252636, "1592003.6", "7776971.4473700", "0"], [1761055200000, "4.924600", "5.088800", "4.787500", "5.045500", "3397596.9", 1761058799999, "16786388.1492300", 242744, "1730366.3", "8549531.7274400", "0"], [1761058800000, "5.045700", "5.237500", "4.927200", "5.035000", "3759903.7", 1761062399999, "19129089.7728700", 260053, "1930584.7", "9823938.0337600", "0"], [1761062400000, "5.033800", "5.111100", "4.486400", "4.756900", "4367291.0", 1761065999999, "20928009.8784200", 287737, "2202058.4", "10553585.0100800", "0"], [1761066000000, "4.757000", "5.140600", "4.751100", "4.995700", "2315668.4", 1761069599999, "11420526.8468600", 222339, "1166519.9", "5749968.0125000", "0"], [1761069600000, "4.995200", "5.088300", "4.682100", "4.700500", "1851301.0", 1761073199999, "8984164.9569400", 186299, "921197.3", "4469094.1969200", "0"], [1761073200000, "4.700300", "4.810700", "4.421800", "4.745000", "2272982.0", 1761076799999, "10516402.6496700", 198668, "1129000.3", "5228449.9329300", "0"], [1761076800000, "4.743700", "5.551500", "4.560000", "4.917100", "4534175.3", 1761080399999, "22667368.3227200", 365413, "2368367.7", "11850858.8133100", "0"], [1761080400000, "4.916300", "5.466200", "4.878900", "5.260800", "2217999.9", 1761083999999, "11690948.6088100", 200913, "1128821.3", "5950539.6755500", "0"], [1761084000000, "5.261600", "5.451600", "4.940100", "4.987400", "2113488.9", 1761087599999, "10976154.0369000", 255385, "1010685.5", "5254114.1406300", "0"], [1761087600000, "4.989000", "5.073500", "4.804300", "4.937500", "595334.7", 1761091199999, "2950695.6592000", 61634, "285078.1", "1415354.8437800", "0"]]}