{"_ts": 1761088524.8601632, "data": [[1760918400000, "0.2898000", "0.2944000", "0.2840000", "0.2860000", "30995736", 1760921999999, "8950808.8236000", 42103, "14129042", "4082383.2556000", "0"], [1760922000000, "0.2860000", "0.2881000", "0.2821000", "0.2831000", "11016428", 1760925599999, "3137978.4540000", 19048, "5221695", "1488575.2104000", "0"], [1760925600000, "0.2830000", "0.2849000", "0.2812000", "0.2835000", "9453324", 1760929199999, "2671813.6708000", 18347, "4399659", "1243883.6168000", "0"], [1760929200000, "0.2836000", "0.2908000", "0.2822000", "0.2902000", "15984326", 1760932799999, "4583109.5079000", 22417, "9581646", "2748292.7940000", "0"], [1760932800000, "0.2903000", "0.2937000", "0.2870000", "0.2884000", "17043678", 1760936399999, "4946304.5884000", 24840, "8331297", "2418241.9037000", "0"], [1760936400000, "0.2885000", "0.2921000", "0.2858000", "0.2914000", "12216882", 1760939999999, "3527921.0483000", 19752, "6135168", "1771715.5701000", "0"], [1760940000000, "0.2913000", "0.3004000", "0.2900000", "0.2984000", "21595890", 1760943599999, "6387194.6284000", 33786, "12362093", "3657983.1650000", "0"], [1760943600000, "0.2985000", "0.2993000", "0.2910000", "0.2929000", "23806321", 1760947199999, "7021055.2443000", 29361, "10041918", "2960829.1626000", "0"], [1760947200000, "0.2929000", "0.2938000", "0.2894000", "0.2898000", "13844658", 1760950799999, "4035324.9950000", 19925, "6914726", "2017261.6967000", "0"], [1760950800000, "0.2898000", "0.2899000", "0.2865000", "0.2872000", "12889066", 1760954399999, "3710553.6763000", 16607, "6492551", "1869538.2322000", "0"], [1760954400000, "0.2871000", "0.2906000", "0.2854000", "0.2866000", "12864438", 1760957999999, "3703354.6568000", 17670, "5999537", "1728901.7285000", "0"], [1760958000000, "0.2865000", "0.2873000", "0.2849000", "0.2866000", "6264423", 1760961599999, "1793164.8741000", 12330, "3031335", "867923.8444000", "0"], [1760961600000, "0.2866000", "0.2921000", "0.2853000", "0.2893000", "15908264", 1760965199999, "4595003.9215000", 21035, "8051699", "2326343.0013000", "0"], [1760965200000, "0.2894000", "0.2928000", "0.2880000", "0.2919000", "8682938", 1760968799999, "2520527.5595000", 16070, "4687227", "1361040.8542000", "0"], [1760968800000, "0.2920000", "0.2924000", "0.2869000", "0.2887000", "13369902", 1760972399999, "3868515.5599000", 18235, "5540767", "1604254.4840000", "0"], [1760972400000, "0.2888000", "0.2902000", "0.2832000", "0.2832000", "15983418", 1760975999999, "4577216.6674000", 21865, "7056685", "2022490.5380000", "0"], [1760976000000, "0.2832000", "0.2833000", "0.2771000", "0.2781000", "26972772", 1760979599999, "7552147.8977000", 40847, "11800060", "3305576.3899000", "0"], [1760979600000, "0.2781000", "0.2803000", "0.2739000", "0.2767000", "14699330", 1760983199999, "4065799.2467000", 28888, "7292082", "2018160.9657000", "0"], [1760983200000, "0.2766000", "0.2791000", "0.2750000", "0.2772000", "8075177", 1760986799999, "2238241.2807000", 16161, "4417452", "1224321.4520000", "0"], [1760986800000, "0.2772000", "0.2783000", "0.2754000", "0.2766000", "7219249", 1760990399999, "1997928.1915000", 18542, "3613297", "999911.4650000", "0"], [1760990400000, "0.2767000", "0.2780000", "0.2754000", "0.2761000", "6925817", 1760993999999, "1914718.7397000", 17957, "3566286", "986187.2560000", "0"], [1760994000000, "0.2760000", "0.2774000", "0.2700000", "0.2705000", "14994618", 1760997599999, "4094238.1283000", 24716, "6098100", "1665867.2703000", "0"], [1760997600000, "0.2705000", "0.2718000", "0.2684000", "0.2700000", "11997827", 1761001199999, "3240203.0197000", 19619, "6405689", "1730536.0665000", "0"], [1761001200000, "0.2701000", "0.2710000", "0.2691000", "0.2691000", "6189299", 1761004799999, "1670805.8343000", 11052, "3405755", "919537.8098000", "0"], [1761004800000, "0.2692000", "0.2698000", "0.2680000", "0.2684000", "7912615", 1761008399999, "2128331.7821000", 15252, "3990658", "1073638.6583000", "0"], [1761008400000, "0.2685000", "0.2690000", "0.2643000", "0.2661000", "12490330", 1761011999999, "3327523.8345000", 17903, "5023331", "1338354.7492000", "0"], [1761012000000, "0.2661000", "0.2684000", "0.2642000", "0.2665000", "12520769", 1761015599999, "3336101.1328000", 17148, "5922272", "1578421.2764000", "0"], [1761015600000, "0.2665000", "0.2668000", "0.2620000", "0.2626000", "11582329", 1761019199999, "3059229.0593000", 16800, "4604460", "1216685.6697000", "0"], [1761019200000, "0.2626000", "0.2640000", "0.2583000", "0.2594000", "21712119", 1761022799999, "5666527.2814000", 29800, "9170114", "2394062.8601000", "0"], [1761022800000, "0.2594000", "0.2611000", "0.2573000", "0.2589000", "12224616", 1761026399999, "3167171.8525000", 18878, "6328321", "1639813.1128000", "0"], [1761026400000, "0.2590000", "0.2656000", "0.2586000", "0.2636000", "16775424", 1761029999999, "4411186.3311000", 20000, "8779452", "2306761.6383000", "0"], [1761030000000, "0.2636000", "0.2639000", "0.2615000", "0.2626000", "9412383", 1761033599999, "2471459.6568000", 12536, "4360119", "1145193.9957000", "0"], [1761033600000, "0.2625000", "0.2626000", "0.2594000", "0.2599000", "8244329", 1761037199999, "2148962.4971000", 13010, "3793591", "988798.8400000", "0"], [1761037200000, "0.2598000", "0.2620000", "0.2586000", "0.2600000", "6845518", 1761040799999, "1778542.4151000", 12606, "3620485", "940951.7690000", "0"], [1761040800000, "0.2600000", "0.2641000", "0.2589000", "0.2616000", "10494730", 1761044399999, "2740092.8146000", 15666, "5264704", "1375282.5584000", "0"], [1761044400000, "0.2615000", "0.2637000", "0.2610000", "0.2618000", "6088018", 1761047999999, "1596773.8068000", 9763, "3166873", "830744.5033000", "0"], [1761048000000, "0.2618000", "0.2656000", "0.2610000", "0.2624000", "10755071", 1761051599999, "2834280.8658000", 15705, "5317388", "1402144.9241000", "0"], [1761051600000, "0.2624000", "0.2632000", "0.2598000", "0.2612000", "12175468", 1761055199999, "3183072.4013000", 19610, "5939402", "1553280.6898000", "0"], [1761055200000, "0.2613000", "0.2692000", "0.2604000", "0.2689000", "30299160", 1761058799999, "8004735.6809000", 38354, "15256952", "4031684.1444000", "0"], [1761058800000, "0.2690000", "0.2722000", "0.2664000", "0.2693000", "26861373", 1761062399999, "7245031.6714000", 31814, "12457568", "3361343.1519000", "0"], [1761062400000, "0.2693000", "0.2706000", "0.2598000", "0.2614000", "29641378", 1761065999999, "7894624.2802000", 30425, "13809617", "3677857.9314000", "0"], [1761066000000, "0.2614000", "0.2635000", "0.2576000", "0.2601000", "23594456", 1761069599999, "6159375.4966000", 30421, "11407241", "2980031.8490000", "0"], [1761069600000, "0.2602000", "0.2614000", "0.2576000", "0.2591000", "13570536", 1761073199999, "3517263.2679000", 17412, "7078284", "1835451.0144000", "0"], [1761073200000, "0.2590000", "0.2606000", "0.2553000", "0.2559000", "13270944", 1761076799999, "3424951.1335000", 16337, "5721903", "1478676.3503000", "0"], [1761076800000, "0.2558000", "0.2570000", "0.2512000", "0.2529000", "26798191", 1761080399999, "6796961.8619000", 28736, "12596345", "3196006.1513000", "0"], [1761080400000, "0.2528000", "0.2546000", "0.2466000", "0.2501000", "22687031", 1761083999999, "5675131.8628000", 23826, "9657025", "2418124.2142000", "0"], [1761084000000, "0.2500000", "0.2500000", "0.2443000", "0.2464000", "22442952", 1761087599999, "5539594.4278000", 27177, "10193150", "2516885.1496000", "0"], [1761087600000, "0.2464000", "0.2477000", "0.2461000", "0.2472000", "3170282", 1761091199999, "782790.5280000", 4012, "1686518", "416576.0449000", "0"]]}