{"_ts": 1761088503.8834555, "data": [[1760918400000, "0.1231600", "0.1231800", "0.1191200", "0.1200700", "51717566", 1760921999999, "6241879.3318200", 55855, "28306755", "3416502.3556400", "0"], [1760922000000, "0.1200800", "0.1213500", "0.1177100", "0.1182900", "35575729", 1760925599999, "4244789.4627700", 50815, "17654119", "2107911.9715000", "0"], [1760925600000, "0.1182800", "0.1246300", "0.1173100", "0.1232800", "76539379", 1760929199999, "9255990.2148500", 74731, "39418532", "4755422.2191900", "0"], [1760929200000, "0.1232800", "0.1289000", "0.1227100", "0.1286800", "53308941", 1760932799999, "6706620.9889300", 76754, "24270366", "3053160.4150400", "0"], [1760932800000, "0.1286900", "0.1295400", "0.1278200", "0.1286300", "29663831", 1760936399999, "3818412.1641900", 49925, "11949499", "1538594.9795200", "0"], [1760936400000, "0.1286300", "0.1350000", "0.1277200", "0.1331700", "41872081", 1760939999999, "5510635.7185200", 70226, "22274597", "2930450.7096400", "0"], [1760940000000, "0.1331700", "0.1364300", "0.1317800", "0.1344500", "44414152", 1760943599999, "5947873.9122100", 75350, "21987833", "2944219.2897600", "0"], [1760943600000, "0.1344500", "0.1360200", "0.1336800", "0.1340600", "21803958", 1760947199999, "2933757.9642400", 46228, "9568899", "1287734.3857400", "0"], [1760947200000, "0.1340500", "0.1370100", "0.1323600", "0.1330300", "39636329", 1760950799999, "5324981.3301100", 63647, "18733756", "2516750.3278900", "0"], [1760950800000, "0.1330300", "0.1334200", "0.1312500", "0.1332700", "17478522", 1760954399999, "2311263.8730800", 34821, "8717630", "1153218.8292800", "0"], [1760954400000, "0.1332600", "0.1341200", "0.1317800", "0.1321000", "17140586", 1760957999999, "2274495.8970400", 34431, "9299819", "1234227.2646300", "0"], [1760958000000, "0.1320900", "0.1326000", "0.1306900", "0.1308200", "14558687", 1760961599999, "1916035.1974700", 29127, "7245153", "953888.7256200", "0"], [1760961600000, "0.1308300", "0.1361500", "0.1306100", "0.1346200", "36236537", 1760965199999, "4856087.8727100", 50806, "21232808", "2843092.9303300", "0"], [1760965200000, "0.1346100", "0.1370900", "0.1339700", "0.1369400", "30497685", 1760968799999, "4142835.4382500", 52244, "16079339", "2185169.1266900", "0"], [1760968800000, "0.1369400", "0.1379800", "0.1339700", "0.1379100", "23791412", 1760972399999, "3225122.1887800", 42222, "12045272", "1634026.2421700", "0"], [1760972400000, "0.1379000", "0.1408900", "0.1363000", "0.1396300", "47085284", 1760975999999, "6522488.8000900", 71560, "25606884", "3550128.9079000", "0"], [1760976000000, "0.1396000", "0.1409200", "0.1366500", "0.1393800", "65355958", 1760979599999, "9067967.8065000", 99679, "31906546", "4429174.1460400", "0"], [1760979600000, "0.1393800", "0.1418500", "0.1376300", "0.1403400", "46931443", 1760983199999, "6570576.3343100", 73787, "22847781", "3200850.8973200", "0"], [1760983200000, "0.1403500", "0.1409500", "0.1391000", "0.1404200", "20402400", 1760986799999, "2859388.1534400", 41120, "10292049", "1442238.4640700", "0"], [1760986800000, "0.1404300", "0.1455100", "0.1383000", "0.1406700", "64600914", 1760990399999, "9160316.0435500", 88776, "30060298", "4263509.8615800", "0"], [1760990400000, "0.1407200", "0.1434000", "0.1397900", "0.1410000", "20000007", 1760993999999, "2825001.4041000", 43735, "10182787", "1438570.0359200", "0"], [1760994000000, "0.1410000", "0.1433000", "0.1400900", "0.1409100", "16030996", 1760997599999, "2270082.9911200", 29646, "8001255", "1133202.7540000", "0"], [1760997600000, "0.1409000", "0.1426900", "0.1403300", "0.1419100", "14254551", 1761001199999, "2020771.9142300", 34581, "7556337", "1071301.1479400", "0"], [1761001200000, "0.1419200", "0.1432700", "0.1413400", "0.1417300", "16621203", 1761004799999, "2364323.9809900", 35653, "8197512", "1166381.3463500", "0"], [1761004800000, "0.1417800", "0.1434600", "0.1380000", "0.1385300", "28303711", 1761008399999, "3973405.1265800", 53992, "12460236", "1751579.8296400", "0"], [1761008400000, "0.1384900", "0.1426500", "0.1375400", "0.1421900", "27586651", 1761011999999, "3869503.1633200", 51209, "15709039", "2203923.8918800", "0"], [1761012000000, "0.1421500", "0.1427800", "0.1377000", "0.1378000", "25145677", 1761015599999, "3511974.1491400", 48443, "11077625", "1547277.2000100", "0"], [1761015600000, "0.1378000", "0.1382800", "0.1350500", "0.1356700", "23522367", 1761019199999, "3212885.9070900", 37243, "9611864", "1314080.5215300", "0"], [1761019200000, "0.1356600", "0.1426000", "0.1351600", "0.1379400", "74379148", 1761022799999, "10357885.6347700", 93211, "41653124", "5798363.5231300", "0"], [1761022800000, "0.1379500", "0.1395900", "0.1343100", "0.1357000", "43562276", 1761026399999, "5946620.0863600", 60101, "20850735", "2843469.7182900", "0"], [1761026400000, "0.1356700", "0.1395200", "0.1320000", "0.1341200", "63631914", 1761029999999, "8676153.0382800", 80384, "31258400", "4260573.0994300", "0"], [1761030000000, "0.1341100", "0.1374700", "0.1318000", "0.1360900", "39890645", 1761033599999, "5375042.0776700", 58311, "19826379", "2670387.3794200", "0"], [1761033600000, "0.1360900", "0.1379700", "0.1332000", "0.1371100", "33535212", 1761037199999, "4546466.2736100", 53523, "17408072", "2360672.7269400", "0"], [1761037200000, "0.1371000", "0.1387700", "0.1331300", "0.1355400", "34046200", 1761040799999, "4630531.7444900", 44944, "14930632", "2031481.5477400", "0"], [1761040800000, "0.1355000", "0.1442400", "0.1348500", "0.1432600", "57912842", 1761044399999, "8125350.6135700", 75057, "25282993", "3552207.2588300", "0"], [1761044400000, "0.1432500", "0.1510200", "0.1426100", "0.1470800", "137745322", 1761047999999, "20284084.5147800", 162334, "66876827", "9851841.1285700", "0"], [1761048000000, "0.1470800", "0.1495000", "0.1442200", "0.1490200", "57392276", 1761051599999, "8434903.0456400", 98777, "29188630", "4291866.4279600", "0"], [1761051600000, "0.1489600", "0.1503100", "0.1445900", "0.1452400", "59727119", 1761055199999, "8831397.4470700", 103283, "28681566", "4243428.4683900", "0"], [1761055200000, "0.1452500", "0.1608900", "0.1443000", "0.1589100", "128334355", 1761058799999, "19924037.4879600", 182691, "63641506", "9870411.9441100", "0"], [1761058800000, "0.1589100", "0.1596000", "0.1553400", "0.1585100", "65243841", 1761062399999, "10291616.7346000", 105339, "30991492", "4889610.3679800", "0"], [1761062400000, "0.1585100", "0.1642400", "0.1564600", "0.1570400", "55880868", 1761065999999, "8939479.2531700", 104892, "27156813", "4348986.9096500", "0"], [1761066000000, "0.1570600", "0.1613800", "0.1542300", "0.1605300", "43855620", 1761069599999, "6895845.3257400", 79187, "21723992", "3419484.2332000", "0"], [1761069600000, "0.1605300", "0.1631000", "0.1552100", "0.1556700", "40277354", 1761073199999, "6406400.6673000", 80773, "17977369", "2862231.3106500", "0"], [1761073200000, "0.1556700", "0.1656200", "0.1550500", "0.1604600", "55278887", 1761076799999, "8838831.2564200", 93117, "31724918", "5077189.7774200", "0"], [1761076800000, "0.1604600", "0.1637300", "0.1584800", "0.1610900", "39276190", 1761080399999, "6329386.1724100", 82007, "19480316", "3141183.9130800", "0"], [1761080400000, "0.1610800", "0.1647200", "0.1601700", "0.1633000", "34717811", 1761083999999, "5630454.2455800", 46784, "17064327", "2766971.2706400", "0"], [1761084000000, "0.1633300", "0.1648200", "0.1604400", "0.1606500", "35945011", 1761087599999, "5836091.0836800", 74213, "17648946", "2867406.1890300", "0"], [1761087600000, "0.1606400", "0.1626400", "0.1597900", "0.1614100", "10662540", 1761091199999, "1718499.1968500", 22702, "5021679", "809712.1209300", "0"]]}