{"_ts": 1761088463.1029065, "data": [[1760918400000, "0.0096650", "0.0096750", "0.0094530", "0.0095990", "10985974", 1760921999999, "105036.3925590", 2951, "5230497", "49992.8621660", "0"], [1760922000000, "0.0095940", "0.0096340", "0.0095310", "0.0095710", "4520910", 1760925599999, "43258.5811350", 1164, "2050418", "19629.5294600", "0"], [1760925600000, "0.0095710", "0.0096310", "0.0095090", "0.0095870", "4402358", 1760929199999, "42152.2105870", 1043, "2297389", "21986.2479150", "0"], [1760929200000, "0.0095880", "0.0097330", "0.0095390", "0.0097180", "6147123", 1760932799999, "59319.4377330", 1430, "2570084", "24793.3689950", "0"], [1760932800000, "0.0097160", "0.0097790", "0.0096500", "0.0096890", "11618194", 1760936399999, "112657.1351160", 1791, "4642231", "45039.8387120", "0"], [1760936400000, "0.0096800", "0.0097450", "0.0096650", "0.0097220", "3921796", 1760939999999, "38081.2386040", 1057, "1544437", "15001.4656910", "0"], [1760940000000, "0.0097120", "0.0098260", "0.0096860", "0.0097410", "9238424", 1760943599999, "90022.9517180", 1623, "2986873", "29117.2019020", "0"], [1760943600000, "0.0097410", "0.0097460", "0.0096150", "0.0096630", "9880342", 1760947199999, "95737.3072840", 1316, "4815891", "46659.9147680", "0"], [1760947200000, "0.0096540", "0.0096880", "0.0096200", "0.0096710", "2034162", 1760950799999, "19655.3838080", 642, "1057802", "10223.0926560", "0"], [1760950800000, "0.0096710", "0.0097950", "0.0096600", "0.0097220", "7359776", 1760954399999, "71542.7968010", 1396, "3184575", "30961.3165440", "0"], [1760954400000, "0.0097260", "0.0097840", "0.0096570", "0.0096650", "4117011", 1760957999999, "40054.0349650", 1275, "2248691", "21879.8720660", "0"], [1760958000000, "0.0096650", "0.0097170", "0.0096320", "0.0096950", "3964058", 1760961599999, "38351.2494700", 1034, "2080047", "20135.1622510", "0"], [1760961600000, "0.0096960", "0.0097360", "0.0095590", "0.0096080", "5389718", 1760965199999, "52029.7327850", 1256, "2164260", "20913.0370230", "0"], [1760965200000, "0.0096100", "0.0096850", "0.0095760", "0.0096070", "5900877", 1760968799999, "56768.0344950", 1769, "2026801", "19511.9743900", "0"], [1760968800000, "0.0096070", "0.0096200", "0.0093790", "0.0094650", "20759241", 1760972399999, "196858.0811160", 2579, "8621470", "81796.2300410", "0"], [1760972400000, "0.0094580", "0.0096080", "0.0094000", "0.0094140", "14669628", 1760975999999, "139136.8085190", 2904, "9328298", "88548.3374870", "0"], [1760976000000, "0.0094220", "0.0094220", "0.0089690", "0.0091550", "39116705", 1760979599999, "358770.6308020", 5962, "20096821", "184483.7124290", "0"], [1760979600000, "0.0091560", "0.0091990", "0.0090540", "0.0091070", "11597942", 1760983199999, "105701.7554710", 4117, "5718339", "52117.2761300", "0"], [1760983200000, "0.0091170", "0.0094590", "0.0091020", "0.0093070", "16637938", 1760986799999, "154178.4156720", 3109, "9735905", "90287.7108360", "0"], [1760986800000, "0.0093070", "0.0095040", "0.0091460", "0.0092810", "32642946", 1760990399999, "303046.0497530", 8226, "16428375", "152514.5020490", "0"], [1760990400000, "0.0092720", "0.0093020", "0.0092000", "0.0092510", "6518771", 1760993999999, "60277.5101550", 1621, "2558872", "23664.3150100", "0"], [1760994000000, "0.0092510", "0.0092860", "0.0091540", "0.0092030", "4283891", 1760997599999, "39547.7603580", 3381, "1935269", "17867.3662110", "0"], [1760997600000, "0.0091970", "0.0092420", "0.0091570", "0.0091870", "5187160", 1761001199999, "47659.4667370", 3498, "1408485", "12939.2811210", "0"], [1761001200000, "0.0091750", "0.0092190", "0.0091500", "0.0092080", "2656418", 1761004799999, "24403.6140030", 2943, "1241516", "11409.3906700", "0"], [1761004800000, "0.0092020", "0.0092260", "0.0091390", "0.0091500", "5553159", 1761008399999, "50906.9549640", 2247, "2980733", "27311.6277380", "0"], [1761008400000, "0.0091430", "0.0091460", "0.0090330", "0.0090880", "9190205", 1761011999999, "83362.7848840", 1581, "4521073", "41019.5947410", "0"], [1761012000000, "0.0090920", "0.0092400", "0.0090260", "0.0091370", "13611687", 1761015599999, "124294.1100730", 1717, "5093524", "46542.8524700", "0"], [1761015600000, "0.0091450", "0.0091820", "0.0088630", "0.0090820", "45534265", 1761019199999, "410609.6316750", 5482, "15218211", "137385.0032990", "0"], [1761019200000, "0.0090820", "0.0091780", "0.0089710", "0.0091570", "30514276", 1761022799999, "277764.3518710", 3492, "10403664", "94709.0829610", "0"], [1761022800000, "0.0091570", "0.0198940", "0.0091400", "0.0163100", "4058655727", 1761026399999, "70978177.2726880", 610777, "2011188436", "35152327.0013650", "0"], [1761026400000, "0.0163440", "0.0173330", "0.0148340", "0.0153820", "3408818628", 1761029999999, "55066167.2989180", 461230, "1664320068", "26944745.4506810", "0"], [1761030000000, "0.0153950", "0.0158890", "0.0132000", "0.0145080", "6169150266", 1761033599999, "89293282.6966740", 582988, "3142821538", "45524094.7285380", "0"], [1761033600000, "0.0145110", "0.0160000", "0.0130530", "0.0132140", "5862384073", 1761037199999, "84603231.3994800", 583659, "2931733956", "42360010.5404270", "0"], [1761037200000, "0.0132120", "0.0138140", "0.0128560", "0.0133440", "2758989675", 1761040799999, "36855726.9810090", 269862, "1415977313", "18921533.7701920", "0"], [1761040800000, "0.0133370", "0.0146880", "0.0129020", "0.0141530", "2609118683", 1761044399999, "36272184.9502210", 291673, "1360595410", "18916514.5575960", "0"], [1761044400000, "0.0141430", "0.0143990", "0.0132700", "0.0133680", "1414491097", 1761047999999, "19556653.2018400", 164326, "710593345", "9831912.3537050", "0"], [1761048000000, "0.0133610", "0.0135470", "0.0118280", "0.0119840", "1964723161", 1761051599999, "24962920.9279180", 188426, "947410296", "12051552.9078930", "0"], [1761051600000, "0.0119840", "0.0128000", "0.0116920", "0.0118050", "1612101988", 1761055199999, "19666650.6383990", 170146, "832781193", "10163209.2710820", "0"], [1761055200000, "0.0118050", "0.0126660", "0.0114880", "0.0126180", "1319643563", 1761058799999, "15863001.7690660", 131470, "673757736", "8105658.0858470", "0"], [1761058800000, "0.0126130", "0.0126990", "0.0120680", "0.0123830", "845836954", 1761062399999, "10473221.0189750", 84781, "407023480", "5037535.0404980", "0"], [1761062400000, "0.0123840", "0.0126000", "0.0117120", "0.0118290", "669521120", 1761065999999, "8206559.3781270", 72118, "327087673", "4010279.1411780", "0"], [1761066000000, "0.0118300", "0.0124890", "0.0115000", "0.0121510", "721400474", 1761069599999, "8693599.9265100", 84377, "366447825", "4418645.8935770", "0"], [1761069600000, "0.0121520", "0.0126570", "0.0117940", "0.0119360", "660371349", 1761073199999, "8102279.2222590", 83755, "327486610", "4016555.9972530", "0"], [1761073200000, "0.0119320", "0.0122590", "0.0116740", "0.0121770", "350575233", 1761076799999, "4188677.0561970", 54276, "172820886", "2065125.0492900", "0"], [1761076800000, "0.0121730", "0.0126140", "0.0120890", "0.0123320", "470893700", 1761080399999, "5810638.1586740", 61051, "236679635", "2920631.0454260", "0"], [1761080400000, "0.0123330", "0.0123980", "0.0119200", "0.0120080", "324478209", 1761083999999, "3946470.3784970", 51288, "163503895", "1989383.4548120", "0"], [1761084000000, "0.0120080", "0.0120240", "0.0113000", "0.0114960", "431235985", 1761087599999, "5036467.5861900", 66907, "220811820", "2580217.2198670", "0"], [1761087600000, "0.0114980", "0.0115670", "0.0113550", "0.0114500", "86814148", 1761091199999, "993927.2544700", 15443, "44036252", "504205.9839740", "0"]]}