{"_ts": 1761088648.9242482, "data": [[1760918400000, "0.0619500", "0.0619600", "0.0604200", "0.0612900", "10536255", 1760921999999, "644350.4828540", 7153, "4282175", "262077.8301460", "0"], [1760922000000, "0.0612900", "0.0618500", "0.0608900", "0.0614900", "5795925", 1760925599999, "356193.7803690", 3863, "3026772", "186017.2919990", "0"], [1760925600000, "0.0614800", "0.0619900", "0.0611200", "0.0617800", "4938078", 1760929199999, "303778.4360420", 3951, "2543752", "156496.6343320", "0"], [1760929200000, "0.0617700", "0.0647200", "0.0617300", "0.0642700", "15989371", 1760932799999, "1007742.6472910", 10551, "8124365", "512666.0417810", "0"], [1760932800000, "0.0642700", "0.0645700", "0.0638400", "0.0642500", "7824410", 1760936399999, "502252.0047400", 6875, "3378405", "216921.9717000", "0"], [1760936400000, "0.0642400", "0.0642500", "0.0636600", "0.0639300", "5287494", 1760939999999, "338107.9822790", 4681, "2918584", "186647.3966200", "0"], [1760940000000, "0.0639400", "0.0646400", "0.0636700", "0.0645000", "6023333", 1760943599999, "386730.7672890", 5514, "3146994", "202129.2650490", "0"], [1760943600000, "0.0644900", "0.0645700", "0.0637100", "0.0642300", "8955337", 1760947199999, "574743.9962590", 5884, "4929931", "316403.8205200", "0"], [1760947200000, "0.0642300", "0.0645000", "0.0633000", "0.0633400", "10779810", 1760950799999, "687538.7030280", 6001, "4614853", "293653.5827790", "0"], [1760950800000, "0.0633300", "0.0636600", "0.0628700", "0.0634500", "7571355", 1760954399999, "478588.2214080", 6854, "4321621", "273086.0806400", "0"], [1760954400000, "0.0634500", "0.0636400", "0.0624800", "0.0627600", "6935497", 1760957999999, "437645.1644140", 4991, "3507084", "221568.8311700", "0"], [1760958000000, "0.0627700", "0.0629600", "0.0623000", "0.0627500", "6173373", 1760961599999, "386884.5501750", 4089, "2235733", "140138.8181900", "0"], [1760961600000, "0.0627500", "0.0635300", "0.0625800", "0.0631800", "10041084", 1760965199999, "633041.3899080", 6003, "5118095", "322905.3829580", "0"], [1760965200000, "0.0631800", "0.0643100", "0.0630800", "0.0640700", "9362399", 1760968799999, "598202.7999990", 8511, "5723174", "365749.8378290", "0"], [1760968800000, "0.0640700", "0.0652200", "0.0631200", "0.0646400", "13149274", 1760972399999, "845206.2947010", 11131, "6513421", "418942.4075310", "0"], [1760972400000, "0.0646400", "0.0651600", "0.0638600", "0.0639100", "8566523", 1760975999999, "552029.1098090", 7140, "3965024", "255541.4472800", "0"], [1760976000000, "0.0639200", "0.0641200", "0.0627900", "0.0635700", "12102297", 1760979599999, "768402.7386230", 9043, "5858643", "372006.9793680", "0"], [1760979600000, "0.0635700", "0.0638200", "0.0627900", "0.0631300", "5722876", 1760983199999, "361791.9031380", 5061, "2613186", "165196.8429700", "0"], [1760983200000, "0.0631200", "0.0635300", "0.0627100", "0.0632100", "5486407", 1760986799999, "346700.4324100", 4003, "2938635", "185637.1824600", "0"], [1760986800000, "0.0632000", "0.0646200", "0.0630300", "0.0640800", "10591658", 1760990399999, "678038.3297980", 8126, "6181024", "395671.0044280", "0"], [1760990400000, "0.0640500", "0.0642500", "0.0634700", "0.0637400", "4177222", 1760993999999, "266682.0788390", 4074, "1943463", "124070.4351900", "0"], [1760994000000, "0.0637600", "0.0640800", "0.0633800", "0.0635300", "3279956", 1760997599999, "208947.0003500", 2996, "1663804", "106043.2041200", "0"], [1760997600000, "0.0635300", "0.0637200", "0.0631400", "0.0633100", "3675411", 1761001199999, "232965.8052500", 2523, "1514533", "96027.4778200", "0"], [1761001200000, "0.0633100", "0.0635500", "0.0630600", "0.0632200", "4039637", 1761004799999, "255593.1347800", 3197, "2061318", "130418.6100000", "0"], [1761004800000, "0.0632100", "0.0637400", "0.0630000", "0.0634000", "5055334", 1761008399999, "320318.7057270", 4278, "2767326", "175346.7988890", "0"], [1761008400000, "0.0633900", "0.0638600", "0.0628100", "0.0630200", "7174267", 1761011999999, "454367.3321380", 6291, "3883208", "246039.9158700", "0"], [1761012000000, "0.0630200", "0.0631900", "0.0620500", "0.0621000", "10401548", 1761015599999, "650650.8651990", 7132, "4665383", "291922.5743700", "0"], [1761015600000, "0.0621100", "0.0624800", "0.0613400", "0.0615500", "7058201", 1761019199999, "437735.3667210", 5788, "2904428", "180333.1627300", "0"], [1761019200000, "0.0615400", "0.0615600", "0.0602000", "0.0602600", "12052764", 1761022799999, "733408.6280800", 8343, "5208461", "316989.0962100", "0"], [1761022800000, "0.0602700", "0.0605300", "0.0596200", "0.0600900", "12566091", 1761026399999, "754282.8244440", 8355, "4896294", "294002.5915100", "0"], [1761026400000, "0.0601000", "0.0611200", "0.0600000", "0.0605800", "9375586", 1761029999999, "567550.1365030", 6754, "3878875", "234922.3762930", "0"], [1761030000000, "0.0605700", "0.0609100", "0.0600300", "0.0608200", "7974058", 1761033599999, "482106.8672510", 5395, "4003413", "242148.7731200", "0"], [1761033600000, "0.0608200", "0.0608900", "0.0601100", "0.0606300", "6891215", 1761037199999, "417442.3062800", 4737, "3014550", "182661.8010700", "0"], [1761037200000, "0.0606200", "0.0607600", "0.0598400", "0.0600500", "8869946", 1761040799999, "534560.5993140", 7075, "5293416", "318977.5579000", "0"], [1761040800000, "0.0600400", "0.0603400", "0.0595000", "0.0598700", "14981283", 1761044399999, "898411.2665290", 10720, "8647041", "518553.9765110", "0"], [1761044400000, "0.0598600", "0.0599800", "0.0583300", "0.0584700", "20641493", 1761047999999, "1219538.5595570", 13623, "10068670", "595586.7090000", "0"], [1761048000000, "0.0584700", "0.0591600", "0.0583600", "0.0584400", "15522202", 1761051599999, "910312.6244800", 10560, "8225604", "482499.8559800", "0"], [1761051600000, "0.0584600", "0.0590200", "0.0578700", "0.0584400", "14236024", 1761055199999, "831971.9142330", 9983, "6944945", "406061.0665410", "0"], [1761055200000, "0.0584600", "0.0613100", "0.0584400", "0.0611900", "22903510", 1761058799999, "1372018.8604250", 13946, "11401510", "683225.6939940", "0"], [1761058800000, "0.0611900", "0.0628300", "0.0608500", "0.0624600", "21025866", 1761062399999, "1297596.0096240", 13771, "11660219", "720140.1869950", "0"], [1761062400000, "0.0624600", "0.0626900", "0.0611500", "0.0613600", "16156217", 1761065999999, "1005485.1478770", 10913, "6790697", "422658.4954880", "0"], [1761066000000, "0.0613800", "0.0616300", "0.0603800", "0.0610600", "13872925", 1761069599999, "848164.6695590", 10631, "7046468", "430865.6213260", "0"], [1761069600000, "0.0610700", "0.0611900", "0.0599000", "0.0602300", "8512030", 1761073199999, "514785.2828670", 6969, "4315107", "260884.0544200", "0"], [1761073200000, "0.0602200", "0.0602800", "0.0596200", "0.0599800", "5216156", 1761076799999, "312930.4993900", 4717, "2758553", "165515.0280400", "0"], [1761076800000, "0.0599700", "0.0601700", "0.0585500", "0.0587700", "14987584", 1761080399999, "885722.3382840", 9536, "7528251", "444620.5725000", "0"], [1761080400000, "0.0587700", "0.0590300", "0.0580500", "0.0585400", "8622196", 1761083999999, "504109.6695060", 6612, "4188986", "244893.3479800", "0"], [1761084000000, "0.0585300", "0.0585600", "0.0562500", "0.0563300", "18200506", 1761087599999, "1039151.9855750", 12199, "7977352", "455474.3814200", "0"], [1761087600000, "0.0563200", "0.0563200", "0.0557400", "0.0559000", "7574952", 1761091199999, "424671.8405680", 4081, "3643964", "204411.8649600", "0"]]}