{"_ts": 1761073983.0376637, "data": [[1760904000000, "0.1348000", "0.1351000", "0.1340000", "0.1350000", "766372", 1760907599999, "103179.4519000", 1061, "423520", "57029.6521000", "0"], [1760907600000, "0.1351000", "0.1352000", "0.1336000", "0.1345000", "669097", 1760911199999, "89882.5590000", 866, "266268", "35766.0168000", "0"], [1760911200000, "0.1345000", "0.1354000", "0.1343000", "0.1351000", "1010565", 1760914799999, "136322.8906000", 1101, "545312", "73582.8709000", "0"], [1760914800000, "0.1350000", "0.1350000", "0.1333000", "0.1334000", "1340112", 1760918399999, "179806.7077000", 1295, "681860", "91468.5139000", "0"], [1760918400000, "0.1334000", "0.1334000", "0.1301000", "0.1317000", "3395603", 1760921999999, "446889.6620000", 2759, "1560086", "205313.5190000", "0"], [1760922000000, "0.1317000", "0.1322000", "0.1311000", "0.1315000", "1133326", 1760925599999, "149167.0221000", 1280, "561577", "73915.8097000", "0"], [1760925600000, "0.1314000", "0.1331000", "0.1308000", "0.1328000", "1206542", 1760929199999, "159252.5120000", 1597, "669515", "88335.5278000", "0"], [1760929200000, "0.1328000", "0.1361000", "0.1321000", "0.1357000", "2631993", 1760932799999, "353251.3807000", 2285, "1217495", "163191.0385000", "0"], [1760932800000, "0.1357000", "0.1361000", "0.1348000", "0.1353000", "1967705", 1760936399999, "266389.2899000", 1642, "891970", "120788.9225000", "0"], [1760936400000, "0.1352000", "0.1362000", "0.1346000", "0.1359000", "1654160", 1760939999999, "223893.9147000", 1453, "838851", "113567.1294000", "0"], [1760940000000, "0.1359000", "0.1372000", "0.1354000", "0.1367000", "1879230", 1760943599999, "256349.7921000", 1824, "1017424", "138798.5592000", "0"], [1760943600000, "0.1366000", "0.1375000", "0.1362000", "0.1366000", "2105187", 1760947199999, "288086.3162000", 2206, "962962", "131833.5501000", "0"], [1760947200000, "0.1366000", "0.1373000", "0.1358000", "0.1359000", "1794894", 1760950799999, "245120.6059000", 2051, "801247", "109420.1850000", "0"], [1760950800000, "0.1359000", "0.1365000", "0.1350000", "0.1362000", "1557473", 1760954399999, "211336.1264000", 1819, "696259", "94551.1235000", "0"], [1760954400000, "0.1363000", "0.1391000", "0.1362000", "0.1378000", "3001284", 1760957999999, "413560.7935000", 2892, "1585299", "218309.2273000", "0"], [1760958000000, "0.1378000", "0.1401000", "0.1374000", "0.1398000", "2326445", 1760961599999, "323239.6910000", 2654, "1153992", "160328.0683000", "0"], [1760961600000, "0.1398000", "0.1401000", "0.1371000", "0.1377000", "4151637", 1760965199999, "574989.7414000", 3098, "1271721", "176082.0190000", "0"], [1760965200000, "0.1378000", "0.1392000", "0.1374000", "0.1381000", "2146044", 1760968799999, "296725.5636000", 2207, "1110323", "153486.3157000", "0"], [1760968800000, "0.1381000", "0.1383000", "0.1361000", "0.1375000", "2168976", 1760972399999, "297792.8286000", 2000, "946555", "129916.3836000", "0"], [1760972400000, "0.1375000", "0.1382000", "0.1360000", "0.1361000", "1982048", 1760975999999, "271726.1926000", 1969, "1024257", "140500.8805000", "0"], [1760976000000, "0.1361000", "0.1362000", "0.1332000", "0.1350000", "5843807", 1760979599999, "788421.1132000", 4145, "2850339", "384753.0277000", "0"], [1760979600000, "0.1350000", "0.1377000", "0.1350000", "0.1367000", "4900801", 1760983199999, "669768.4275000", 3444, "2869404", "391956.5439000", "0"], [1760983200000, "0.1367000", "0.1372000", "0.1350000", "0.1370000", "3053379", 1760986799999, "415524.8553000", 2498, "1407158", "191788.6290000", "0"], [1760986800000, "0.1370000", "0.1385000", "0.1357000", "0.1380000", "1626815", 1760990399999, "222983.7972000", 1767, "748350", "102619.8803000", "0"], [1760990400000, "0.1381000", "0.1395000", "0.1376000", "0.1392000", "1635398", 1760993999999, "226372.5597000", 1713, "809055", "112019.3760000", "0"], [1760994000000, "0.1393000", "0.1463000", "0.1391000", "0.1429000", "15096417", 1760997599999, "2163918.4351000", 12198, "7454764", "1068567.4037000", "0"], [1760997600000, "0.1431000", "0.1447000", "0.1412000", "0.1423000", "4143383", 1761001199999, "591852.9993000", 4003, "2009573", "287125.1038000", "0"], [1761001200000, "0.1423000", "0.1434000", "0.1415000", "0.1424000", "3595016", 1761004799999, "512385.7715000", 3324, "2052851", "292528.6582000", "0"], [1761004800000, "0.1423000", "0.1469000", "0.1411000", "0.1457000", "7799766", 1761008399999, "1130420.8513000", 8070, "4184383", "606731.4567000", "0"], [1761008400000, "0.1457000", "0.1467000", "0.1430000", "0.1436000", "6134813", 1761011999999, "890484.3550000", 6679, "2924081", "424819.4950000", "0"], [1761012000000, "0.1435000", "0.1462000", "0.1424000", "0.1454000", "5644308", 1761015599999, "813661.5119000", 5300, "3045833", "439203.7590000", "0"], [1761015600000, "0.1455000", "0.1460000", "0.1435000", "0.1454000", "3518111", 1761019199999, "508924.0686000", 3746, "1812458", "262207.2650000", "0"], [1761019200000, "0.1453000", "0.1456000", "0.1405000", "0.1406000", "9186585", 1761022799999, "1308689.9100000", 7423, "3630196", "517312.2140000", "0"], [1761022800000, "0.1406000", "0.1408000", "0.1371000", "0.1371000", "7535541", 1761026399999, "1046000.2662000", 5994, "3634231", "504552.2254000", "0"], [1761026400000, "0.1372000", "0.1386000", "0.1362000", "0.1375000", "4085982", 1761029999999, "561842.2323000", 3208, "2042871", "281076.1813000", "0"], [1761030000000, "0.1374000", "0.1378000", "0.1358000", "0.1372000", "3071492", 1761033599999, "419896.7494000", 2729, "1653840", "226140.8259000", "0"], [1761033600000, "0.1372000", "0.1372000", "0.1347000", "0.1362000", "3101156", 1761037199999, "421028.9062000", 2561, "1559537", "211714.2517000", "0"], [1761037200000, "0.1362000", "0.1400000", "0.1360000", "0.1376000", "8538165", 1761040799999, "1179862.4783000", 5203, "4141214", "572292.1126000", "0"], [1761040800000, "0.1376000", "0.1402000", "0.1375000", "0.1393000", "4898270", 1761044399999, "681373.7727000", 3450, "2353847", "327462.9564000", "0"], [1761044400000, "0.1393000", "0.1428000", "0.1387000", "0.1416000", "5596735", 1761047999999, "789657.1800000", 4464, "3198793", "451067.6390000", "0"], [1761048000000, "0.1416000", "0.1462000", "0.1407000", "0.1454000", "9273796", 1761051599999, "1334606.8052000", 7058, "4696547", "676182.8814000", "0"], [1761051600000, "0.1454000", "0.1487000", "0.1428000", "0.1452000", "17143756", 1761055199999, "2499547.0873000", 13508, "8533323", "1246023.4701000", "0"], [1761055200000, "0.1453000", "0.1522000", "0.1440000", "0.1517000", "15569652", 1761058799999, "2300174.9753000", 10843, "7294244", "1078601.5544000", "0"], [1761058800000, "0.1517000", "0.1547000", "0.1486000", "0.1515000", "14477331", 1761062399999, "2198335.2988000", 11482, "6266147", "952189.9090000", "0"], [1761062400000, "0.1515000", "0.1527000", "0.1470000", "0.1482000", "7022572", 1761065999999, "1055068.2428000", 6041, "3280480", "493506.9630000", "0"], [1761066000000, "0.1483000", "0.1522000", "0.1463000", "0.1502000", "11959888", 1761069599999, "1782642.4991000", 8112, "5867431", "875794.1576000", "0"], [1761069600000, "0.1502000", "0.1503000", "0.1474000", "0.1477000", "4542544", 1761073199999, "676491.7423000", 4154, "2060145", "306896.5997000", "0"], [1761073200000, "0.1477000", "0.1483000", "0.1475000", "0.1481000", "447606", 1761076799999, "66216.9936000", 552, "297439", "43997.7816000", "0"]]}