{"_ts": 1761088754.499216, "data": [[1760918400000, "0.0275380", "0.0275720", "0.0271280", "0.0274380", "15277665", 1760921999999, "417406.3348050", 9181, "5660589", "154697.1759120", "0"], [1760922000000, "0.0274390", "0.0278220", "0.0273220", "0.0276800", "10786448", 1760925599999, "297479.3314390", 7888, "6470853", "178529.3115530", "0"], [1760925600000, "0.0276780", "0.0276810", "0.0273740", "0.0275950", "7920970", 1760929199999, "218230.7492540", 6876, "4175675", "115021.5993810", "0"], [1760929200000, "0.0275960", "0.0282790", "0.0275330", "0.0281130", "11029899", 1760932799999, "308643.9251580", 7937, "5661331", "158390.1034630", "0"], [1760932800000, "0.0281210", "0.0282190", "0.0279970", "0.0280470", "12045432", 1760936399999, "338329.4199750", 11587, "5323992", "149552.1846430", "0"], [1760936400000, "0.0280470", "0.0282090", "0.0279350", "0.0281590", "7840106", 1760939999999, "219822.5196380", 8354, "2740972", "76872.8734400", "0"], [1760940000000, "0.0281580", "0.0285110", "0.0281110", "0.0284560", "8943179", 1760943599999, "253175.0921160", 9359, "4259651", "120518.3813650", "0"], [1760943600000, "0.0284560", "0.0287930", "0.0284050", "0.0287610", "11986288", 1760947199999, "342807.6481800", 9950, "5266522", "150592.4192600", "0"], [1760947200000, "0.0287610", "0.0291140", "0.0286500", "0.0289490", "12293505", 1760950799999, "355376.4735380", 8971, "6222700", "179864.1880010", "0"], [1760950800000, "0.0289510", "0.0289870", "0.0285430", "0.0287000", "20185150", 1760954399999, "580798.4371810", 12402, "10684332", "307547.9138980", "0"], [1760954400000, "0.0287060", "0.0291790", "0.0286970", "0.0288220", "15614293", 1760957999999, "451617.7577980", 10724, "7470530", "216131.6139130", "0"], [1760958000000, "0.0288210", "0.0289040", "0.0286170", "0.0288790", "5498298", 1760961599999, "158193.3473170", 5381, "3058196", "88011.0031560", "0"], [1760961600000, "0.0288950", "0.0289890", "0.0287730", "0.0288810", "5301988", 1760965199999, "153128.3354950", 5229, "2635143", "76117.5818240", "0"], [1760965200000, "0.0288920", "0.0293440", "0.0288910", "0.0291370", "8669053", 1760968799999, "252580.9885590", 8295, "4691354", "136776.9189350", "0"], [1760968800000, "0.0291380", "0.0291770", "0.0287660", "0.0290220", "14592324", 1760972399999, "422832.2429040", 8803, "6909227", "200371.1254530", "0"], [1760972400000, "0.0290280", "0.0292700", "0.0289760", "0.0290760", "9397251", 1760975999999, "273746.2975750", 8308, "4379779", "127619.1445200", "0"], [1760976000000, "0.0290740", "0.0324120", "0.0285750", "0.0309590", "263360808", 1760979599999, "8139844.8868970", 131832, "127191050", "3932083.4659940", "0"], [1760979600000, "0.0309340", "0.0316510", "0.0300200", "0.0304500", "170096491", 1760983199999, "5249175.1079180", 106159, "87057241", "2687715.8670810", "0"], [1760983200000, "0.0304460", "0.0304930", "0.0272580", "0.0279350", "206534513", 1760986799999, "5847679.6601650", 102977, "94981694", "2683526.7277320", "0"], [1760986800000, "0.0279440", "0.0302510", "0.0279090", "0.0290180", "143609544", 1760990399999, "4223493.4092570", 80045, "70782326", "2079605.0958810", "0"], [1760990400000, "0.0290140", "0.0292210", "0.0285800", "0.0289660", "43881958", 1760993999999, "1268162.8008840", 29050, "22670311", "655682.0638700", "0"], [1760994000000, "0.0289650", "0.0291890", "0.0286670", "0.0289120", "25459262", 1760997599999, "735982.9694970", 12972, "14578557", "421505.5137290", "0"], [1760997600000, "0.0289180", "0.0290000", "0.0287120", "0.0288480", "10730496", 1761001199999, "309787.0280560", 10623, "5156690", "148791.6649790", "0"], [1761001200000, "0.0288530", "0.0289420", "0.0287390", "0.0288200", "7554892", 1761004799999, "218000.1312920", 8942, "4144727", "119599.7156830", "0"], [1761004800000, "0.0288200", "0.0288210", "0.0284960", "0.0285360", "10367984", 1761008399999, "297040.8917840", 9634, "4617357", "132316.4540360", "0"], [1761008400000, "0.0285330", "0.0286160", "0.0281400", "0.0282650", "11160077", 1761011999999, "316854.1106410", 13434, "4518571", "128290.3186560", "0"], [1761012000000, "0.0282630", "0.0283150", "0.0279410", "0.0280390", "12677436", 1761015599999, "356207.4952330", 13207, "5514108", "154922.9072390", "0"], [1761015600000, "0.0280440", "0.0282010", "0.0279130", "0.0279490", "10425822", 1761019199999, "292408.8252510", 10269, "4860754", "136322.7763740", "0"], [1761019200000, "0.0279470", "0.0280200", "0.0275320", "0.0275750", "23539250", 1761022799999, "654661.8077670", 17069, "10507780", "292302.9603510", "0"], [1761022800000, "0.0275780", "0.0279370", "0.0274150", "0.0277620", "19007863", 1761026399999, "525444.5882980", 14416, "8166673", "225930.8931830", "0"], [1761026400000, "0.0277620", "0.0279540", "0.0275370", "0.0278290", "16211349", 1761029999999, "450133.8373970", 12757, "8019575", "222768.7255410", "0"], [1761030000000, "0.0278190", "0.0280650", "0.0277230", "0.0279830", "6157633", 1761033599999, "171607.1186640", 5733, "2772704", "77341.3122410", "0"], [1761033600000, "0.0279800", "0.0279860", "0.0275840", "0.0277920", "9368645", 1761037199999, "260458.9664150", 6031, "4086031", "113608.7623420", "0"], [1761037200000, "0.0277830", "0.0278350", "0.0275670", "0.0276210", "7922619", 1761040799999, "219481.1515970", 6341, "3896393", "107936.7472490", "0"], [1761040800000, "0.0276160", "0.0279240", "0.0275620", "0.0277480", "12113439", 1761044399999, "335645.5789080", 8126, "5989043", "165922.4444220", "0"], [1761044400000, "0.0277400", "0.0279450", "0.0277080", "0.0278790", "8774346", 1761047999999, "244006.7112360", 6315, "5367150", "149261.4431170", "0"], [1761048000000, "0.0278840", "0.0282120", "0.0278580", "0.0278940", "13256447", 1761051599999, "371253.0299270", 10400, "6331492", "177317.4591950", "0"], [1761051600000, "0.0278960", "0.0283060", "0.0278360", "0.0281870", "16301390", 1761055199999, "457161.2473190", 12642, "8644887", "242497.7486720", "0"], [1761055200000, "0.0281810", "0.0294150", "0.0281730", "0.0293770", "30492364", 1761058799999, "878567.7376460", 20625, "16242841", "467539.1202630", "0"], [1761058800000, "0.0293820", "0.0297020", "0.0292680", "0.0295090", "26637644", 1761062399999, "785186.1060020", 17877, "13768529", "405901.5529850", "0"], [1761062400000, "0.0295140", "0.0297700", "0.0286660", "0.0288360", "37047684", 1761065999999, "1086800.7367310", 23069, "15431064", "453032.9774300", "0"], [1761066000000, "0.0288390", "0.0290420", "0.0285810", "0.0287200", "26484288", 1761069599999, "762406.2024100", 20822, "12045762", "346856.0048120", "0"], [1761069600000, "0.0287200", "0.0288970", "0.0283670", "0.0284670", "17653415", 1761073199999, "504575.2826190", 13892, "8706435", "248892.2407340", "0"], [1761073200000, "0.0284640", "0.0288330", "0.0284550", "0.0286500", "11008593", 1761076799999, "315607.5232330", 10397, "5755742", "165001.0803830", "0"], [1761076800000, "0.0286490", "0.0286900", "0.0281440", "0.0282170", "15617912", 1761080399999, "443468.8097210", 10270, "6404898", "181817.1675280", "0"], [1761080400000, "0.0282160", "0.0282160", "0.0276170", "0.0280550", "13529335", 1761083999999, "377666.2127230", 8257, "5906767", "164738.2306310", "0"], [1761084000000, "0.0280570", "0.0280660", "0.0273530", "0.0274340", "22751501", 1761087599999, "630119.3272270", 17057, "10329447", "286096.4700480", "0"], [1761087600000, "0.0274280", "0.0275170", "0.0272380", "0.0273710", "5951152", 1761091199999, "162992.7405150", 4787, "2667358", "73055.8105290", "0"]]}