{"_ts": 1761088565.3826764, "data": [[1760918400000, "3.066000", "3.068000", "3.005000", "3.041000", "508433", 1760921999999, "1542867.538000", 8987, "239891", "727699.340000", "0"], [1760922000000, "3.041000", "3.052000", "3.029000", "3.036000", "228990", 1760925599999, "696267.905000", 5891, "117455", "357208.987000", "0"], [1760925600000, "3.036000", "3.054000", "3.020000", "3.044000", "277685", 1760929199999, "843618.680000", 5241, "135282", "411043.674000", "0"], [1760929200000, "3.043000", "3.127000", "3.033000", "3.118000", "375236", 1760932799999, "1155677.876000", 6133, "213327", "656392.352000", "0"], [1760932800000, "3.118000", "3.130000", "3.105000", "3.128000", "348538", 1760936399999, "1087275.760000", 6386, "164754", "514004.757000", "0"], [1760936400000, "3.129000", "3.143000", "3.113000", "3.136000", "258857", 1760939999999, "809315.904000", 3915, "141091", "441099.012000", "0"], [1760940000000, "3.136000", "3.191000", "3.131000", "3.177000", "489042", 1760943599999, "1549215.700000", 7063, "239840", "759902.122000", "0"], [1760943600000, "3.177000", "3.184000", "3.154000", "3.168000", "290753", 1760947199999, "921861.685000", 5192, "116358", "368903.711000", "0"], [1760947200000, "3.168000", "3.177000", "3.144000", "3.160000", "403947", 1760950799999, "1275115.419000", 6264, "185047", "584319.726000", "0"], [1760950800000, "3.160000", "3.168000", "3.140000", "3.153000", "207368", 1760954399999, "654047.490000", 4246, "112911", "356226.270000", "0"], [1760954400000, "3.153000", "3.182000", "3.141000", "3.156000", "330506", 1760957999999, "1045465.271000", 5857, "173252", "548122.893000", "0"], [1760958000000, "3.156000", "3.174000", "3.145000", "3.172000", "270200", 1760961599999, "853336.909000", 4797, "118779", "375252.122000", "0"], [1760961600000, "3.172000", "3.183000", "3.154000", "3.164000", "240302", 1760965199999, "761455.582000", 4492, "119883", "379862.676000", "0"], [1760965200000, "3.165000", "3.191000", "3.149000", "3.187000", "274164", 1760968799999, "869909.410000", 5454, "140890", "447401.362000", "0"], [1760968800000, "3.187000", "3.190000", "3.154000", "3.177000", "337897", 1760972399999, "1071396.170000", 5314, "194982", "618131.461000", "0"], [1760972400000, "3.178000", "3.191000", "3.141000", "3.142000", "476398", 1760975999999, "1508292.877000", 6362, "203440", "644299.204000", "0"], [1760976000000, "3.141000", "3.156000", "3.085000", "3.133000", "1163915", 1760979599999, "3639125.916000", 13600, "500105", "1564153.155000", "0"], [1760979600000, "3.134000", "3.151000", "3.116000", "3.129000", "371806", 1760983199999, "1163480.697000", 5636, "202126", "632717.803000", "0"], [1760983200000, "3.129000", "3.141000", "3.118000", "3.138000", "229647", 1760986799999, "718577.941000", 3938, "126317", "395270.072000", "0"], [1760986800000, "3.138000", "3.184000", "3.125000", "3.174000", "372804", 1760990399999, "1176157.174000", 6051, "204393", "644906.394000", "0"], [1760990400000, "3.174000", "3.220000", "3.160000", "3.210000", "591245", 1760993999999, "1889984.613000", 9098, "307119", "981923.078000", "0"], [1760994000000, "3.212000", "3.218000", "3.170000", "3.179000", "351108", 1760997599999, "1122885.720000", 5299, "149966", "479569.912000", "0"], [1760997600000, "3.179000", "3.192000", "3.171000", "3.187000", "147259", 1761001199999, "468465.154000", 3225, "68090", "216658.346000", "0"], [1761001200000, "3.187000", "3.206000", "3.181000", "3.187000", "281710", 1761004799999, "899846.636000", 4330, "114154", "364661.911000", "0"], [1761004800000, "3.187000", "3.188000", "3.170000", "3.172000", "145868", 1761008399999, "463931.762000", 4227, "65736", "209088.585000", "0"], [1761008400000, "3.173000", "3.174000", "3.137000", "3.147000", "280479", 1761011999999, "884620.877000", 5321, "109090", "344139.885000", "0"], [1761012000000, "3.147000", "3.150000", "3.108000", "3.117000", "500833", 1761015599999, "1563184.773000", 6192, "207594", "647948.368000", "0"], [1761015600000, "3.118000", "3.124000", "3.089000", "3.100000", "246130", 1761019199999, "764583.605000", 4862, "98958", "307670.227000", "0"], [1761019200000, "3.100000", "3.106000", "3.060000", "3.067000", "639611", 1761022799999, "1973038.259000", 10406, "273693", "844533.808000", "0"], [1761022800000, "3.067000", "3.085000", "3.056000", "3.066000", "323117", 1761026399999, "991984.822000", 5834, "170727", "524250.046000", "0"], [1761026400000, "3.067000", "3.086000", "3.053000", "3.071000", "214471", 1761029999999, "658995.330000", 4259, "120024", "368884.719000", "0"], [1761030000000, "3.070000", "3.080000", "3.056000", "3.070000", "239104", 1761033599999, "733849.610000", 3916, "127926", "392674.004000", "0"], [1761033600000, "3.070000", "3.071000", "3.031000", "3.050000", "317116", 1761037199999, "967003.907000", 4628, "133543", "407339.629000", "0"], [1761037200000, "3.050000", "3.057000", "3.041000", "3.046000", "181375", 1761040799999, "552895.700000", 3166, "92311", "281408.225000", "0"], [1761040800000, "3.046000", "3.093000", "3.044000", "3.081000", "417852", 1761044399999, "1283090.497000", 5491, "245391", "753514.447000", "0"], [1761044400000, "3.081000", "3.092000", "3.066000", "3.079000", "339554", 1761047999999, "1045511.327000", 4541, "161857", "498397.777000", "0"], [1761048000000, "3.078000", "3.123000", "3.075000", "3.087000", "320898", 1761051599999, "994125.920000", 5129, "153533", "476090.899000", "0"], [1761051600000, "3.088000", "3.116000", "3.073000", "3.096000", "406828", 1761055199999, "1258061.600000", 6470, "181171", "560316.758000", "0"], [1761055200000, "3.097000", "3.221000", "3.094000", "3.218000", "1056716", 1761058799999, "3354429.412000", 12392, "516710", "1639310.423000", "0"], [1761058800000, "3.218000", "3.267000", "3.198000", "3.255000", "1084338", 1761062399999, "3509982.737000", 14314, "569970", "1845113.708000", "0"], [1761062400000, "3.254000", "3.284000", "3.218000", "3.227000", "1814712", 1761065999999, "5915926.802000", 16386, "938948", "3061784.989000", "0"], [1761066000000, "3.228000", "3.250000", "3.196000", "3.228000", "630603", 1761069599999, "2035511.813000", 9529, "293400", "947185.473000", "0"], [1761069600000, "3.228000", "3.235000", "3.190000", "3.210000", "442988", 1761073199999, "1420342.065000", 6572, "212962", "682854.266000", "0"], [1761073200000, "3.210000", "3.220000", "3.183000", "3.183000", "209272", 1761076799999, "669891.496000", 4402, "78910", "252649.500000", "0"], [1761076800000, "3.184000", "3.188000", "3.133000", "3.147000", "417977", 1761080399999, "1318217.191000", 8291, "189324", "597044.548000", "0"], [1761080400000, "3.147000", "3.162000", "3.104000", "3.149000", "402358", 1761083999999, "1259618.486000", 6020, "178403", "558429.833000", "0"], [1761084000000, "3.148000", "3.148000", "3.070000", "3.079000", "542290", 1761087599999, "1680304.597000", 7889, "223509", "692606.614000", "0"], [1761087600000, "3.079000", "3.081000", "3.064000", "3.071000", "87893", 1761091199999, "270131.200000", 1690, "38676", "118883.156000", "0"]]}