{"_ts": 1761088640.6253965, "data": [[1760918400000, "0.0255100", "0.0257600", "0.0254200", "0.0255000", "3310209", 1760921999999, "84757.6351300", 1987, "1452686", "37192.0585900", "0"], [1760922000000, "0.0255100", "0.0258000", "0.0254600", "0.0256500", "2122463", 1760925599999, "54414.5061600", 881, "1119337", "28705.8312300", "0"], [1760925600000, "0.0256800", "0.0260700", "0.0255900", "0.0259000", "2999480", 1760929199999, "77541.3926400", 1077, "1425090", "36856.8349900", "0"], [1760929200000, "0.0259000", "0.0272600", "0.0258800", "0.0272400", "15457799", 1760932799999, "414752.3572700", 5294, "7543783", "202213.5162000", "0"], [1760932800000, "0.0272200", "0.0272700", "0.0266600", "0.0268600", "7751525", 1760936399999, "208599.6368100", 2596, "3234356", "87069.1952000", "0"], [1760936400000, "0.0268800", "0.0268800", "0.0264300", "0.0267000", "3529538", 1760939999999, "94135.6044400", 1220, "1732657", "46185.8475200", "0"], [1760940000000, "0.0266800", "0.0267100", "0.0263200", "0.0265000", "5227285", 1760943599999, "138574.1289800", 1343, "2328212", "61732.7701500", "0"], [1760943600000, "0.0265300", "0.0273900", "0.0264200", "0.0270100", "6879363", 1760947199999, "185616.8563300", 2305, "3915237", "105690.4948000", "0"], [1760947200000, "0.0270200", "0.0271100", "0.0267300", "0.0269400", "2946557", 1760950799999, "79249.0146000", 1089, "1505422", "40502.1777500", "0"], [1760950800000, "0.0268700", "0.0269200", "0.0266300", "0.0267000", "1282026", 1760954399999, "34315.5308900", 727, "577420", "15460.1531700", "0"], [1760954400000, "0.0267200", "0.0268300", "0.0265000", "0.0266200", "1661099", 1760957999999, "44323.7574800", 682, "604276", "16142.6200600", "0"], [1760958000000, "0.0266300", "0.0269900", "0.0265300", "0.0269100", "3831558", 1760961599999, "102241.3362500", 1536, "1972367", "52637.0928400", "0"], [1760961600000, "0.0269300", "0.0269600", "0.0267200", "0.0268200", "1581046", 1760965199999, "42417.3666100", 679, "682499", "18312.2481300", "0"], [1760965200000, "0.0268300", "0.0268300", "0.0257600", "0.0265700", "9305569", 1760968799999, "244268.8081000", 3617, "4281893", "112451.4627100", "0"], [1760968800000, "0.0265900", "0.0274700", "0.0265100", "0.0267400", "7772864", 1760972399999, "209688.6422100", 3140, "4538592", "122468.8865700", "0"], [1760972400000, "0.0267500", "0.0268200", "0.0264900", "0.0265200", "1774249", 1760975999999, "47219.8454700", 715, "846210", "22514.3035600", "0"], [1760976000000, "0.0265300", "0.0265400", "0.0253800", "0.0261300", "8655651", 1760979599999, "225647.7890800", 2249, "3511502", "91671.4018800", "0"], [1760979600000, "0.0260800", "0.0262200", "0.0257600", "0.0260500", "1935422", 1760983199999, "50285.5631800", 795, "958013", "24940.3291000", "0"], [1760983200000, "0.0260500", "0.0260500", "0.0257100", "0.0259600", "1231428", 1760986799999, "31857.7270000", 455, "609066", "15753.4913200", "0"], [1760986800000, "0.0259400", "0.0260200", "0.0258000", "0.0258600", "782928", 1760990399999, "20273.3844800", 476, "355012", "9193.5109100", "0"], [1760990400000, "0.0258600", "0.0259200", "0.0256900", "0.0258400", "1429128", 1760993999999, "36910.4826800", 681, "571002", "14761.8536300", "0"], [1760994000000, "0.0258300", "0.0263200", "0.0256800", "0.0260900", "1579683", 1760997599999, "40969.7784400", 1140, "853850", "22173.3306600", "0"], [1760997600000, "0.0260900", "0.0261700", "0.0257400", "0.0258500", "1441393", 1761001199999, "37369.5644500", 890, "899226", "23310.2678800", "0"], [1761001200000, "0.0258300", "0.0258800", "0.0255300", "0.0256900", "1219069", 1761004799999, "31312.7313600", 817, "504082", "12953.6409300", "0"], [1761004800000, "0.0256900", "0.0262000", "0.0255500", "0.0259000", "2300782", 1761008399999, "59469.8230300", 1217, "1091040", "28222.2482800", "0"], [1761008400000, "0.0259000", "0.0265900", "0.0256400", "0.0261800", "4735396", 1761011999999, "123936.5086500", 3049, "2534308", "66411.7219100", "0"], [1761012000000, "0.0261800", "0.0264300", "0.0258100", "0.0263100", "2293842", 1761015599999, "59844.1228800", 1482, "1279173", "33392.5807900", "0"], [1761015600000, "0.0262800", "0.0266800", "0.0262800", "0.0263900", "2754004", 1761019199999, "72888.2287100", 1986, "1649242", "43665.4249400", "0"], [1761019200000, "0.0264400", "0.0268100", "0.0262500", "0.0265100", "3590536", 1761022799999, "95436.9561600", 1770, "1883390", "50091.9714000", "0"], [1761022800000, "0.0265100", "0.0270000", "0.0264900", "0.0267900", "2659965", 1761026399999, "71181.6182100", 1536, "1646328", "44104.1360500", "0"], [1761026400000, "0.0267900", "0.0284700", "0.0267400", "0.0279300", "17060373", 1761029999999, "473079.7955800", 9957, "9284275", "257240.8375400", "0"], [1761030000000, "0.0279500", "0.0288800", "0.0279100", "0.0286000", "9970515", 1761033599999, "282586.2841100", 5492, "5190832", "147275.3997900", "0"], [1761033600000, "0.0286500", "0.0298700", "0.0285900", "0.0295800", "16362577", 1761037199999, "477507.5408100", 7498, "8216701", "239832.3418200", "0"], [1761037200000, "0.0295000", "0.0309200", "0.0282700", "0.0285000", "59463788", 1761040799999, "1768323.9089700", 28545, "28829694", "856724.2232700", "0"], [1761040800000, "0.0285100", "0.0303400", "0.0284600", "0.0300600", "23885432", 1761044399999, "702411.1563000", 10264, "12654943", "371963.2146300", "0"], [1761044400000, "0.0301100", "0.0320000", "0.0299700", "0.0319600", "32773602", 1761047999999, "1016395.0757500", 15974, "16573357", "514927.0041800", "0"], [1761048000000, "0.0319300", "0.0332500", "0.0316400", "0.0329200", "61403381", 1761051599999, "1988803.0435800", 32173, "28891534", "937006.3348100", "0"], [1761051600000, "0.0329300", "0.0345200", "0.0324600", "0.0339200", "121986597", 1761055199999, "4094184.6231300", 58454, "60195458", "2020659.7706700", "0"], [1761055200000, "0.0339100", "0.0344700", "0.0334600", "0.0340300", "64484934", 1761058799999, "2193444.7373100", 33067, "30032314", "1022429.2324900", "0"], [1761058800000, "0.0340300", "0.0340500", "0.0320000", "0.0321700", "65335113", 1761062399999, "2154709.0505000", 23524, "33287420", "1098037.5782300", "0"], [1761062400000, "0.0321800", "0.0323900", "0.0296000", "0.0296300", "44497770", 1761065999999, "1379226.1877100", 17236, "22800288", "707388.5691100", "0"], [1761066000000, "0.0296400", "0.0315600", "0.0293300", "0.0309600", "34103710", 1761069599999, "1037248.8567800", 11998, "19122285", "581440.0432800", "0"], [1761069600000, "0.0309600", "0.0327500", "0.0308600", "0.0324400", "16792170", 1761073199999, "533830.2055500", 7807, "8907372", "282935.8420800", "0"], [1761073200000, "0.0324200", "0.0332900", "0.0320500", "0.0330000", "12344432", 1761076799999, "402795.9649000", 5320, "6071454", "198207.8006900", "0"], [1761076800000, "0.0329600", "0.0334700", "0.0314100", "0.0315900", "13961788", 1761080399999, "449485.6764500", 5866, "6341703", "204326.5599900", "0"], [1761080400000, "0.0315900", "0.0317200", "0.0307600", "0.0312600", "11299905", 1761083999999, "352255.9242900", 4616, "5654752", "176356.4694400", "0"], [1761084000000, "0.0312400", "0.0312400", "0.0306600", "0.0309600", "5984142", 1761087599999, "184900.0510900", 2830, "2692723", "83251.9370800", "0"], [1761087600000, "0.0309600", "0.0311500", "0.0308000", "0.0308200", "2172860", 1761091199999, "67376.7329600", 858, "899590", "27889.5577400", "0"]]}