{"_ts": 1761073990.3637662, "data": [[1760904000000, "0.3381000", "0.3385000", "0.3359000", "0.3378000", "773089.1", 1760907599999, "260743.70637000", 3049, "356025.3", "120108.74828000", "0"], [1760907600000, "0.3378000", "0.3404000", "0.3354000", "0.3376000", "1119628.2", 1760911199999, "377815.05476000", 4040, "582116.6", "196459.96442000", "0"], [1760911200000, "0.3377000", "0.3404000", "0.3365000", "0.3366000", "764051.6", 1760914799999, "258681.49959000", 3370, "336504.8", "114002.39854000", "0"], [1760914800000, "0.3368000", "0.3368000", "0.3328000", "0.3337000", "896062.3", 1760918399999, "299889.20383000", 3330, "512492.7", "171505.62736000", "0"], [1760918400000, "0.3336000", "0.3336000", "0.3224000", "0.3312000", "3925995.9", 1760921999999, "1286288.59120000", 13495, "1727555.0", "566280.49626000", "0"], [1760922000000, "0.3312000", "0.3323000", "0.3285000", "0.3302000", "1490260.7", 1760925599999, "492040.22604000", 5795, "602753.6", "199104.37309000", "0"], [1760925600000, "0.3301000", "0.3321000", "0.3265000", "0.3311000", "887120.7", 1760929199999, "292193.55515000", 4175, "430618.6", "141954.65896000", "0"], [1760929200000, "0.3311000", "0.3430000", "0.3301000", "0.3410000", "1358628.7", 1760932799999, "456682.45375000", 5250, "744721.6", "250267.88178000", "0"], [1760932800000, "0.3411000", "0.3429000", "0.3390000", "0.3426000", "1462132.1", 1760936399999, "498178.87770000", 5985, "729919.1", "248763.24451000", "0"], [1760936400000, "0.3426000", "0.3454000", "0.3412000", "0.3437000", "1133607.3", 1760939999999, "389266.95673000", 5946, "669777.3", "230020.71885000", "0"], [1760940000000, "0.3437000", "0.3554000", "0.3430000", "0.3477000", "3041164.9", 1760943599999, "1064791.67595000", 10328, "1672001.0", "585842.12163000", "0"], [1760943600000, "0.3477000", "0.3480000", "0.3431000", "0.3449000", "1745969.5", 1760947199999, "603720.42631000", 5617, "805579.1", "278505.53474000", "0"], [1760947200000, "0.3448000", "0.3458000", "0.3415000", "0.3420000", "1213655.2", 1760950799999, "416793.76622000", 4624, "458215.0", "157376.48813000", "0"], [1760950800000, "0.3419000", "0.3433000", "0.3405000", "0.3423000", "1090570.1", 1760954399999, "372711.40930000", 4499, "465398.3", "159114.04875000", "0"], [1760954400000, "0.3425000", "0.3453000", "0.3376000", "0.3390000", "1267406.9", 1760957999999, "432400.75918000", 5602, "555020.7", "189419.74119000", "0"], [1760958000000, "0.3390000", "0.3404000", "0.3367000", "0.3381000", "931010.7", 1760961599999, "315053.50433000", 4411, "480353.6", "162641.66625000", "0"], [1760961600000, "0.3381000", "0.3411000", "0.3363000", "0.3390000", "1138497.6", 1760965199999, "384753.02470000", 5295, "586803.2", "198407.81553000", "0"], [1760965200000, "0.3391000", "0.3409000", "0.3355000", "0.3399000", "746098.4", 1760968799999, "252663.98032000", 3838, "414419.6", "140387.49441000", "0"], [1760968800000, "0.3399000", "0.3408000", "0.3360000", "0.3393000", "681453.1", 1760972399999, "231012.88710000", 3475, "365710.7", "124070.96999000", "0"], [1760972400000, "0.3392000", "0.3407000", "0.3337000", "0.3341000", "1154488.7", 1760975999999, "389050.58192000", 4696, "508037.3", "171340.50833000", "0"], [1760976000000, "0.3340000", "0.3344000", "0.3262000", "0.3298000", "3456490.7", 1760979599999, "1141073.57776000", 9083, "1468331.2", "485214.65783000", "0"], [1760979600000, "0.3297000", "0.3326000", "0.3277000", "0.3310000", "1322726.9", 1760983199999, "436756.29230000", 4271, "731081.3", "241389.81091000", "0"], [1760983200000, "0.3309000", "0.3335000", "0.3301000", "0.3318000", "950266.9", 1760986799999, "314982.67426000", 3236, "519298.1", "172177.71526000", "0"], [1760986800000, "0.3320000", "0.3368000", "0.3313000", "0.3352000", "633362.3", 1760990399999, "211467.06190000", 2825, "329441.9", "110012.93131000", "0"], [1760990400000, "0.3351000", "0.3361000", "0.3336000", "0.3350000", "485618.5", 1760993999999, "162538.36401000", 2328, "225276.3", "75407.61703000", "0"], [1760994000000, "0.3351000", "0.3371000", "0.3317000", "0.3324000", "512915.6", 1760997599999, "171695.78748000", 2097, "200837.9", "67248.41859000", "0"], [1760997600000, "0.3323000", "0.3325000", "0.3293000", "0.3297000", "917294.9", 1761001199999, "303281.28491000", 3719, "251829.0", "83303.90016000", "0"], [1761001200000, "0.3296000", "0.3327000", "0.3293000", "0.3307000", "624540.2", 1761004799999, "206652.38616000", 2761, "307241.1", "101684.02703000", "0"], [1761004800000, "0.3306000", "0.3328000", "0.3298000", "0.3325000", "684188.8", 1761008399999, "226775.21043000", 2950, "358864.4", "118925.78281000", "0"], [1761008400000, "0.3325000", "0.3331000", "0.3283000", "0.3297000", "741235.2", 1761011999999, "244920.94606000", 3338, "398031.6", "131454.88560000", "0"], [1761012000000, "0.3297000", "0.3310000", "0.3275000", "0.3291000", "657660.7", 1761015599999, "216442.15388000", 3147, "340144.2", "112024.97104000", "0"], [1761015600000, "0.3292000", "0.3301000", "0.3251000", "0.3261000", "676038.2", 1761019199999, "221512.43821000", 2676, "219032.6", "71827.58366000", "0"], [1761019200000, "0.3260000", "0.3269000", "0.3176000", "0.3184000", "2358166.1", 1761022799999, "759146.92577000", 7524, "894643.4", "287989.91481000", "0"], [1761022800000, "0.3184000", "0.3208000", "0.3166000", "0.3195000", "1218139.0", 1761026399999, "388549.54351000", 4527, "640588.0", "204463.91541000", "0"], [1761026400000, "0.3195000", "0.3200000", "0.3165000", "0.3183000", "1216998.2", 1761029999999, "387638.32976000", 4478, "692458.1", "220573.10723000", "0"], [1761030000000, "0.3182000", "0.3212000", "0.3167000", "0.3208000", "726874.8", 1761033599999, "232024.38369000", 3168, "416768.3", "133089.40552000", "0"], [1761033600000, "0.3209000", "0.3222000", "0.3170000", "0.3200000", "2153279.9", 1761037199999, "687877.92712000", 5776, "1032686.5", "329763.94390000", "0"], [1761037200000, "0.3201000", "0.3401000", "0.3195000", "0.3310000", "6626517.5", 1761040799999, "2197820.22319000", 18583, "3818818.3", "1265344.85661000", "0"], [1761040800000, "0.3311000", "0.3400000", "0.3291000", "0.3331000", "6243802.2", 1761044399999, "2088931.89387000", 20346, "3337993.7", "1117362.82096000", "0"], [1761044400000, "0.3331000", "0.3363000", "0.3321000", "0.3347000", "1962687.8", 1761047999999, "656036.30942000", 7189, "1004177.6", "335627.02165000", "0"], [1761048000000, "0.3348000", "0.3387000", "0.3329000", "0.3357000", "1858222.2", 1761051599999, "624868.41656000", 7047, "891870.8", "300012.53613000", "0"], [1761051600000, "0.3359000", "0.3373000", "0.3315000", "0.3356000", "1840525.1", 1761055199999, "614631.90106000", 7797, "843030.3", "281618.35286000", "0"], [1761055200000, "0.3357000", "0.3532000", "0.3351000", "0.3515000", "4705560.6", 1761058799999, "1625169.79878000", 13221, "2444032.0", "844354.72328000", "0"], [1761058800000, "0.3515000", "0.3619000", "0.3503000", "0.3579000", "4339620.0", 1761062399999, "1545712.63153000", 13798, "2250463.6", "801456.82479000", "0"], [1761062400000, "0.3578000", "0.3694000", "0.3578000", "0.3600000", "4050221.7", 1761065999999, "1474691.17966000", 15736, "1878068.6", "684270.35607000", "0"], [1761066000000, "0.3602000", "0.3648000", "0.3534000", "0.3570000", "3658354.8", 1761069599999, "1314961.39509000", 13552, "1673958.7", "602062.44744000", "0"], [1761069600000, "0.3570000", "0.3602000", "0.3519000", "0.3553000", "1683070.3", 1761073199999, "597599.51832000", 7417, "680683.5", "241744.88613000", "0"], [1761073200000, "0.3552000", "0.3560000", "0.3533000", "0.3541000", "295901.1", 1761076799999, "105019.92767000", 1383, "101870.0", "36150.53019000", "0"]]}