{"_ts": 1761074038.207579, "data": [[1760904000000, "0.0760400", "0.0766600", "0.0758100", "0.0762800", "2088806", 1760907599999, "159442.4940600", 3717, "1140144", "87057.6883100", "0"], [1760907600000, "0.0763000", "0.0765800", "0.0747800", "0.0755300", "2602349", 1760911199999, "197179.5371000", 3813, "1215287", "92127.5016800", "0"], [1760911200000, "0.0755300", "0.0759800", "0.0752000", "0.0754600", "1536101", 1760914799999, "115990.6732300", 2650, "874759", "66050.1858100", "0"], [1760914800000, "0.0755000", "0.0755200", "0.0748600", "0.0753500", "1742859", 1760918399999, "131103.2275300", 3472, "851635", "64071.6958700", "0"], [1760918400000, "0.0753400", "0.0759900", "0.0745600", "0.0749700", "4801193", 1760921999999, "360927.2270300", 7073, "1891087", "142314.8453000", "0"], [1760922000000, "0.0749600", "0.0756200", "0.0747600", "0.0750000", "2598334", 1760925599999, "195467.1824800", 3793, "1234453", "92867.2866300", "0"], [1760925600000, "0.0750100", "0.0762800", "0.0745600", "0.0761300", "3592272", 1760929199999, "270773.5035300", 6776, "1847830", "139358.0143800", "0"], [1760929200000, "0.0761300", "0.0762300", "0.0754000", "0.0761200", "2813014", 1760932799999, "213198.2916700", 4125, "1451948", "110085.1775200", "0"], [1760932800000, "0.0761300", "0.0769500", "0.0760300", "0.0764300", "2640098", 1760936399999, "201742.6856800", 4502, "1138566", "87012.8912300", "0"], [1760936400000, "0.0764300", "0.0765500", "0.0760700", "0.0763900", "2345936", 1760939999999, "178973.7033700", 5701, "938279", "71618.7759100", "0"], [1760940000000, "0.0763900", "0.0768600", "0.0761000", "0.0762200", "3419796", 1760943599999, "261824.4635000", 6551, "1860155", "142477.8025600", "0"], [1760943600000, "0.0762100", "0.0777200", "0.0761000", "0.0772300", "3987513", 1760947199999, "307192.3391900", 6480, "2109751", "162648.7035600", "0"], [1760947200000, "0.0772200", "0.0777800", "0.0763800", "0.0766700", "5932567", 1760950799999, "458126.3263900", 7587, "2775022", "214355.0484600", "0"], [1760950800000, "0.0766800", "0.0772900", "0.0766500", "0.0768200", "4147307", 1760954399999, "319049.5559500", 5188, "2349293", "180748.5624700", "0"], [1760954400000, "0.0768200", "0.0781700", "0.0768000", "0.0776800", "3419988", 1760957999999, "265612.6111000", 4524, "1922483", "149338.9435300", "0"], [1760958000000, "0.0776500", "0.0784900", "0.0774000", "0.0778800", "3656500", 1760961599999, "284806.7562200", 6152, "1684273", "131177.6176400", "0"], [1760961600000, "0.0778800", "0.0783400", "0.0777500", "0.0780600", "2208681", 1760965199999, "172479.0290400", 4123, "1176771", "91914.2636500", "0"], [1760965200000, "0.0780600", "0.0794200", "0.0780000", "0.0789200", "6030128", 1760968799999, "475744.7642100", 11836, "2761009", "217849.1172300", "0"], [1760968800000, "0.0789200", "0.0797900", "0.0783700", "0.0785100", "7939070", 1760972399999, "629579.1201500", 10478, "4237577", "336223.7554400", "0"], [1760972400000, "0.0785000", "0.0785700", "0.0750600", "0.0755900", "15377925", 1760975999999, "1174814.0131300", 16025, "7071229", "540203.4852000", "0"], [1760976000000, "0.0755900", "0.0778600", "0.0750900", "0.0774300", "8796798", 1760979599999, "673272.0900600", 11020, "3973207", "304183.6541000", "0"], [1760979600000, "0.0774200", "0.0777000", "0.0765700", "0.0766600", "3926066", 1760983199999, "303246.7506100", 5651, "2371339", "183235.4504400", "0"], [1760983200000, "0.0766600", "0.0770800", "0.0765000", "0.0768500", "1768644", 1760986799999, "135883.5085700", 3430, "1048374", "80558.7010600", "0"], [1760986800000, "0.0768300", "0.0771000", "0.0765000", "0.0767300", "2136384", 1760990399999, "163959.8388100", 3893, "786699", "60386.5186700", "0"], [1760990400000, "0.0767000", "0.0777400", "0.0765500", "0.0776900", "1717076", 1760993999999, "132441.6289000", 3251, "830262", "64035.2215700", "0"], [1760994000000, "0.0776800", "0.0797200", "0.0776000", "0.0796500", "3526304", 1760997599999, "277785.1782300", 6028, "1909873", "150495.2772700", "0"], [1760997600000, "0.0796600", "0.0805000", "0.0784800", "0.0795900", "6594960", 1761001199999, "525546.6897300", 7730, "3289113", "262247.9668800", "0"], [1761001200000, "0.0796000", "0.0796900", "0.0786300", "0.0786500", "3340018", 1761004799999, "264124.8587100", 4709, "1506713", "119183.7357500", "0"], [1761004800000, "0.0787100", "0.0790500", "0.0783000", "0.0787600", "3089759", 1761008399999, "242925.8208800", 5435, "1415135", "111300.0981900", "0"], [1761008400000, "0.0787600", "0.0792700", "0.0773800", "0.0779900", "3318129", 1761011999999, "259742.6010400", 5726, "1498190", "117336.1484500", "0"], [1761012000000, "0.0779600", "0.0790900", "0.0776900", "0.0788800", "2202414", 1761015599999, "172485.1709300", 3970, "1211521", "94864.5783700", "0"], [1761015600000, "0.0788800", "0.0791200", "0.0776000", "0.0786400", "2812443", 1761019199999, "220406.6695900", 5107, "1422732", "111515.2664200", "0"], [1761019200000, "0.0786500", "0.0800000", "0.0780900", "0.0786300", "7505321", 1761022799999, "592114.3768700", 10397, "3631896", "286778.7506000", "0"], [1761022800000, "0.0786400", "0.0813500", "0.0774900", "0.0812300", "14351830", 1761026399999, "1135242.2764100", 16927, "6662394", "527856.8624500", "0"], [1761026400000, "0.0811800", "0.0814000", "0.0792900", "0.0803100", "18138559", 1761029999999, "1457369.5518700", 19781, "7805263", "627258.9768800", "0"], [1761030000000, "0.0803000", "0.0803000", "0.0784500", "0.0790900", "7162378", 1761033599999, "567933.8080800", 9877, "3178613", "252284.3380700", "0"], [1761033600000, "0.0791000", "0.0798800", "0.0778100", "0.0781900", "6756269", 1761037199999, "531829.4837000", 9185, "2876614", "226583.4647200", "0"], [1761037200000, "0.0781700", "0.0793700", "0.0776400", "0.0789200", "4726590", 1761040799999, "371282.8176500", 6535, "2708424", "212846.8629300", "0"], [1761040800000, "0.0789200", "0.0791200", "0.0778200", "0.0789200", "5254407", 1761044399999, "413210.1870400", 7067, "2573739", "202446.2213900", "0"], [1761044400000, "0.0789300", "0.0790600", "0.0777400", "0.0787500", "4683875", 1761047999999, "367574.6393500", 9024, "2259744", "177367.2334600", "0"], [1761048000000, "0.0787800", "0.0794800", "0.0780700", "0.0785300", "3961743", 1761051599999, "311716.6245900", 5528, "1679357", "132164.8132200", "0"], [1761051600000, "0.0785300", "0.0798400", "0.0784700", "0.0794500", "5077992", 1761055199999, "402728.6030700", 8309, "2614355", "207260.0922100", "0"], [1761055200000, "0.0794100", "0.0823400", "0.0790900", "0.0815500", "11354065", 1761058799999, "919076.1767300", 12904, "5276101", "427839.7693400", "0"], [1761058800000, "0.0815600", "0.0815900", "0.0801600", "0.0806300", "10276782", 1761062399999, "831073.7825000", 9311, "5549767", "448934.1585200", "0"], [1761062400000, "0.0806300", "0.0815000", "0.0796300", "0.0798100", "8298680", 1761065999999, "669752.5821800", 8983, "4857607", "392342.3295100", "0"], [1761066000000, "0.0798100", "0.0804200", "0.0788200", "0.0795000", "4931999", 1761069599999, "392866.5721600", 8255, "2393321", "190732.2775200", "0"], [1761069600000, "0.0795100", "0.0831900", "0.0794200", "0.0828100", "6062655", 1761073199999, "494882.2444400", 8429, "3670629", "299942.1347400", "0"], [1761073200000, "0.0828200", "0.0838700", "0.0807200", "0.0808700", "7286497", 1761076799999, "600055.1990900", 6876, "3645079", "300464.0126500", "0"]]}