{"_ts": 1761088746.1270487, "data": [[1760918400000, "0.1518", "0.1520", "0.1482", "0.1500", "5980289.9", 1760921999999, "897029.12017", 6395, "2796293.9", "419362.42593", "0"], [1760922000000, "0.1499", "0.1504", "0.1492", "0.1499", "2204437.2", 1760925599999, "330594.97109", 3382, "1002337.2", "150398.08946", "0"], [1760925600000, "0.1498", "0.1521", "0.1490", "0.1520", "2298279.8", 1760929199999, "345717.06140", 4564, "1348832.0", "202876.11769", "0"], [1760929200000, "0.1519", "0.1544", "0.1514", "0.1542", "3145804.6", 1760932799999, "480224.64152", 4913, "1599162.6", "243935.31521", "0"], [1760932800000, "0.1542", "0.1548", "0.1525", "0.1533", "3092684.6", 1760936399999, "475728.23616", 4046, "1523059.6", "234300.53597", "0"], [1760936400000, "0.1532", "0.1542", "0.1523", "0.1538", "3187984.1", 1760939999999, "488836.04373", 3817, "1751759.8", "268523.89503", "0"], [1760940000000, "0.1538", "0.1545", "0.1536", "0.1541", "2387938.6", 1760943599999, "367846.34810", 3420, "1043069.3", "160683.00217", "0"], [1760943600000, "0.1541", "0.1549", "0.1531", "0.1538", "2903252.9", 1760947199999, "446821.79240", 3644, "1341085.8", "206421.01173", "0"], [1760947200000, "0.1537", "0.1537", "0.1517", "0.1523", "2756957.7", 1760950799999, "419945.87427", 4023, "1178606.8", "179442.12480", "0"], [1760950800000, "0.1523", "0.1524", "0.1509", "0.1517", "2265226.3", 1760954399999, "343455.44880", 3265, "1023403.8", "155219.60468", "0"], [1760954400000, "0.1517", "0.1527", "0.1510", "0.1514", "1815951.0", 1760957999999, "275950.82208", 3426, "965249.9", "146676.28741", "0"], [1760958000000, "0.1515", "0.1517", "0.1507", "0.1513", "2468556.0", 1760961599999, "373289.34253", 3223, "985815.8", "149110.68700", "0"], [1760961600000, "0.1512", "0.1519", "0.1511", "0.1515", "1939162.7", 1760965199999, "293839.92462", 3012, "997051.5", "151096.99589", "0"], [1760965200000, "0.1515", "0.1531", "0.1505", "0.1528", "3790330.9", 1760968799999, "575141.21636", 5312, "1764660.6", "268103.88326", "0"], [1760968800000, "0.1528", "0.1531", "0.1518", "0.1525", "2451421.5", 1760972399999, "373853.81869", 3107, "1434253.0", "218740.12317", "0"], [1760972400000, "0.1524", "0.1528", "0.1515", "0.1516", "1970245.8", 1760975999999, "299965.32353", 3052, "766092.3", "116667.31442", "0"], [1760976000000, "0.1516", "0.1528", "0.1488", "0.1497", "13010700.8", 1760979599999, "1962062.63704", 10729, "6735566.5", "1015526.75382", "0"], [1760979600000, "0.1497", "0.1503", "0.1480", "0.1493", "4169683.2", 1760983199999, "621684.19505", 5553, "1846023.4", "275234.22400", "0"], [1760983200000, "0.1492", "0.1500", "0.1484", "0.1500", "1459967.7", 1760986799999, "217631.22136", 2527, "735845.7", "109673.14287", "0"], [1760986800000, "0.1499", "0.1513", "0.1496", "0.1510", "1911347.3", 1760990399999, "287116.91011", 2900, "938460.8", "140983.13364", "0"], [1760990400000, "0.1511", "0.1514", "0.1501", "0.1513", "1894040.0", 1760993999999, "286151.99099", 2750, "1105632.6", "167069.33886", "0"], [1760994000000, "0.1513", "0.1522", "0.1509", "0.1513", "2098006.7", 1760997599999, "317990.52701", 2953, "1153388.3", "174819.18935", "0"], [1760997600000, "0.1514", "0.1521", "0.1507", "0.1518", "1252302.2", 1761001199999, "189727.96460", 3977, "575818.2", "87228.53714", "0"], [1761001200000, "0.1519", "0.1524", "0.1509", "0.1511", "1897642.9", 1761004799999, "287725.88263", 3114, "959001.6", "145445.34052", "0"], [1761004800000, "0.1511", "0.1514", "0.1500", "0.1507", "2647296.9", 1761008399999, "399099.94514", 6203, "1514891.8", "228397.67160", "0"], [1761008400000, "0.1507", "0.1508", "0.1490", "0.1494", "1805060.4", 1761011999999, "270902.64846", 3390, "789097.1", "118430.15121", "0"], [1761012000000, "0.1493", "0.1494", "0.1481", "0.1486", "2424459.8", 1761015599999, "360685.19426", 3383, "1082284.8", "161088.12324", "0"], [1761015600000, "0.1486", "0.1490", "0.1468", "0.1472", "2660345.6", 1761019199999, "393063.25257", 3674, "1024086.8", "151424.69687", "0"], [1761019200000, "0.1473", "0.1473", "0.1438", "0.1442", "5847098.6", 1761022799999, "850020.49757", 7485, "2674387.3", "389051.72391", "0"], [1761022800000, "0.1442", "0.1450", "0.1437", "0.1441", "3786359.9", 1761026399999, "546367.84921", 4587, "1831669.6", "264435.78031", "0"], [1761026400000, "0.1441", "0.1454", "0.1432", "0.1451", "2656986.0", 1761029999999, "383691.00532", 3795, "1367945.8", "197676.47299", "0"], [1761030000000, "0.1450", "0.1462", "0.1440", "0.1453", "2699986.7", 1761033599999, "391843.49234", 3431, "1485786.8", "215761.78854", "0"], [1761033600000, "0.1453", "0.1454", "0.1420", "0.1432", "4777878.3", 1761037199999, "684319.08743", 4601, "1849615.4", "264934.19715", "0"], [1761037200000, "0.1431", "0.1436", "0.1426", "0.1431", "2983051.9", 1761040799999, "426795.56604", 3892, "1105491.3", "158172.55889", "0"], [1761040800000, "0.1430", "0.1455", "0.1430", "0.1453", "2399109.4", 1761044399999, "346213.84083", 3736, "1189886.4", "171667.46311", "0"], [1761044400000, "0.1453", "0.1456", "0.1446", "0.1452", "1902611.2", 1761047999999, "276129.02101", 2804, "735923.6", "106878.69642", "0"], [1761048000000, "0.1453", "0.1470", "0.1449", "0.1454", "2924144.7", 1761051599999, "426804.50362", 4558, "1550254.3", "226397.10391", "0"], [1761051600000, "0.1455", "0.1465", "0.1444", "0.1453", "3268240.7", 1761055199999, "475061.41958", 4576, "1654044.9", "240431.33942", "0"], [1761055200000, "0.1452", "0.1516", "0.1451", "0.1514", "6289343.4", 1761058799999, "936259.86136", 7108, "2572993.9", "382535.76386", "0"], [1761058800000, "0.1515", "0.1540", "0.1507", "0.1538", "5727622.1", 1761062399999, "875134.95224", 5938, "2516370.3", "384405.00359", "0"], [1761062400000, "0.1538", "0.1550", "0.1518", "0.1521", "5640513.6", 1761065999999, "867734.17020", 5498, "2738864.9", "421111.77722", "0"], [1761066000000, "0.1522", "0.1529", "0.1506", "0.1518", "5325699.8", 1761069599999, "809668.75789", 4869, "2623594.1", "398782.93997", "0"], [1761069600000, "0.1518", "0.1522", "0.1504", "0.1510", "2899681.9", 1761073199999, "438268.10529", 3385, "1163075.7", "175871.19538", "0"], [1761073200000, "0.1511", "0.1513", "0.1499", "0.1502", "1920660.9", 1761076799999, "289222.26733", 2856, "788177.9", "118731.28744", "0"], [1761076800000, "0.1501", "0.1503", "0.1466", "0.1472", "4876720.8", 1761080399999, "722157.34165", 5323, "2290794.9", "339259.89099", "0"], [1761080400000, "0.1472", "0.1478", "0.1449", "0.1466", "4300732.0", 1761083999999, "628365.29513", 4758, "1860883.0", "272014.49795", "0"], [1761084000000, "0.1466", "0.1468", "0.1431", "0.1439", "5205508.6", 1761087599999, "752838.87215", 6141, "2939906.4", "425197.96355", "0"], [1761087600000, "0.1438", "0.1443", "0.1433", "0.1439", "1994195.7", 1761091199999, "286642.15198", 1954, "1088765.4", "156518.94262", "0"]]}