{"_ts": 1761088514.9511979, "data": [[1760918400000, "0.2299000", "0.2299000", "0.2249000", "0.2277000", "425784", 1760921999999, "96684.4357000", 1343, "156679", "35597.9093000", "0"], [1760922000000, "0.2277000", "0.2285000", "0.2263000", "0.2268000", "149821", 1760925599999, "34077.3655000", 647, "55842", "12709.8291000", "0"], [1760925600000, "0.2268000", "0.2289000", "0.2248000", "0.2282000", "243237", 1760929199999, "55228.6022000", 958, "173747", "39488.1577000", "0"], [1760929200000, "0.2282000", "0.2358000", "0.2275000", "0.2350000", "374538", 1760932799999, "87375.6185000", 1068, "228606", "53400.3867000", "0"], [1760932800000, "0.2350000", "0.2362000", "0.2333000", "0.2346000", "361101", 1760936399999, "84769.6789000", 1433, "145752", "34227.4562000", "0"], [1760936400000, "0.2344000", "0.2358000", "0.2332000", "0.2354000", "190122", 1760939999999, "44524.2216000", 1148, "102306", "23966.2523000", "0"], [1760940000000, "0.2354000", "0.2387000", "0.2351000", "0.2381000", "216138", 1760943599999, "51174.2516000", 1263, "106258", "25161.7767000", "0"], [1760943600000, "0.2380000", "0.2385000", "0.2361000", "0.2378000", "349972", 1760947199999, "83052.7878000", 1436, "175994", "41758.0189000", "0"], [1760947200000, "0.2379000", "0.2384000", "0.2357000", "0.2364000", "269269", 1760950799999, "63796.6245000", 1150, "81775", "19375.5757000", "0"], [1760950800000, "0.2363000", "0.2369000", "0.2353000", "0.2359000", "169994", 1760954399999, "40124.1169000", 993, "80019", "18889.2420000", "0"], [1760954400000, "0.2360000", "0.2386000", "0.2325000", "0.2339000", "746609", 1760957999999, "176085.3450000", 2582, "326120", "76955.5062000", "0"], [1760958000000, "0.2339000", "0.2350000", "0.2334000", "0.2342000", "231394", 1760961599999, "54195.7584000", 1241, "105352", "24674.3298000", "0"], [1760961600000, "0.2341000", "0.2349000", "0.2324000", "0.2330000", "287805", 1760965199999, "67229.3911000", 1459, "119991", "28035.2743000", "0"], [1760965200000, "0.2331000", "0.2354000", "0.2323000", "0.2351000", "395049", 1760968799999, "92482.3025000", 1466, "143943", "33678.3231000", "0"], [1760968800000, "0.2352000", "0.2357000", "0.2319000", "0.2336000", "382297", 1760972399999, "89276.5026000", 1676, "210539", "49176.1092000", "0"], [1760972400000, "0.2336000", "0.2355000", "0.2312000", "0.2312000", "360147", 1760975999999, "84147.9793000", 1690, "216691", "50665.2373000", "0"], [1760976000000, "0.2312000", "0.2312000", "0.2263000", "0.2285000", "1010490", 1760979599999, "231249.5839000", 3026, "414009", "94723.1189000", "0"], [1760979600000, "0.2286000", "0.2309000", "0.2261000", "0.2281000", "471713", 1760983199999, "107607.9224000", 1765, "183095", "41912.9833000", "0"], [1760983200000, "0.2281000", "0.2287000", "0.2267000", "0.2285000", "276400", 1760986799999, "62916.8783000", 1377, "139232", "31722.3569000", "0"], [1760986800000, "0.2283000", "0.2303000", "0.2270000", "0.2292000", "328180", 1760990399999, "74951.8390000", 1621, "183993", "42009.8019000", "0"], [1760990400000, "0.2291000", "0.2295000", "0.2274000", "0.2283000", "188790", 1760993999999, "43118.4448000", 1666, "97756", "22329.3373000", "0"], [1760994000000, "0.2282000", "0.2287000", "0.2261000", "0.2265000", "407906", 1760997599999, "92766.9907000", 1980, "192032", "43665.3156000", "0"], [1760997600000, "0.2265000", "0.2270000", "0.2247000", "0.2252000", "236042", 1761001199999, "53320.2027000", 1286, "125772", "28426.7734000", "0"], [1761001200000, "0.2252000", "0.2257000", "0.2182000", "0.2184000", "1427794", 1761004799999, "316202.7738000", 4785, "642494", "142243.7427000", "0"], [1761004800000, "0.2184000", "0.2288000", "0.2181000", "0.2210000", "4291197", 1761008399999, "955951.9339000", 10277, "2348134", "522948.3134000", "0"], [1761008400000, "0.2210000", "0.2217000", "0.2142000", "0.2156000", "1201413", 1761011999999, "261597.1174000", 3986, "576426", "125468.4429000", "0"], [1761012000000, "0.2156000", "0.2161000", "0.2121000", "0.2126000", "1084431", 1761015599999, "232123.9559000", 3541, "514190", "110084.6368000", "0"], [1761015600000, "0.2126000", "0.2141000", "0.2102000", "0.2116000", "833197", 1761019199999, "176662.1545000", 2872, "375790", "79711.7285000", "0"], [1761019200000, "0.2113000", "0.2120000", "0.2092000", "0.2100000", "874202", 1761022799999, "184054.0335000", 2821, "415653", "87596.6870000", "0"], [1761022800000, "0.2099000", "0.2112000", "0.2086000", "0.2099000", "595993", 1761026399999, "124998.6445000", 2197, "259310", "54425.5081000", "0"], [1761026400000, "0.2098000", "0.2105000", "0.2075000", "0.2091000", "646706", 1761029999999, "135099.6047000", 2370, "272198", "56847.5649000", "0"], [1761030000000, "0.2090000", "0.2103000", "0.2086000", "0.2092000", "428022", 1761033599999, "89656.3484000", 1647, "214419", "44918.4987000", "0"], [1761033600000, "0.2090000", "0.2093000", "0.2033000", "0.2065000", "1317205", 1761037199999, "271760.6557000", 3851, "633491", "130758.1039000", "0"], [1761037200000, "0.2064000", "0.2074000", "0.2038000", "0.2051000", "1082537", 1761040799999, "222560.6023000", 2953, "601352", "123715.8759000", "0"], [1761040800000, "0.2051000", "0.2077000", "0.2017000", "0.2067000", "2248743", 1761044399999, "460121.8150000", 4262, "1086632", "222454.3622000", "0"], [1761044400000, "0.2067000", "0.2100000", "0.2060000", "0.2097000", "852920", 1761047999999, "177656.0176000", 2816, "512430", "106799.7282000", "0"], [1761048000000, "0.2096000", "0.2119000", "0.2082000", "0.2084000", "1347044", 1761051599999, "283054.6273000", 2683, "675609", "142085.3787000", "0"], [1761051600000, "0.2086000", "0.2104000", "0.2063000", "0.2068000", "1864032", 1761055199999, "388542.4955000", 3545, "1070044", "223304.2390000", "0"], [1761055200000, "0.2070000", "0.2169000", "0.2066000", "0.2165000", "2020210", 1761058799999, "429686.7994000", 4269, "949694", "201573.1540000", "0"], [1761058800000, "0.2167000", "0.2227000", "0.2152000", "0.2208000", "2160349", 1761062399999, "472525.2224000", 4192, "1129451", "247184.8985000", "0"], [1761062400000, "0.2208000", "0.2215000", "0.2123000", "0.2127000", "2251560", 1761065999999, "489654.7322000", 4960, "1022618", "222678.6635000", "0"], [1761066000000, "0.2126000", "0.2142000", "0.2088000", "0.2112000", "2395839", 1761069599999, "505861.6327000", 4708, "1159664", "244980.0090000", "0"], [1761069600000, "0.2113000", "0.2115000", "0.2077000", "0.2094000", "1681246", 1761073199999, "351845.3553000", 3700, "724068", "151400.4163000", "0"], [1761073200000, "0.2094000", "0.2096000", "0.1135000", "0.1289000", "234691620", 1761076799999, "33944703.3623000", 208882, "113130338", "16288377.2495000", "0"], [1761076800000, "0.1292000", "0.1339000", "0.0804000", "0.0890000", "537038037", 1761080399999, "55832162.0356000", 321848, "268560257", "27857087.4795000", "0"], [1761080400000, "0.0889000", "0.0990000", "0.0780000", "0.0915000", "367555507", 1761083999999, "32673447.5777000", 195816, "186291119", "16604789.6940000", "0"], [1761084000000, "0.0914000", "0.1008000", "0.0911000", "0.0963000", "149718830", 1761087599999, "14373021.9854000", 86848, "76000084", "7302047.0739000", "0"], [1761087600000, "0.0962000", "0.0964000", "0.0929000", "0.0945000", "23106991", 1761091199999, "2182347.0371000", 14980, "11740213", "1108674.0938000", "0"]]}