{"_ts": 1761081361.6863341, "data": [[1760911200000, "0.0644200", "0.0649000", "0.0644000", "0.0646300", "2408488", 1760914799999, "155807.6344400", 3529, "1266140", "81910.2347600", "0"], [1760914800000, "0.0646200", "0.0646300", "0.0637600", "0.0638700", "2613455", 1760918399999, "167675.8160700", 3568, "1135269", "72783.5449500", "0"], [1760918400000, "0.0638600", "0.0638800", "0.0622700", "0.0631000", "6465057", 1760921999999, "406539.1683700", 8429, "3554569", "223523.2095200", "0"], [1760922000000, "0.0631000", "0.0633100", "0.0626100", "0.0628500", "3484182", 1760925599999, "219190.0188700", 4508, "1749983", "110078.4693800", "0"], [1760925600000, "0.0628300", "0.0630000", "0.0623200", "0.0626500", "3688042", 1760929199999, "230987.2784300", 4835, "1884367", "118034.6620100", "0"], [1760929200000, "0.0626500", "0.0631000", "0.0616400", "0.0626200", "7235506", 1760932799999, "450713.6312400", 8401, "3597681", "224149.1931600", "0"], [1760932800000, "0.0626400", "0.0634200", "0.0621800", "0.0629800", "9649475", 1760936399999, "605423.1323400", 11080, "5099874", "319994.9274200", "0"], [1760936400000, "0.0629800", "0.0630200", "0.0625000", "0.0628000", "4314754", 1760939999999, "270838.3586200", 5210, "2016307", "126577.5197600", "0"], [1760940000000, "0.0628100", "0.0635600", "0.0626100", "0.0634700", "5765778", 1760943599999, "363861.1214200", 6402, "3060577", "193296.6067900", "0"], [1760943600000, "0.0634500", "0.0637200", "0.0626000", "0.0627400", "6357798", 1760947199999, "401925.7716800", 7481, "2595260", "164079.5727700", "0"], [1760947200000, "0.0627200", "0.0634200", "0.0624100", "0.0629000", "6021310", 1760950799999, "378452.9517900", 6331, "2747059", "172729.4432100", "0"], [1760950800000, "0.0628700", "0.0639000", "0.0627500", "0.0634500", "6726295", 1760954399999, "426330.8668400", 7264, "2921306", "185128.7019500", "0"], [1760954400000, "0.0634400", "0.0637900", "0.0627000", "0.0629000", "7497186", 1760957999999, "475148.5715400", 8139, "3504421", "222093.1677000", "0"], [1760958000000, "0.0629200", "0.0632100", "0.0627500", "0.0629100", "3494565", 1760961599999, "219978.7376700", 4342, "1806627", "113737.8962600", "0"], [1760961600000, "0.0629000", "0.0629500", "0.0621000", "0.0623400", "3525179", 1760965199999, "220627.5082900", 4386, "1562706", "97824.0745100", "0"], [1760965200000, "0.0623300", "0.0625300", "0.0614300", "0.0621700", "8819563", 1760968799999, "546321.1121000", 8576, "4257609", "263783.5643100", "0"], [1760968800000, "0.0621900", "0.0622500", "0.0610800", "0.0616300", "5790695", 1760972399999, "356674.2141100", 5763, "2853803", "175825.0301500", "0"], [1760972400000, "0.0616400", "0.0618600", "0.0603400", "0.0603400", "6676481", 1760975999999, "407955.7601800", 6281, "2969317", "181391.3268400", "0"], [1760976000000, "0.0603500", "0.0604300", "0.0592500", "0.0596800", "22630681", 1760979599999, "1354635.3386100", 14238, "10897990", "652416.1461200", "0"], [1760979600000, "0.0596700", "0.0600200", "0.0586700", "0.0593600", "9175390", 1760983199999, "544192.7124800", 6986, "5008859", "297145.4119300", "0"], [1760983200000, "0.0593700", "0.0595700", "0.0591300", "0.0595500", "4631866", 1760986799999, "274813.8592200", 4506, "2373729", "140858.9737500", "0"], [1760986800000, "0.0595300", "0.0606100", "0.0593400", "0.0604500", "6589629", 1760990399999, "394945.6912300", 6021, "3373403", "202160.8854200", "0"], [1760990400000, "0.0604400", "0.0604800", "0.0599700", "0.0603200", "3954701", 1760993999999, "238145.9347100", 4542, "1754208", "105654.5257800", "0"], [1760994000000, "0.0603200", "0.0608000", "0.0599700", "0.0600700", "4208901", 1760997599999, "254595.3868400", 4134, "1785408", "108002.2094600", "0"], [1760997600000, "0.0600400", "0.0604700", "0.0598800", "0.0604100", "2944769", 1761001199999, "177151.6179900", 3197, "1587842", "95537.5889400", "0"], [1761001200000, "0.0604100", "0.0605500", "0.0599200", "0.0599600", "4610446", 1761004799999, "277851.7400400", 3369, "2823578", "170172.2714600", "0"], [1761004800000, "0.0599700", "0.0601600", "0.0595000", "0.0598600", "3720727", 1761008399999, "222616.5027800", 3924, "1731654", "103636.6053900", "0"], [1761008400000, "0.0598500", "0.0600100", "0.0592200", "0.0594000", "7518996", 1761011999999, "448521.0684600", 6004, "3580446", "213550.1973900", "0"], [1761012000000, "0.0593900", "0.0594200", "0.0586400", "0.0586700", "5095493", 1761015599999, "300524.5565900", 5490, "2210095", "130338.8245700", "0"], [1761015600000, "0.0587000", "0.0589000", "0.0582400", "0.0584400", "4051941", 1761019199999, "237486.0234800", 4620, "1801642", "105664.0563100", "0"], [1761019200000, "0.0584600", "0.0585000", "0.0574000", "0.0575300", "8733619", 1761022799999, "505656.9619200", 8295, "4054463", "234771.5083000", "0"], [1761022800000, "0.0575300", "0.0575700", "0.0568700", "0.0568900", "6206856", 1761026399999, "354938.4078000", 5656, "2900374", "165939.6255400", "0"], [1761026400000, "0.0569100", "0.0573600", "0.0566300", "0.0572500", "3944159", 1761029999999, "224854.2342400", 4412, "2229818", "127111.9305400", "0"], [1761030000000, "0.0572400", "0.0576200", "0.0569800", "0.0574900", "2539121", 1761033599999, "145510.4020700", 3003, "1304942", "74779.2793800", "0"], [1761033600000, "0.0574900", "0.0575500", "0.0570200", "0.0574000", "3834797", 1761037199999, "219472.8006200", 3826, "2157849", "123508.0216000", "0"], [1761037200000, "0.0574200", "0.0575700", "0.0570500", "0.0570900", "2828830", 1761040799999, "162122.6913400", 2842, "1275054", "73101.1820600", "0"], [1761040800000, "0.0571000", "0.0575200", "0.0569700", "0.0571300", "4712930", 1761044399999, "269676.1849200", 4621, "2454812", "140453.7538600", "0"], [1761044400000, "0.0571100", "0.0574100", "0.0567300", "0.0573300", "4658076", 1761047999999, "265789.7569300", 4206, "2293634", "130909.4205300", "0"], [1761048000000, "0.0573400", "0.0584500", "0.0572700", "0.0580000", "7572422", 1761051599999, "438734.2206500", 6861, "3458365", "200248.5930200", "0"], [1761051600000, "0.0580100", "0.0585200", "0.0574800", "0.0576400", "8546919", 1761055199999, "495678.6019200", 7972, "4019708", "233089.4971000", "0"], [1761055200000, "0.0576500", "0.0606100", "0.0575800", "0.0605400", "14273001", 1761058799999, "846398.5719300", 10751, "7607790", "451000.5178800", "0"], [1761058800000, "0.0605600", "0.0630500", "0.0601100", "0.0627700", "24324567", 1761062399999, "1501886.9768900", 17279, "11884974", "733567.1473700", "0"], [1761062400000, "0.0627600", "0.0647800", "0.0626500", "0.0634500", "20287981", 1761065999999, "1296399.3250300", 16673, "9442149", "603244.5554800", "0"], [1761066000000, "0.0634600", "0.0645100", "0.0622800", "0.0641700", "19514555", 1761069599999, "1240077.3809600", 17709, "9718115", "617640.2727700", "0"], [1761069600000, "0.0641500", "0.0646900", "0.0628900", "0.0630200", "11455336", 1761073199999, "730125.1934100", 11609, "5418627", "345464.8692700", "0"], [1761073200000, "0.0630200", "0.0636700", "0.0629900", "0.0634200", "8721636", 1761076799999, "552277.5928800", 9064, "4372968", "276972.4919800", "0"], [1761076800000, "0.0634300", "0.0635700", "0.0619000", "0.0627300", "7954662", 1761080399999, "498202.7693100", 10275, "3614908", "226462.1498500", "0"], [1761080400000, "0.0627200", "0.0635000", "0.0626800", "0.0632400", "2344296", 1761083999999, "148210.9452100", 2868, "1165421", "73621.2217600", "0"]]}