{"_ts": 1761088743.6260383, "data": [[1760918400000, "0.29330", "0.29470", "0.28680", "0.29030", "1290085", 1760921999999, "375690.96450", 4908, "611208", "178091.48240", "0"], [1760922000000, "0.29030", "0.29190", "0.28940", "0.29100", "436599", 1760925599999, "126862.98280", 2175, "226220", "65744.17510", "0"], [1760925600000, "0.29090", "0.29220", "0.28970", "0.29130", "419585", 1760929199999, "122021.54640", 2007, "198606", "57787.56040", "0"], [1760929200000, "0.29130", "0.30020", "0.29060", "0.29910", "778419", 1760932799999, "229958.45320", 3179, "476146", "140640.27820", "0"], [1760932800000, "0.29920", "0.29980", "0.29600", "0.29820", "510361", 1760936399999, "151954.62920", 2655, "253690", "75503.95150", "0"], [1760936400000, "0.29810", "0.29880", "0.29540", "0.29830", "425279", 1760939999999, "126270.69920", 1867, "209544", "62225.89420", "0"], [1760940000000, "0.29820", "0.30060", "0.29740", "0.29970", "315005", 1760943599999, "94175.79860", 1721, "150860", "45079.91730", "0"], [1760943600000, "0.29960", "0.30090", "0.29880", "0.29980", "455358", 1760947199999, "136418.37670", 1915, "218740", "65544.83690", "0"], [1760947200000, "0.29990", "0.30520", "0.29890", "0.30370", "1438348", 1760950799999, "434029.62700", 4931, "690181", "208360.91420", "0"], [1760950800000, "0.30360", "0.30360", "0.29900", "0.30100", "569458", 1760954399999, "171428.54800", 2620, "238135", "71650.40470", "0"], [1760954400000, "0.30110", "0.31290", "0.30100", "0.31250", "2712061", 1760957999999, "834853.99340", 8149, "1638353", "503777.44000", "0"], [1760958000000, "0.31250", "0.33490", "0.31030", "0.33420", "14635508", 1760961599999, "4694156.59270", 41632, "7097546", "2277045.12050", "0"], [1760961600000, "0.33420", "0.33850", "0.31400", "0.31440", "9961413", 1760965199999, "3263572.81340", 32496, "4595879", "1506965.62760", "0"], [1760965200000, "0.31440", "0.31630", "0.30680", "0.30860", "4025606", 1760968799999, "1257323.06490", 12631, "1805257", "564914.08400", "0"], [1760968800000, "0.30860", "0.31410", "0.30810", "0.31250", "2248822", 1760972399999, "699362.76060", 8774, "1186954", "369266.94020", "0"], [1760972400000, "0.31250", "0.31530", "0.31120", "0.31230", "1795633", 1760975999999, "562141.15900", 6827, "687549", "215311.16150", "0"], [1760976000000, "0.31220", "0.31230", "0.30390", "0.30600", "3050537", 1760979599999, "937879.64860", 9160, "1402543", "431229.80070", "0"], [1760979600000, "0.30600", "0.30760", "0.30230", "0.30510", "1000192", 1760983199999, "304725.17640", 4482, "517611", "157777.46390", "0"], [1760983200000, "0.30510", "0.30820", "0.30440", "0.30770", "682272", 1760986799999, "209126.72780", 3013, "380108", "116462.06070", "0"], [1760986800000, "0.30760", "0.31040", "0.30740", "0.30790", "664290", 1760990399999, "205118.93920", 3648, "308130", "95156.25380", "0"], [1760990400000, "0.30800", "0.31120", "0.30720", "0.31110", "828443", 1760993999999, "256613.95690", 3696, "398383", "123428.81010", "0"], [1760994000000, "0.31110", "0.31230", "0.30840", "0.30950", "1329617", 1760997599999, "412677.02100", 4509, "584583", "181561.60200", "0"], [1760997600000, "0.30950", "0.31520", "0.30930", "0.31490", "696438", 1761001199999, "217028.68100", 3229, "450592", "140484.80290", "0"], [1761001200000, "0.31490", "0.31780", "0.31370", "0.31700", "1491764", 1761004799999, "470848.81120", 5248, "818078", "258117.20270", "0"], [1761004800000, "0.31700", "0.33610", "0.31340", "0.32250", "9828203", 1761008399999, "3202946.61070", 33564, "5140253", "1674279.23780", "0"], [1761008400000, "0.32260", "0.32940", "0.31540", "0.31600", "2630786", 1761011999999, "848634.60340", 10267, "1209513", "390731.97470", "0"], [1761012000000, "0.31590", "0.31650", "0.30230", "0.30380", "3410707", 1761015599999, "1050676.80270", 12376, "1404527", "432606.45650", "0"], [1761015600000, "0.30380", "0.30620", "0.30220", "0.30350", "1160159", 1761019199999, "352865.89450", 5443, "624662", "190075.36650", "0"], [1761019200000, "0.30350", "0.30350", "0.29200", "0.29320", "2735770", 1761022799999, "814529.68110", 10393, "1210371", "360539.14690", "0"], [1761022800000, "0.29320", "0.29540", "0.29010", "0.29230", "1265306", 1761026399999, "370552.54210", 5956, "740418", "216896.89040", "0"], [1761026400000, "0.29230", "0.29490", "0.29120", "0.29350", "934497", 1761029999999, "273913.21940", 4919, "508862", "149172.33730", "0"], [1761030000000, "0.29350", "0.29450", "0.29210", "0.29330", "628820", 1761033599999, "184379.93430", 3127, "290899", "85288.04250", "0"], [1761033600000, "0.29330", "0.29330", "0.28870", "0.29110", "887755", 1761037199999, "258629.87410", 3679, "373846", "108969.22010", "0"], [1761037200000, "0.29100", "0.29540", "0.29050", "0.29360", "1030631", 1761040799999, "302362.99770", 5069, "490003", "143736.48920", "0"], [1761040800000, "0.29350", "0.29870", "0.29350", "0.29720", "864101", 1761044399999, "255826.59310", 4396, "396809", "117444.13410", "0"], [1761044400000, "0.29720", "0.30040", "0.29610", "0.29870", "996973", 1761047999999, "297264.42960", 4495, "443307", "132176.05580", "0"], [1761048000000, "0.29860", "0.30160", "0.29630", "0.29680", "1026585", 1761051599999, "307076.75650", 4808, "438074", "131001.36250", "0"], [1761051600000, "0.29680", "0.29890", "0.29430", "0.29550", "929011", 1761055199999, "275304.45220", 4491, "517148", "153324.17230", "0"], [1761055200000, "0.29560", "0.30700", "0.29560", "0.30650", "1391063", 1761058799999, "420729.41070", 7437, "676805", "204618.08550", "0"], [1761058800000, "0.30650", "0.31720", "0.30530", "0.31530", "2535725", 1761062399999, "792425.40440", 10719, "1352900", "422552.81510", "0"], [1761062400000, "0.31530", "0.31640", "0.30710", "0.30800", "3115699", 1761065999999, "971310.78440", 9312, "1106592", "345287.51320", "0"], [1761066000000, "0.30820", "0.31160", "0.30530", "0.30960", "1307112", 1761069599999, "403543.00850", 5971, "627679", "193853.38350", "0"], [1761069600000, "0.30960", "0.31160", "0.30720", "0.31130", "932263", 1761073199999, "288583.78800", 3251, "401047", "124107.00110", "0"], [1761073200000, "0.31120", "0.31160", "0.30900", "0.30920", "358977", 1761076799999, "111426.01490", 2269, "140497", "43618.06760", "0"], [1761076800000, "0.30920", "0.30940", "0.30200", "0.30640", "1020754", 1761080399999, "311957.77120", 4479, "453098", "138600.18650", "0"], [1761080400000, "0.30650", "0.30820", "0.30270", "0.30550", "551532", 1761083999999, "168341.35680", 3400, "254634", "77729.16970", "0"], [1761084000000, "0.30560", "0.30570", "0.29980", "0.30110", "1042927", 1761087599999, "315642.80910", 4724, "496075", "150154.76630", "0"], [1761087600000, "0.30100", "0.30180", "0.29900", "0.30030", "331446", 1761091199999, "99552.14110", 1366, "138661", "41620.56430", "0"]]}