{"_ts": 1761088557.5465853, "data": [[1760918400000, "0.414200", "0.419400", "0.403800", "0.416900", "7967389.3", 1760921999999, "3284688.6489600", 40211, "4136526.7", "1706988.3671300", "0"], [1760922000000, "0.416900", "0.441000", "0.416500", "0.438200", "14645375.6", 1760925599999, "6269285.0483900", 83042, "7352517.3", "3147066.5082000", "0"], [1760925600000, "0.438100", "0.447100", "0.427500", "0.440700", "14082342.0", 1760929199999, "6176610.8714700", 73880, "6597856.4", "2895118.7385500", "0"], [1760929200000, "0.440800", "0.462000", "0.436100", "0.459300", "11286635.6", 1760932799999, "5058972.2709600", 62616, "5976180.5", "2680770.4427000", "0"], [1760932800000, "0.459300", "0.459800", "0.446700", "0.451900", "7062652.9", 1760936399999, "3197046.9148200", 38871, "3169730.0", "1435414.8702100", "0"], [1760936400000, "0.452100", "0.453200", "0.440100", "0.444900", "7128329.8", 1760939999999, "3181550.8350300", 34764, "3211469.2", "1434366.7351800", "0"], [1760940000000, "0.444900", "0.452500", "0.441100", "0.445100", "6218448.7", 1760943599999, "2775910.1666000", 34031, "3109060.7", "1388294.4823300", "0"], [1760943600000, "0.445100", "0.460300", "0.444000", "0.450000", "6860049.3", 1760947199999, "3107983.2474800", 42075, "3320463.0", "1504936.5772100", "0"], [1760947200000, "0.450100", "0.453700", "0.435100", "0.439800", "8114596.5", 1760950799999, "3594849.7220000", 41119, "3603358.0", "1596975.8555600", "0"], [1760950800000, "0.439800", "0.451800", "0.431500", "0.450000", "7202626.0", 1760954399999, "3175254.9911400", 37468, "3682719.4", "1625986.1502200", "0"], [1760954400000, "0.450100", "0.463800", "0.447800", "0.455600", "13038315.8", 1760957999999, "5944562.9209400", 72574, "6705541.4", "3060090.7980000", "0"], [1760958000000, "0.455500", "0.455800", "0.440000", "0.449400", "8054187.7", 1760961599999, "3604602.1868400", 43249, "3716633.9", "1663431.6480600", "0"], [1760961600000, "0.449400", "0.474100", "0.441600", "0.445400", "18632434.8", 1760965199999, "8523506.5705400", 87347, "9405603.7", "4307679.0884600", "0"], [1760965200000, "0.445300", "0.456000", "0.444700", "0.447300", "6506993.3", 1760968799999, "2923502.4856500", 34399, "3162626.7", "1421138.9718200", "0"], [1760968800000, "0.447100", "0.460300", "0.445500", "0.451000", "7205039.9", 1760972399999, "3267425.8190600", 37045, "3760697.6", "1704992.9130400", "0"], [1760972400000, "0.451000", "0.453900", "0.444200", "0.444600", "4241167.3", 1760975999999, "1907771.1244500", 22229, "1949036.9", "877220.6379200", "0"], [1760976000000, "0.444700", "0.456000", "0.440300", "0.449500", "7408720.9", 1760979599999, "3334144.2511600", 29942, "3809654.6", "1715699.4423900", "0"], [1760979600000, "0.449500", "0.453000", "0.447300", "0.449000", "2673883.7", 1760983199999, "1202478.7543600", 15129, "1446132.6", "650484.5486400", "0"], [1760983200000, "0.448900", "0.452300", "0.444200", "0.448200", "2398990.6", 1760986799999, "1073885.9508800", 13966, "1163353.3", "520771.2744500", "0"], [1760986800000, "0.448200", "0.457100", "0.447700", "0.450900", "3098449.2", 1760990399999, "1402570.8626400", 15427, "1668537.6", "755216.7408600", "0"], [1760990400000, "0.451000", "0.458600", "0.449000", "0.457600", "2835980.2", 1760993999999, "1289055.6333900", 16599, "1459554.2", "663400.1745500", "0"], [1760994000000, "0.457900", "0.469700", "0.457800", "0.466900", "6215032.9", 1760997599999, "2886754.9503400", 31120, "3100174.9", "1439462.0940600", "0"], [1760997600000, "0.466900", "0.473800", "0.461600", "0.462700", "5781858.5", 1761001199999, "2702416.5622000", 33437, "2833737.9", "1325077.5684400", "0"], [1761001200000, "0.462700", "0.468700", "0.459100", "0.464400", "2655256.5", 1761004799999, "1229133.7872500", 18686, "1318616.4", "610469.1638700", "0"], [1761004800000, "0.464300", "0.471600", "0.447000", "0.451600", "10584396.2", 1761008399999, "4827650.6580000", 50168, "4866582.6", "2221374.6871000", "0"], [1761008400000, "0.451700", "0.468500", "0.447800", "0.464400", "5173434.8", 1761011999999, "2378702.7516100", 28774, "2869278.0", "1319073.6646800", "0"], [1761012000000, "0.464300", "0.464400", "0.449500", "0.457300", "4966832.9", 1761015599999, "2267522.8341700", 28408, "2376678.5", "1085184.4692200", "0"], [1761015600000, "0.457300", "0.457300", "0.446200", "0.449800", "3475475.1", 1761019199999, "1570867.1557400", 22646, "1534747.8", "693814.3385000", "0"], [1761019200000, "0.449800", "0.451600", "0.434300", "0.434700", "7155655.3", 1761022799999, "3152212.1833900", 30382, "2645175.8", "1165324.3403300", "0"], [1761022800000, "0.434700", "0.435400", "0.424000", "0.431600", "6975743.0", 1761026399999, "2997019.4046500", 27993, "3033400.5", "1303999.2518100", "0"], [1761026400000, "0.431600", "0.443500", "0.430400", "0.437400", "4800542.5", 1761029999999, "2098969.6159900", 22641, "2751832.6", "1203328.9778900", "0"], [1761030000000, "0.437400", "0.437600", "0.431500", "0.434800", "2270042.3", 1761033599999, "987811.3346500", 13426, "1027457.3", "446971.3268400", "0"], [1761033600000, "0.434800", "0.434900", "0.424300", "0.426900", "3632547.7", 1761037199999, "1553469.2035900", 16475, "1502962.0", "642414.8325900", "0"], [1761037200000, "0.426900", "0.430600", "0.423300", "0.423500", "2740285.3", 1761040799999, "1169249.9400200", 14770, "1510299.2", "644725.5762400", "0"], [1761040800000, "0.423600", "0.428200", "0.420000", "0.425000", "4163706.8", 1761044399999, "1765547.2904100", 18947, "2386016.6", "1011969.7754400", "0"], [1761044400000, "0.425000", "0.435300", "0.424600", "0.434600", "3984969.0", 1761047999999, "1708789.7852100", 17264, "2267601.8", "972591.8524100", "0"], [1761048000000, "0.434600", "0.450300", "0.430400", "0.445600", "5420609.0", 1761051599999, "2391650.3635700", 25125, "2819353.0", "1244743.1459800", "0"], [1761051600000, "0.445400", "0.448400", "0.434400", "0.435700", "3422061.4", 1761055199999, "1504053.9549800", 20072, "1513801.4", "665607.2457000", "0"], [1761055200000, "0.435700", "0.458900", "0.433300", "0.457900", "6772680.4", 1761058799999, "3052121.3283500", 28329, "3422229.5", "1542562.0283200", "0"], [1761058800000, "0.458100", "0.471800", "0.454400", "0.459200", "7721513.7", 1761062399999, "3559122.8392100", 29137, "3796834.5", "1750863.5588600", "0"], [1761062400000, "0.459100", "0.462600", "0.449300", "0.450100", "3292333.0", 1761065999999, "1505475.3977600", 15535, "1492295.7", "682572.7004200", "0"], [1761066000000, "0.450300", "0.453600", "0.447200", "0.449600", "2865419.8", 1761069599999, "1291071.8766400", 13860, "1386108.2", "624818.6785800", "0"], [1761069600000, "0.449500", "0.453900", "0.446100", "0.450500", "3699838.8", 1761073199999, "1663165.4349900", 16205, "2052777.3", "922905.9632700", "0"], [1761073200000, "0.450400", "0.454300", "0.446800", "0.453700", "1651946.2", 1761076799999, "744458.6984100", 9657, "866674.2", "390567.7235100", "0"], [1761076800000, "0.453700", "0.457800", "0.443000", "0.443700", "2708393.1", 1761080399999, "1216035.8724700", 14214, "1344009.4", "603772.7852900", "0"], [1761080400000, "0.443700", "0.444200", "0.434300", "0.437600", "2222199.2", 1761083999999, "973268.3763700", 11361, "1047120.3", "458542.7587800", "0"], [1761084000000, "0.437500", "0.437500", "0.422700", "0.430000", "2933278.1", 1761087599999, "1256471.5519300", 17939, "1474730.8", "631690.8240700", "0"], [1761087600000, "0.430000", "0.436200", "0.428700", "0.435100", "1284994.1", 1761091199999, "554433.0253400", 7221, "738744.0", "318787.8160300", "0"]]}