{"_ts": 1761088077.6242495, "data": [[1760709600000, "0.2500100", "0.3864700", "0.2415000", "0.3608400", "141819564", 1760713199999, "46387124.9630900", 404863, "69467296", "22749622.8701100", "0"], [1760713200000, "0.3608100", "0.3884300", "0.2833000", "0.3183100", "169736765", 1760716799999, "56069841.3180400", 487306, "82558117", "27292840.0877900", "0"], [1760716800000, "0.3183000", "0.3496100", "0.2936600", "0.3400200", "97529029", 1760720399999, "31353343.6150400", 304605, "48092869", "15480631.1411000", "0"], [1760720400000, "0.3400100", "0.3538500", "0.2853600", "0.2968800", "84489482", 1760723999999, "27175648.9370200", 264666, "40771562", "13134589.4009700", "0"], [1760724000000, "0.2968000", "0.3288800", "0.2944200", "0.3117000", "55969904", 1760727599999, "17548589.3161500", 200173, "27773248", "8712164.6106000", "0"], [1760727600000, "0.3117000", "0.3230000", "0.2637300", "0.2811700", "52051576", 1760731199999, "15286137.9035800", 184750, "24736607", "7273686.3460800", "0"], [1760731200000, "0.2813200", "0.2960000", "0.2724600", "0.2833000", "33136688", 1760734799999, "9418661.1706500", 122029, "16201567", "4608279.0612800", "0"], [1760734800000, "0.2833100", "0.3074000", "0.2811400", "0.3001300", "28051343", 1760738399999, "8281312.5419800", 113989, "14444023", "4265506.7352800", "0"], [1760738400000, "0.3001400", "0.3030000", "0.2751100", "0.2827800", "20917058", 1760741999999, "5994524.7113400", 86694, "10032005", "2874437.4871200", "0"], [1760742000000, "0.2827900", "0.3435900", "0.2820300", "0.3074300", "53829418", 1760745599999, "17012820.8037000", 216768, "26538234", "8383613.3196800", "0"], [1760745600000, "0.3072600", "0.3256000", "0.2826400", "0.2969100", "40568569", 1760749199999, "12437548.1360200", 170891, "19926511", "6119361.1251600", "0"], [1760749200000, "0.2969100", "0.3166000", "0.2822300", "0.2980700", "33539455", 1760752799999, "10028499.8486100", 145604, "16208100", "4849099.6910700", "0"], [1760752800000, "0.2979200", "0.3133400", "0.2885100", "0.3059900", "24975789", 1760756399999, "7558614.1343500", 105874, "12350753", "3742336.1258400", "0"], [1760756400000, "0.3058900", "0.3124600", "0.2918700", "0.2951900", "19629421", 1760759999999, "5922473.0945900", 86612, "9246793", "2792813.6356300", "0"], [1760760000000, "0.2951900", "0.3005200", "0.2569800", "0.2659500", "33847599", 1760763599999, "9280991.3957100", 122644, "14841482", "4066724.8447700", "0"], [1760763600000, "0.2659700", "0.2772600", "0.2477600", "0.2589600", "25925037", 1760767199999, "6786547.8108500", 96550, "11973133", "3138171.5885900", "0"], [1760767200000, "0.2589300", "0.2690000", "0.2512800", "0.2570200", "21357536", 1760770799999, "5594095.7859100", 99153, "10156329", "2662221.4454000", "0"], [1760770800000, "0.2572100", "0.2665600", "0.2460000", "0.2647900", "26036895", 1760774399999, "6671841.9245300", 98897, "12134167", "3112126.1435200", "0"], [1760774400000, "0.2645800", "0.2647900", "0.2550400", "0.2592100", "13142903", 1760777999999, "3418794.6968900", 64585, "6205175", "1614920.6059600", "0"], [1760778000000, "0.2591700", "0.2746000", "0.2511600", "0.2716100", "18423282", 1760781599999, "4793167.7813100", 75870, "9345934", "2435334.2169500", "0"], [1760781600000, "0.2715000", "0.2752900", "0.2571000", "0.2636600", "17244003", 1760785199999, "4611962.0902900", 75200, "7950351", "2127428.1138900", "0"], [1760785200000, "0.2636100", "0.2870300", "0.2610300", "0.2782400", "22898173", 1760788799999, "6286438.2581900", 91214, "11199670", "3076202.2611700", "0"], [1760788800000, "0.2782200", "0.2789500", "0.2580200", "0.2653600", "18857500", 1760792399999, "5033258.3762600", 78572, "8585068", "2291720.1093000", "0"], [1760792400000, "0.2652800", "0.2652800", "0.2164500", "0.2208400", "51231754", 1760795999999, "12118067.8282400", 166739, "22684392", "5356405.7432000", "0"], [1760796000000, "0.2208200", "0.2256200", "0.2011100", "0.2052400", "45347634", 1760799599999, "9644083.7999100", 147208, "21218813", "4517618.4268600", "0"], [1760799600000, "0.2051400", "0.2059000", "0.1840700", "0.1857100", "52910314", 1760803199999, "10339553.7643000", 136675, "24622080", "4813954.9583000", "0"], [1760803200000, "0.1856800", "0.1906400", "0.1655900", "0.1670200", "62373779", 1760806799999, "11002699.0635100", 133081, "29500201", "5202721.7818900", "0"], [1760806800000, "0.1670300", "0.1786400", "0.1555100", "0.1710400", "85840274", 1760810399999, "14235644.3797100", 169257, "43487834", "7223790.3836100", "0"], [1760810400000, "0.1709100", "0.1723400", "0.1565000", "0.1671300", "44263354", 1760813999999, "7289632.1186600", 104337, "20943293", "3450023.5587700", "0"], [1760814000000, "0.1670800", "0.1842700", "0.1640500", "0.1786300", "39614833", 1760817599999, "6933428.7653200", 104675, "20619501", "3610068.4417300", "0"], [1760817600000, "0.1786700", "0.1872800", "0.1761700", "0.1861100", "32483593", 1760821199999, "5914343.4095300", 86997, "16022351", "2918814.8679200", "0"], [1760821200000, "0.1861900", "0.1955000", "0.1768400", "0.1894800", "31707214", 1760824799999, "5963747.4783300", 84371, "15321720", "2884317.1988100", "0"], [1760824800000, "0.1894000", "0.1952000", "0.1878800", "0.1897100", "16091816", 1760828399999, "3078625.1996400", 53413, "7847168", "1502371.8977600", "0"], [1760828400000, "0.1896000", "0.1906000", "0.1762500", "0.1785500", "18791243", 1760831999999, "3435674.9209500", 61182, "8625832", "1579066.6523500", "0"], [1760832000000, "0.1784900", "0.1800500", "0.1605600", "0.1755000", "36225057", 1760835599999, "6177260.2948700", 89891, "16603210", "2831670.2893600", "0"], [1760835600000, "0.1755100", "0.1764300", "0.1622400", "0.1664400", "23135398", 1760839199999, "3951471.5752500", 68585, "10894776", "1861390.5985800", "0"], [1760839200000, "0.1664300", "0.1724000", "0.1612600", "0.1701200", "21644704", 1760842799999, "3620444.9365900", 65367, "10267171", "1718760.9127600", "0"], [1760842800000, "0.1701500", "0.1894800", "0.1695200", "0.1883400", "27998089", 1760846399999, "5072403.5027400", 79298, "14376426", "2606199.7277900", "0"], [1760846400000, "0.1883100", "0.1991500", "0.1810000", "0.1850800", "31033413", 1760849999999, "5841796.0128900", 83583, "15668668", "2953547.7337100", "0"], [1760850000000, "0.1850500", "0.1927700", "0.1824100", "0.1918700", "16390119", 1760853599999, "3056919.1657700", 57215, "8382585", "1564762.9563100", "0"], [1760853600000, "0.1919300", "0.2183200", "0.1908500", "0.2022700", "47867652", 1760857199999, "9748616.5458700", 134405, "23665698", "4818721.2871800", "0"], [1760857200000, "0.2021800", "0.2130500", "0.1753300", "0.1868900", "43573363", 1760860799999, "8331854.3009500", 111263, "20064156", "3844969.8207300", "0"], [1760860800000, "0.1869800", "0.1909000", "0.1800000", "0.1864900", "22052720", 1760864399999, "4104901.7745300", 59980, "10832425", "2017861.1037300", "0"], [1760864400000, "0.1865000", "0.1915200", "0.1820000", "0.1906900", "17486047", 1760867999999, "3258152.3957300", 47363, "8437383", "1574032.7537800", "0"], [1760868000000, "0.1906800", "0.1950800", "0.1780100", "0.1794900", "20964103", 1760871599999, "3942556.9768600", 62390, "9298084", "1754260.2152800", "0"], [1760871600000, "0.1794900", "0.1803500", "0.1723000", "0.1762000", "20309351", 1760875199999, "3577901.0486000", 50867, "9269603", "1633790.8792600", "0"], [1760875200000, "0.1761100", "0.1785300", "0.1700000", "0.1730100", "18929438", 1760878799999, "3302465.0584100", 43438, "8381044", "1464851.8028000", "0"], [1760878800000, "0.1729600", "0.1751000", "0.1655000", "0.1728400", "23677689", 1760882399999, "4047184.6074900", 53516, "10994318", "1881056.6913200", "0"], [1760882400000, "0.1728400", "0.1773600", "0.1672700", "0.1752700", "18192594", 1760885999999, "3151733.6110100", 49439, "9103257", "1578490.9461300", "0"], [1760886000000, "0.1751400", "0.1773900", "0.1632800", "0.1688800", "21323321", 1760889599999, "3635759.6187400", 53430, "9660520", "1648776.7084700", "0"], [1760889600000, "0.1689500", 