{"_ts": 1761088458.4976091, "data": [[1760918400000, "1.4281000", "1.4399000", "1.3739000", "1.4143000", "3032145", 1760921999999, "4241697.8559400", 55758, "1488732", "2082621.1276400", "0"], [1760922000000, "1.4133000", "1.4486000", "1.4057000", "1.4250000", "2007830", 1760925599999, "2858383.7994600", 50513, "1019748", "1452365.1948400", "0"], [1760925600000, "1.4248000", "1.4880000", "1.4084000", "1.4786000", "3409848", 1760929199999, "4961703.7199000", 75612, "1714516", "2496058.6078300", "0"], [1760929200000, "1.4786000", "1.5000000", "1.4524000", "1.4858000", "2315608", 1760932799999, "3404457.7840200", 56049, "1066380", "1568481.0991400", "0"], [1760932800000, "1.4854000", "1.5297000", "1.4830000", "1.5036000", "2739763", 1760936399999, "4118484.6366300", 60627, "1395677", "2097958.5143300", "0"], [1760936400000, "1.5034000", "1.5093000", "1.4573000", "1.4841000", "2886567", 1760939999999, "4261808.0870400", 59900, "1331781", "1966845.6266000", "0"], [1760940000000, "1.4842000", "1.4999000", "1.4749000", "1.4950000", "1552750", 1760943599999, "2312566.6409000", 39515, "659237", "982191.5005000", "0"], [1760943600000, "1.4950000", "1.5258000", "1.4809000", "1.4923000", "2560098", 1760947199999, "3857279.1646100", 58584, "1133149", "1708849.2367500", "0"], [1760947200000, "1.4923000", "1.5052000", "1.4534000", "1.4842000", "2812349", 1760950799999, "4153844.1931200", 63461, "1310196", "1936451.8791000", "0"], [1760950800000, "1.4842000", "1.5281000", "1.4731000", "1.5186000", "2387349", 1760954399999, "3594431.5597900", 54419, "1218312", "1835280.0495900", "0"], [1760954400000, "1.5187000", "1.6000000", "1.5030000", "1.5205000", "5251054", 1760957999999, "8074612.0260200", 115476, "2549555", "3926147.9471800", "0"], [1760958000000, "1.5205000", "1.5284000", "1.4522000", "1.4935000", "3266840", 1760961599999, "4847340.3080400", 69915, "1554966", "2308200.3347400", "0"], [1760961600000, "1.4929000", "1.5420000", "1.4892000", "1.5176000", "1826084", 1760965199999, "2769240.8320400", 45987, "871373", "1321458.6574700", "0"], [1760965200000, "1.5177000", "1.5600000", "1.4718000", "1.4786000", "2505065", 1760968799999, "3816526.6416800", 51039, "1133780", "1729039.6385300", "0"], [1760968800000, "1.4784000", "1.4824000", "1.4259000", "1.4680000", "3304331", 1760972399999, "4812430.8341500", 63672, "1664747", "2426617.8870300", "0"], [1760972400000, "1.4683000", "1.4777000", "1.3849000", "1.4202000", "2994178", 1760975999999, "4265318.3221900", 67120, "1421775", "2025934.2929600", "0"], [1760976000000, "1.4202000", "1.4798000", "1.3978000", "1.4635000", "1957582", 1760979599999, "2821624.8712300", 45322, "1011072", "1459222.3527600", "0"], [1760979600000, "1.4630000", "1.4843000", "1.4467000", "1.4522000", "1308343", 1760983199999, "1915579.4349300", 31558, "627354", "919563.3628000", "0"], [1760983200000, "1.4521000", "1.4682000", "1.4340000", "1.4406000", "673134", 1760986799999, "975351.5456000", 17558, "305300", "442698.5289000", "0"], [1760986800000, "1.4407000", "1.4487000", "1.4228000", "1.4291000", "545147", 1760990399999, "782158.5855900", 18277, "285119", "409288.7739000", "0"], [1760990400000, "1.4292000", "1.4392000", "1.4100000", "1.4119000", "659719", 1760993999999, "939951.1980800", 18937, "332897", "474569.9007600", "0"], [1760994000000, "1.4119000", "1.4568000", "1.4000000", "1.4405000", "945186", 1760997599999, "1348474.2437600", 17910, "512641", "730613.5130700", "0"], [1760997600000, "1.4407000", "1.4712000", "1.4231000", "1.4489000", "662629", 1761001199999, "958978.0650600", 23044, "312430", "452302.1013700", "0"], [1761001200000, "1.4490000", "1.4536000", "1.4207000", "1.4371000", "527432", 1761004799999, "758352.1239900", 18222, "248373", "357170.1933000", "0"], [1761004800000, "1.4371000", "1.4628000", "1.4300000", "1.4540000", "580460", 1761008399999, "841390.1366300", 20547, "286275", "414896.6428300", "0"], [1761008400000, "1.4538000", "1.4575000", "1.3515000", "1.3798000", "2706511", 1761011999999, "3768223.2977900", 64790, "1187166", "1652860.2354200", "0"], [1761012000000, "1.3795000", "1.4364000", "1.3500000", "1.4287000", "1558304", 1761015599999, "2156732.6056800", 39987, "801711", "1109960.1858400", "0"], [1761015600000, "1.4280000", "1.4500000", "1.4043000", "1.4109000", "1272185", 1761019199999, "1808944.8659700", 36310, "562611", "800424.2889500", "0"], [1761019200000, "1.4112000", "1.4639000", "1.3771000", "1.4581000", "1806695", 1761022799999, "2553157.6241800", 53898, "919632", "1301200.5076400", "0"], [1761022800000, "1.4578000", "1.5456000", "1.4365000", "1.5123000", "3375003", 1761026399999, "5059805.8826000", 83924, "1820597", "2729066.2096200", "0"], [1761026400000, "1.5124000", "1.6412000", "1.5022000", "1.6175000", "5687355", 1761029999999, "8996263.1671600", 135865, "3129731", "4952852.5564800", "0"], [1761030000000, "1.6176000", "1.7294000", "1.5720000", "1.7198000", "8304823", 1761033599999, "13718356.5587400", 171365, "4552867", "7528862.4105100", "0"], [1761033600000, "1.7191000", "1.9439000", "1.6829000", "1.8794000", "20384121", 1761037199999, "37121095.6265500", 416914, "10724066", "19547661.1820500", "0"], [1761037200000, "1.8800000", "2.0697000", "1.8224000", "2.0103000", "19655015", 1761040799999, "38160069.1967700", 405072, "10230513", "19893646.4846900", "0"], [1761040800000, "2.0103000", "2.1162000", "1.8595000", "1.9867000", "28590733", 1761044399999, "57471563.3742800", 569630, "14209025", "28592563.5792500", "0"], [1761044400000, "1.9867000", "2.1822000", "1.9513000", "2.1674000", "19987219", 1761047999999, "41281869.3314600", 437358, "10807405", "22344744.1752000", "0"], [1761048000000, "2.1671000", "2.2905000", "2.1222000", "2.2483000", "26707371", 1761051599999, "59246770.7328700", 520789, "14153865", "31404474.6118500", "0"], [1761051600000, "2.2485000", "2.3900000", "2.1630000", "2.2965000", "26042761", 1761055199999, "60006620.8127600", 562356, "13173403", "30378934.7045200", "0"], [1761055200000, "2.2973000", "2.5179000", "2.2961000", "2.4682000", "29965484", 1761058799999, "72737259.0417600", 590970, "15670732", "38035579.7755800", "0"], [1761058800000, "2.4685000", "2.8585000", "2.4458000", "2.7457000", "34947363", 1761062399999, "91152967.0809500", 678933, "18512113", "48341200.1226700", "0"], [1761062400000, "2.7460000", "2.7661000", "1.4847000", "1.6371000", "98232784", 1761065999999, "183659411.3434000", 1605176, "47391584", "88056690.0895000", "0"], [1761066000000, "1.6372000", "1.9290000", "1.5661000", "1.8059000", "25672711", 1761069599999, "45234536.0181000", 560167, "12750569", "22486181.3197000", "0"], [1761069600000, "1.8054000", "1.8544000", "1.6992000", "1.7652000", "9984416", 1761073199999, "17765883.1623000", 267348, "4911771", "8743694.5794000", "0"], [1761073200000, "1.7654000", "1.8483000", "1.7062000", "1.7298000", "6761349", 1761076799999, "12024195.3528000", 194752, "3332601", "5925608.8103000", "0"], [1761076800000, "1.7298000", "1.7774000", "1.6438000", "1.7160000", "5445491", 1761080399999, "9291162.3847000", 151769, "2517368", "4304241.4221000", "0"], [1761080400000, "1.7163000", "1.7185000", "1.6231000", "1.6301000", "2564447", 1761083999999, "4288476.8802000", 71170, "1181658", "1978238.5107000", "0"], [1761084000000, "1.6304000", "1.7188000", "1.6020000", "1.6870000", "4343582", 1761087599999, "7154538.0463000", 126641, "2032642", "3350106.5376000", "0"], [1761087600000, "1.6867000", "1.6954000", "1.6338000", "1.6849000", "853182", 1761091199999, "1418043.5709000", 29790, "403667", "671407.5745000", "0"]]}