{"_ts": 1761085314.3439345, "data": [[1760914800000, "0.0997000", "0.0998000", "0.0980000", "0.0987000", "1841432", 1760918399999, "181787.2682000", 1589, "738762", "72981.4226000", "0"], [1760918400000, "0.0987000", "0.0987000", "0.0971000", "0.0981000", "2397588", 1760921999999, "234458.0552000", 1851, "1193116", "116669.5976000", "0"], [1760922000000, "0.0981000", "0.0985000", "0.0974000", "0.0977000", "1329866", 1760925599999, "130268.1717000", 1094, "731614", "71657.5353000", "0"], [1760925600000, "0.0977000", "0.0984000", "0.0973000", "0.0981000", "1613195", 1760929199999, "157903.3870000", 1104, "846405", "82835.0230000", "0"], [1760929200000, "0.0981000", "0.1006000", "0.0980000", "0.1005000", "1310335", 1760932799999, "130104.5157000", 1236, "709046", "70441.7545000", "0"], [1760932800000, "0.1005000", "0.1010000", "0.1001000", "0.1007000", "1200391", 1760936399999, "120652.4148000", 1286, "610853", "61405.9961000", "0"], [1760936400000, "0.1006000", "0.1010000", "0.1002000", "0.1009000", "1077050", 1760939999999, "108339.4646000", 887, "562171", "56550.1077000", "0"], [1760940000000, "0.1008000", "0.1020000", "0.1007000", "0.1017000", "1551719", 1760943599999, "157309.7743000", 1269, "879281", "89173.3513000", "0"], [1760943600000, "0.1016000", "0.1018000", "0.1004000", "0.1011000", "2095481", 1760947199999, "211853.7429000", 1444, "876225", "88598.3963000", "0"], [1760947200000, "0.1010000", "0.1011000", "0.1002000", "0.1007000", "1573388", 1760950799999, "158261.9895000", 1348, "814844", "81986.8963000", "0"], [1760950800000, "0.1006000", "0.1008000", "0.0998000", "0.1005000", "1462584", 1760954399999, "146787.5191000", 1431, "649720", "65261.3555000", "0"], [1760954400000, "0.1006000", "0.1013000", "0.1002000", "0.1006000", "1824904", 1760957999999, "183756.2202000", 1601, "943392", "94999.4701000", "0"], [1760958000000, "0.1006000", "0.1007000", "0.1001000", "0.1004000", "1323213", 1760961599999, "132898.0619000", 1141, "629195", "63207.7749000", "0"], [1760961600000, "0.1004000", "0.1007000", "0.0999000", "0.1002000", "1539005", 1760965199999, "154495.7515000", 1150, "710234", "71333.5086000", "0"], [1760965200000, "0.1004000", "0.1010000", "0.0999000", "0.1009000", "1794838", 1760968799999, "180465.9345000", 1172, "1064829", "107067.1386000", "0"], [1760968800000, "0.1008000", "0.1008000", "0.0999000", "0.1004000", "2054639", 1760972399999, "206285.2061000", 1165, "891985", "89587.4527000", "0"], [1760972400000, "0.1003000", "0.1006000", "0.0994000", "0.0994000", "2178906", 1760975999999, "218089.9571000", 1330, "1004191", "100553.5732000", "0"], [1760976000000, "0.0995000", "0.0995000", "0.0970000", "0.0981000", "5047555", 1760979599999, "496082.5756000", 2923, "2494125", "245190.3618000", "0"], [1760979600000, "0.0981000", "0.0988000", "0.0974000", "0.0982000", "2114292", 1760983199999, "207566.3036000", 1346, "1251996", "122945.1308000", "0"], [1760983200000, "0.0981000", "0.0985000", "0.0979000", "0.0985000", "1167150", 1760986799999, "114636.6965000", 879, "592154", "58154.8210000", "0"], [1760986800000, "0.0984000", "0.0994000", "0.0982000", "0.0991000", "1108342", 1760990399999, "109481.3061000", 844, "596818", "58968.5333000", "0"], [1760990400000, "0.0991000", "0.0993000", "0.0988000", "0.0991000", "1087131", 1760993999999, "107760.6831000", 737, "385076", "38164.3956000", "0"], [1760994000000, "0.0991000", "0.0996000", "0.0987000", "0.0990000", "785334", 1760997599999, "77874.3590000", 714, "304400", "30219.4641000", "0"], [1760997600000, "0.0989000", "0.0990000", "0.0986000", "0.0987000", "414018", 1761001199999, "40920.6096000", 482, "168454", "16652.8928000", "0"], [1761001200000, "0.0987000", "0.0988000", "0.0982000", "0.0984000", "1064528", 1761004799999, "104926.4445000", 689, "470144", "46350.0663000", "0"], [1761004800000, "0.0983000", "0.0988000", "0.0981000", "0.0985000", "967748", 1761008399999, "95289.9018000", 679, "635503", "62601.2700000", "0"], [1761008400000, "0.0984000", "0.0987000", "0.0975000", "0.0978000", "1377715", 1761011999999, "135164.6806000", 1080, "621930", "61010.8595000", "0"], [1761012000000, "0.0979000", "0.0980000", "0.0971000", "0.0974000", "1261222", 1761015599999, "123027.5678000", 1042, "700387", "68349.0465000", "0"], [1761015600000, "0.0975000", "0.0977000", "0.0968000", "0.0970000", "1239995", 1761019199999, "120643.9089000", 888, "435239", "42381.6132000", "0"], [1761019200000, "0.0970000", "0.0970000", "0.0951000", "0.0960000", "6398016", 1761022799999, "613694.0011000", 3171, "2700468", "259257.8066000", "0"], [1761022800000, "0.0959000", "0.0969000", "0.0959000", "0.0965000", "3380575", 1761026399999, "325930.9283000", 1496, "1213164", "116957.6520000", "0"], [1761026400000, "0.0965000", "0.0978000", "0.0962000", "0.0968000", "3530705", 1761029999999, "342158.0774000", 1556, "1754485", "170136.8520000", "0"], [1761030000000, "0.0967000", "0.0977000", "0.0966000", "0.0975000", "1195532", 1761033599999, "116119.7609000", 956, "721253", "70054.1102000", "0"], [1761033600000, "0.0976000", "0.0976000", "0.0965000", "0.0973000", "1103781", 1761037199999, "107171.8449000", 901, "509359", "49462.1513000", "0"], [1761037200000, "0.0972000", "0.0978000", "0.0971000", "0.0972000", "953905", 1761040799999, "92867.0400000", 762, "398434", "38789.6871000", "0"], [1761040800000, "0.0972000", "0.0984000", "0.0971000", "0.0980000", "1489934", 1761044399999, "145539.7428000", 1107, "775670", "75771.0206000", "0"], [1761044400000, "0.0980000", "0.0988000", "0.0977000", "0.0983000", "1218638", 1761047999999, "119671.1629000", 970, "618328", "60774.7308000", "0"], [1761048000000, "0.0984000", "0.0991000", "0.0981000", "0.0985000", "1204303", 1761051599999, "118776.2593000", 1072, "512970", "50603.6581000", "0"], [1761051600000, "0.0986000", "0.1117000", "0.0984000", "0.1068000", "49754074", 1761055199999, "5307018.1077000", 29724, "25412753", "2710478.0476000", "0"], [1761055200000, "0.1068000", "0.1074000", "0.1022000", "0.1042000", "24680855", 1761058799999, "2570696.0372000", 13611, "11795824", "1228446.6443000", "0"], [1761058800000, "0.1042000", "0.1059000", "0.1037000", "0.1053000", "10626458", 1761062399999, "1113036.5734000", 6446, "4543339", "476076.7253000", "0"], [1761062400000, "0.1052000", "0.1077000", "0.1044000", "0.1049000", "13442930", 1761065999999, "1425452.2024000", 7199, "6661508", "706667.5527000", "0"], [1761066000000, "0.1050000", "0.1056000", "0.1026000", "0.1043000", "7241584", 1761069599999, "754149.4247000", 7847, "3767889", "392376.2980000", "0"], [1761069600000, "0.1043000", "0.1046000", "0.1029000", "0.1038000", "1932210", 1761073199999, "200457.3348000", 3004, "935145", "97074.5451000", "0"], [1761073200000, "0.1038000", "0.1043000", "0.1032000", "0.1033000", "1691561", 1761076799999, "175606.4459000", 1473, "800518", "83174.1086000", "0"], [1761076800000, "0.1034000", "0.1035000", "0.1013000", "0.1019000", "3692711", 1761080399999, "377206.1476000", 2592, "1337403", "136616.9732000", "0"], [1761080400000, "0.1018000", "0.1023000", "0.1001000", "0.1021000", "2949573", 1761083999999, "299031.3066000", 2183, "1672804", "169719.3709000", "0"], [1761084000000, "0.1022000", "0.1024000", "0.1010000", "0.1010000", "1068575", 1761087599999, "108847.4784000", 770, "325760", "33262.6954000", "0"]]}