{"_ts": 1761078655.7401326, "data": [[1760907600000, "0.1341400", "0.1347900", "0.1302600", "0.1307500", "2629161", 1760911199999, "347459.0773800", 6793, "1084454", "143545.1155900", "0"], [1760911200000, "0.1307400", "0.1333300", "0.1301800", "0.1315000", "3016688", 1760914799999, "398296.4162400", 8584, "1585690", "209349.4734900", "0"], [1760914800000, "0.1314100", "0.1314100", "0.1274600", "0.1284600", "3536238", 1760918399999, "457439.1879200", 9231, "1492722", "193204.8535300", "0"], [1760918400000, "0.1285300", "0.1286400", "0.1217200", "0.1248800", "11083680", 1760921999999, "1382120.3795100", 19104, "4722863", "588766.0537000", "0"], [1760922000000, "0.1248800", "0.1279400", "0.1212800", "0.1229300", "6385134", 1760925599999, "795039.1213100", 14072, "2865685", "357402.8988300", "0"], [1760925600000, "0.1229900", "0.1250200", "0.1209200", "0.1242900", "5839782", 1760929199999, "715398.0984700", 12827, "2705085", "331766.6925500", "0"], [1760929200000, "0.1242200", "0.1348800", "0.1229400", "0.1348800", "13527736", 1760932799999, "1742452.9371600", 24034, "6782011", "874527.5624200", "0"], [1760932800000, "0.1348800", "0.1351700", "0.1293900", "0.1298500", "9464317", 1760936399999, "1254744.1670800", 23197, "3901505", "517862.8211200", "0"], [1760936400000, "0.1298400", "0.1302300", "0.1271500", "0.1297200", "5474420", 1760939999999, "705940.0502800", 12137, "2899727", "373987.9149900", "0"], [1760940000000, "0.1296700", "0.1314200", "0.1285500", "0.1295200", "3994851", 1760943599999, "518478.9905300", 9836, "1888511", "245270.4855900", "0"], [1760943600000, "0.1295800", "0.1307900", "0.1266200", "0.1278200", "4027760", 1760947199999, "519922.5724300", 11061, "1731943", "223860.8571600", "0"], [1760947200000, "0.1278300", "0.1283200", "0.1250600", "0.1259600", "4100226", 1760950799999, "520379.8028100", 10245, "1794349", "227985.2154500", "0"], [1760950800000, "0.1259400", "0.1290000", "0.1244200", "0.1273000", "5725153", 1760954399999, "727732.9518000", 12241, "3064037", "389771.2648200", "0"], [1760954400000, "0.1272600", "0.1286200", "0.1221600", "0.1236300", "7602927", 1760957999999, "954668.5920500", 14061, "3129594", "393310.7067400", "0"], [1760958000000, "0.1235900", "0.1302000", "0.1225200", "0.1295200", "7272924", 1760961599999, "918365.0949000", 14424, "3762109", "475381.2543200", "0"], [1760961600000, "0.1295500", "0.1318600", "0.1283200", "0.1288300", "5092238", 1760965199999, "663803.3971000", 11927, "2409027", "314202.1002600", "0"], [1760965200000, "0.1289200", "0.1311400", "0.1284000", "0.1299000", "4480891", 1760968799999, "582416.5879600", 9926, "2249524", "292521.6226600", "0"], [1760968800000, "0.1299500", "0.1322300", "0.1281500", "0.1307100", "6176998", 1760972399999, "805862.9238300", 11844, "2930281", "382618.4869500", "0"], [1760972400000, "0.1306800", "0.1329900", "0.1282600", "0.1285700", "5664760", 1760975999999, "739821.2131700", 10425, "2605578", "340581.5933200", "0"], [1760976000000, "0.1285400", "0.1290800", "0.1232700", "0.1251300", "9593394", 1760979599999, "1207386.5665200", 14766, "4228165", "532216.9408200", "0"], [1760979600000, "0.1250700", "0.1283200", "0.1232500", "0.1273900", "3504378", 1760983199999, "440093.2716600", 8618, "1871527", "235091.0929700", "0"], [1760983200000, "0.1273900", "0.1274500", "0.1235700", "0.1247800", "3675178", 1760986799999, "459583.1482600", 7813, "1803972", "225724.6785200", "0"], [1760986800000, "0.1246800", "0.1283400", "0.1240400", "0.1270800", "2516391", 1760990399999, "318279.7399800", 6611, "1228733", "155321.6462800", "0"], [1760990400000, "0.1270400", "0.1276300", "0.1257100", "0.1266300", "1849538", 1760993999999, "234280.5949100", 6372, "954323", "120918.9640400", "0"], [1760994000000, "0.1267800", "0.1307600", "0.1266700", "0.1301300", "3096360", 1760997599999, "399939.9421500", 7723, "1328684", "171510.4234500", "0"], [1760997600000, "0.1301400", "0.1304400", "0.1280100", "0.1288900", "1637867", 1761001199999, "211591.0060000", 7494, "705984", "91276.5777500", "0"], [1761001200000, "0.1288600", "0.1312900", "0.1281300", "0.1301600", "1839420", 1761004799999, "238881.8940500", 7783, "943150", "122431.7703700", "0"], [1761004800000, "0.1301500", "0.1325400", "0.1290100", "0.1322100", "4588837", 1761008399999, "600955.1150600", 14468, "2315597", "303387.1245900", "0"], [1761008400000, "0.1322300", "0.1415900", "0.1321000", "0.1393600", "11578066", 1761011999999, "1584769.9243100", 33913, "5638916", "771226.3048200", "0"], [1761012000000, "0.1393000", "0.1420000", "0.1339500", "0.1358000", "11623737", 1761015599999, "1603653.2126600", 36483, "5276254", "728485.6057800", "0"], [1761015600000, "0.1359400", "0.1364500", "0.1303400", "0.1323800", "5713950", 1761019199999, "762290.1398600", 19176, "2564515", "342467.1369000", "0"], [1761019200000, "0.1323100", "0.1326000", "0.1253000", "0.1278000", "7844585", 1761022799999, "1005180.0183900", 24485, "3574727", "458312.0223200", "0"], [1761022800000, "0.1277800", "0.1286600", "0.1240000", "0.1250600", "4600259", 1761026399999, "577734.0104400", 14515, "2111184", "265249.5821500", "0"], [1761026400000, "0.1250400", "0.1268200", "0.1232700", "0.1243900", "3914489", 1761029999999, "488758.6737600", 12443, "1806545", "225772.7214000", "0"], [1761030000000, "0.1243900", "0.1285700", "0.1233300", "0.1276800", "2983480", 1761033599999, "374501.6733400", 10737, "1512518", "189766.8030500", "0"], [1761033600000, "0.1277200", "0.1284700", "0.1242900", "0.1264900", "3746869", 1761037199999, "473630.5961600", 13960, "1853015", "234265.2368400", "0"], [1761037200000, "0.1264700", "0.1325000", "0.1257900", "0.1323400", "4637544", 1761040799999, "597958.3012600", 13676, "2373429", "306018.1406100", "0"], [1761040800000, "0.1323500", "0.1379800", "0.1302100", "0.1344200", "12518829", 1761044399999, "1676007.8815700", 34325, "5677378", "759993.1269200", "0"], [1761044400000, "0.1343500", "0.1354800", "0.1315800", "0.1322700", "4947324", 1761047999999, "659283.0149700", 16477, "2203352", "293852.1423700", "0"], [1761048000000, "0.1322700", "0.1465500", "0.1322700", "0.1378700", "16349744", 1761051599999, "2286593.2893300", 44614, "8388252", "1174632.8598600", "0"], [1761051600000, "0.1378200", "0.1406900", "0.1310000", "0.1322900", "13900464", 1761055199999, "1906814.5782000", 34656, "6296046", "864878.2898100", "0"], [1761055200000, "0.1323300", "0.1424300", "0.1323300", "0.1419100", "16200220", 1761058799999, "2230694.1857900", 39768, "7988737", "1100209.2209400", "0"], [1761058800000, "0.1419900", "0.1455600", "0.1402400", "0.1418900", "8751302", 1761062399999, "1243637.9875200", 26974, "4181367", "595011.8321000", "0"], [1761062400000, "0.1418000", "0.1440100", "0.1347000", "0.1374500", "8260637", 1761065999999, "1159811.9770800", 21137, "3763657", "529093.4540400", "0"], [1761066000000, "0.1374700", "0.1414100", "0.1356000", "0.1393600", "7046701", 1761069599999, "976236.4011700", 20496, "3510341", "486922.9060800", "0"], [1761069600000, "0.1394000", "0.1443600", "0.1387200", "0.1442000", "4208901", 1761073199999, "596293.5120400", 13942, "2054123", "291242.5130500", "0"], [1761073200000, "0.1442600", "0.1501700", "0.1388900", "0.1425500", "12276105", 1761076799999, "1768910.8377800", 30930, "5255723", "758309.6189300", "0"], [1761076800000, "0.1425600", "0.1434200", "0.1358100", "0.1376400", "3848899", 1761080399999, "536157.0381400", 12554, "1453752", "202614.4212700", "0"]]}