{"_ts": 1761088825.2662468, "data": [[1759723200000, "0.4700000", "0.4700000", "0.3200000", "0.3715300", "112687589", 1759737599999, "42668377.0048000", 319013, "56409743", "21392634.1760100", "0"], [1759737600000, "0.3720500", "0.4050000", "0.2836700", "0.3553600", "340594835", 1759751999999, "118899525.8434900", 963050, "168397094", "58828776.3169900", "0"], [1759752000000, "0.3554000", "0.3684800", "0.2877000", "0.3008800", "211132806", 1759766399999, "67497418.0471100", 652565, "98756462", "31610742.2191400", "0"], [1759766400000, "0.3007900", "0.3122400", "0.2900000", "0.3003800", "117123875", 1759780799999, "35366606.0385400", 339786, "55879163", "16882647.4724700", "0"], [1759780800000, "0.3003800", "0.3227700", "0.2670300", "0.2778600", "111263568", 1759795199999, "33188391.8855100", 321983, "51514464", "15410413.8306600", "0"], [1759795200000, "0.2779400", "0.3009400", "0.2768800", "0.2931400", "91541352", 1759809599999, "26745694.3397400", 290087, "44605271", "13042618.7055000", "0"], [1759809600000, "0.2930600", "0.3008500", "0.2850000", "0.2943800", "77828611", 1759823999999, "22859644.3345500", 233536, "36747244", "10800813.4521000", "0"], [1759824000000, "0.2944600", "0.2995000", "0.2870100", "0.2898100", "76077887", 1759838399999, "22316536.6966700", 242155, "35623387", "10454604.4355700", "0"], [1759838400000, "0.2897500", "0.2982000", "0.2655800", "0.2891500", "100570914", 1759852799999, "29086661.2397200", 295957, "47425159", "13732561.4936100", "0"], [1759852800000, "0.2891500", "0.3032300", "0.2860000", "0.2930500", "53921704", 1759867199999, "15884385.4365500", 196032, "26785005", "7898207.4733200", "0"], [1759867200000, "0.2929600", "0.3069600", "0.2870200", "0.2894800", "43661957", 1759881599999, "12981591.9283300", 226457, "22009479", "6550901.1219500", "0"], [1759881600000, "0.2894800", "0.3021900", "0.2881600", "0.2997300", "30541221", 1759895999999, "8981297.7355600", 186275, "15036549", "4424072.9163400", "0"], [1759896000000, "0.2997600", "0.3019800", "0.2861500", "0.2922500", "30381869", 1759910399999, "8899370.3486900", 172517, "14464992", "4236399.5035200", "0"], [1759910400000, "0.2922500", "0.3396500", "0.2900400", "0.3263200", "105591246", 1759924799999, "33438921.1466000", 519521, "51985922", "16477312.9659600", "0"], [1759924800000, "0.3263200", "0.3486000", "0.2790000", "0.2835800", "133566905", 1759939199999, "42359520.0138900", 700509, "62018744", "19725165.2174500", "0"], [1759939200000, "0.2835100", "0.3076900", "0.2800000", "0.3022800", "44067594", 1759953599999, "12977236.3190600", 259247, "21026951", "6190955.2239700", "0"], [1759953600000, "0.3024200", "0.3024300", "0.2745500", "0.2861400", "32475821", 1759967999999, "9323742.2140600", 166125, "14388500", "4130770.0428100", "0"], [1759968000000, "0.2860400", "0.2979800", "0.2798500", "0.2811500", "32255133", 1759982399999, "9296119.8682500", 194307, "14765611", "4261106.3984500", "0"], [1759982400000, "0.2811000", "0.2860000", "0.2655500", "0.2679100", "38234946", 1759996799999, "10536481.5530200", 183267, "16367016", "4512378.5524400", "0"], [1759996800000, "0.2679200", "0.2948200", "0.2655500", "0.2802900", "60734947", 1760011199999, "17048936.1085200", 304519, "30025620", "8418897.1742900", "0"], [1760011200000, "0.2803000", "0.2831900", "0.2000000", "0.2003700", "100976814", 1760025599999, "24263201.7227900", 449560, "43318989", "10450115.4978800", "0"], [1760025600000, "0.2003100", "0.2163700", "0.1894400", "0.1950000", "72384019", 1760039999999, "14436309.1988800", 287043, "34634347", "6911400.3620800", "0"], [1760040000000, "0.1951500", "0.2070200", "0.1900500", "0.1911400", "31616450", 1760054399999, "6233705.5449800", 135633, "15351177", "3027699.6102900", "0"], [1760054400000, "0.1911400", "0.1929000", "0.1715000", "0.1732100", "66076458", 1760068799999, "12129124.6334900", 253836, "30517254", "5608045.2484700", "0"], [1760068800000, "0.1732100", "0.1809100", "0.1600000", "0.1626500", "75492150", 1760083199999, "12837225.1494800", 255580, "35041486", "5964462.0204500", "0"], [1760083200000, "0.1626600", "0.1984100", "0.1609900", "0.1923400", "123038539", 1760097599999, "22292319.7071800", 436522, "61541732", "11154160.1192900", "0"], [1760097600000, "0.1923300", "0.2158500", "0.1654800", "0.1783900", "158701311", 1760111999999, "30543871.8219200", 601453, "76043641", "14645176.4393900", "0"], [1760112000000, "0.1783700", "0.1895300", "0.1698600", "0.1779600", "63726944", 1760126399999, "11470947.6229800", 234269, "31914646", "5746437.1147400", "0"], [1760126400000, "0.1780600", "0.1801800", "0.0853900", "0.1314300", "122358946", 1760140799999, "17796911.3107900", 246846, "54345984", "7887455.0308700", "0"], [1760140800000, "0.1315300", "0.1485200", "0.1200000", "0.1257100", "50630588", 1760155199999, "6625598.9340200", 134152, "23075569", "3026666.2187900", "0"], [1760155200000, "0.1258100", "0.1468000", "0.1215000", "0.1463700", "41626517", 1760169599999, "5666114.5348200", 142042, "20854617", "2839168.7217000", "0"], [1760169600000, "0.1463000", "0.1480500", "0.1335000", "0.1408600", "56410679", 1760183999999, "7938318.9044000", 173642, "26542632", "3736931.5857300", "0"], [1760184000000, "0.1408700", "0.1459500", "0.1320000", "0.1439300", "36997941", 1760198399999, "5140224.5583500", 120841, "18231925", "2535016.0021800", "0"], [1760198400000, "0.1439200", "0.1646200", "0.1435900", "0.1518600", "57687052", 1760212799999, "8939599.5652400", 193800, "28755388", "4451819.3454300", "0"], [1760212800000, "0.1518300", "0.1685500", "0.1488400", "0.1674900", "35994739", 1760227199999, "5636890.7135800", 124376, "18591439", "2914735.7345600", "0"], [1760227200000, "0.1675000", "0.1678700", "0.1495400", "0.1576500", "44113949", 1760241599999, "6962523.3840400", 152926, "21423611", "3380734.0725600", "0"], [1760241600000, "0.1576500", "0.1661600", "0.1500000", "0.1629000", "33433131", 1760255999999, "5230880.7963400", 104916, "15595747", "2443377.4186500", "0"], [1760256000000, "0.1628900", "0.1655900", "0.1511300", "0.1544300", "32594555", 1760270399999, "5078133.1853900", 100518, "15494392", "2415496.1162300", "0"], [1760270400000, "0.1544400", "0.1576200", "0.1370500", "0.1508800", "55636180", 1760284799999, "8159498.7885600", 157527, "25793236", "3782698.4885600", "0"], [1760284800000, "0.1509000", "0.1660300", "0.1493200", "0.1608100", "32952346", 1760299199999, "5246600.5865100", 105126, "16209454", "2578428.4808600", "0"], [1760299200000, "0.1607200", "0.1813500", "0.1581700", "0.1799300", "31742389", 1760313599999, "5343855.6026800", 112347, "15056184", "2541018.8310500", "0"], [1760313600000, "0.1798700", "0.1809900", "0.1641700", "0.1664800", "30778811", 1760327999999, "5290571.6368500", 121704, "14735976", "2536420.1412400", "0"], [1760328000000, "0.1665400", "0.1779200", "0.1611900", "0.1751300", "21003939", 1760342399999, "3583042.1059900", 84552, "10164410", "1734502.5522200", "0"], [1760342400000, "0.1751100", "0.1857900", "0.1628500", "0.1689000", "36139995", 1760356799999, "6352300.7747200", 128698, "16441124", "2892013.9843400", "0"], [1760356800000, "0.1689100", "0.2058000", "0.1491600", "0.1612200", "108415111", 1760371199999, "19200169.6108100", 317855, "48010308", "8481949.5631400", "0"], [1760371200000, "0.1611400", "0.1853900", "0.1567700", "0.1845200", "31467059", 1760385599999, "5318954.7539400", 123895, "15763234", "2670393.7101500", "0"], [1760385600000, "0.1845900", "0.1867600", "0.1759000", "0.1803200", "17901874", 1760399999999, "3239723.6930700", 80005, "7971297", "1444058.4254000", "0"], [1760400000000, "0.1803800", "0.1907500", "0.1702200", "0.1717600", "28370730", 1760414399999, "5064465.3624300", 114933, "13482751", "2412168.8286100", "0"], [1760414400000, "0.1718300", "0.1767300", "0.1643900", "0.1659100", "27746838", 1760428799999, "4687300.8329100", 95780, "13210752", "2233704.7621900", "0"], [1760428800000, "0.1658900", "0.1798800", "0.1583600", "0.1779900", "36775205", 1760443199999, "6273343.4538400", 135211, 