{"_ts": 1761088748.6408224, "data": [[1760918400000, "0.146000", "0.146600", "0.145300", "0.146100", "3756390.6", 1760921999999, "547419.1611700", 3972, "1844877.7", "268916.6237900", "0"], [1760922000000, "0.146100", "0.147200", "0.144800", "0.146300", "4565390.2", 1760925599999, "666063.1282000", 4749, "2254850.3", "329101.7333800", "0"], [1760925600000, "0.146200", "0.146400", "0.144500", "0.145500", "3222656.2", 1760929199999, "469538.3708300", 3972, "1552836.8", "226251.2758700", "0"], [1760929200000, "0.145500", "0.149600", "0.145400", "0.149100", "3387609.9", 1760932799999, "498763.6935800", 4463, "1869405.6", "275166.3112500", "0"], [1760932800000, "0.149100", "0.150600", "0.148800", "0.149800", "4452672.2", 1760936399999, "666249.5246000", 5211, "2070971.9", "310036.0662200", "0"], [1760936400000, "0.149700", "0.150200", "0.148600", "0.149600", "3215958.1", 1760939999999, "480442.5044100", 3784, "1427376.7", "213323.2660000", "0"], [1760940000000, "0.149700", "0.150700", "0.149200", "0.150400", "3153845.1", 1760943599999, "473140.6309200", 3700, "1459548.1", "218961.4019100", "0"], [1760943600000, "0.150300", "0.150900", "0.148900", "0.149600", "3150847.2", 1760947199999, "472212.8826200", 3607, "1378651.3", "206738.9212900", "0"], [1760947200000, "0.149500", "0.150800", "0.148300", "0.149800", "5873890.2", 1760950799999, "878983.1676700", 5184, "3137650.6", "469787.8468400", "0"], [1760950800000, "0.149800", "0.150500", "0.148900", "0.149300", "2372939.9", 1760954399999, "354966.1236600", 4653, "1191245.7", "178161.5934500", "0"], [1760954400000, "0.149400", "0.149700", "0.147300", "0.148000", "4089617.3", 1760957999999, "607133.0034700", 4713, "1799441.4", "267260.8049100", "0"], [1760958000000, "0.147900", "0.149700", "0.147400", "0.149700", "2746501.9", 1760961599999, "408213.0172700", 3387, "1335326.7", "198593.1249200", "0"], [1760961600000, "0.149600", "0.150300", "0.148800", "0.149200", "2530323.4", 1760965199999, "378237.4994900", 4043, "1153908.8", "172612.6864800", "0"], [1760965200000, "0.149200", "0.150900", "0.148300", "0.150500", "2274045.6", 1760968799999, "340298.7130100", 3873, "1179751.2", "176604.7721800", "0"], [1760968800000, "0.150600", "0.151200", "0.149300", "0.150100", "3327749.6", 1760972399999, "500316.9004600", 3569, "1791125.2", "269447.8235200", "0"], [1760972400000, "0.150200", "0.150400", "0.148200", "0.148200", "2636377.3", 1760975999999, "394136.7424400", 3203, "1126668.5", "168440.0831500", "0"], [1760976000000, "0.148300", "0.148300", "0.145100", "0.147400", "7008927.9", 1760979599999, "1030872.0735400", 6670, "3255873.5", "478896.5472600", "0"], [1760979600000, "0.147500", "0.148100", "0.146700", "0.147500", "2403663.5", 1760983199999, "354046.7901000", 3090, "1073400.8", "158182.2370600", "0"], [1760983200000, "0.147500", "0.147800", "0.146700", "0.147700", "1621985.5", 1760986799999, "238932.2821400", 2372, "929078.7", "136887.1877300", "0"], [1760986800000, "0.147700", "0.148800", "0.147300", "0.148200", "1446511.8", 1760990399999, "213933.6770500", 2227, "834484.8", "123452.5092700", "0"], [1760990400000, "0.148100", "0.149200", "0.147800", "0.149100", "1509565.2", 1760993999999, "224134.1824700", 2086, "785071.0", "116603.5685600", "0"], [1760994000000, "0.149100", "0.150600", "0.148600", "0.148700", "2256048.1", 1760997599999, "337550.4585400", 2999, "1023921.1", "153235.1527600", "0"], [1760997600000, "0.148800", "0.149500", "0.148100", "0.148600", "1480651.1", 1761001199999, "220227.6008700", 2141, "650642.4", "96795.7217000", "0"], [1761001200000, "0.148500", "0.149100", "0.148100", "0.148300", "1044222.0", 1761004799999, "155108.8936300", 1660, "511227.6", "75911.8825800", "0"], [1761004800000, "0.148300", "0.149200", "0.147600", "0.148400", "1838399.3", 1761008399999, "272800.8262900", 2368, "948776.8", "140809.2568400", "0"], [1761008400000, "0.148300", "0.148600", "0.147000", "0.147700", "2157083.0", 1761011999999, "318594.0079400", 2473, "1023090.4", "151116.2165800", "0"], [1761012000000, "0.147700", "0.148300", "0.146800", "0.147800", "1848247.2", 1761015599999, "272784.0080300", 2766, "984230.2", "145298.3289500", "0"], [1761015600000, "0.147900", "0.148100", "0.146900", "0.147300", "1180102.3", 1761019199999, "174050.3132100", 2266, "490214.3", "72325.5051000", "0"], [1761019200000, "0.147300", "0.147600", "0.144800", "0.145300", "4682087.0", 1761022799999, "684833.9094500", 6018, "2261601.3", "330849.7099100", "0"], [1761022800000, "0.145300", "0.146100", "0.144200", "0.145300", "3289213.1", 1761026399999, "477278.6966200", 4614, "1643000.3", "238522.6397000", "0"], [1761026400000, "0.145300", "0.146400", "0.143800", "0.145500", "4978493.2", 1761029999999, "721663.7866500", 4438, "2228563.2", "323046.4931800", "0"], [1761030000000, "0.145400", "0.146900", "0.145100", "0.146600", "1514019.0", 1761033599999, "221082.6748300", 2221, "754077.3", "110120.8408700", "0"], [1761033600000, "0.146700", "0.146700", "0.143900", "0.144700", "2909271.5", 1761037199999, "422243.5625600", 3697, "1363628.5", "197926.3322400", "0"], [1761037200000, "0.144800", "0.144800", "0.142500", "0.143600", "3729035.0", 1761040799999, "535845.1488100", 3801, "1699291.8", "244322.7155300", "0"], [1761040800000, "0.143600", "0.144900", "0.143100", "0.144300", "2820287.6", 1761044399999, "405701.9077700", 3529, "1651513.7", "237539.9099000", "0"], [1761044400000, "0.144300", "0.144700", "0.143700", "0.144200", "2170602.5", 1761047999999, "313007.2587500", 3042, "1167565.9", "168388.6607600", "0"], [1761048000000, "0.144200", "0.145600", "0.143500", "0.143900", "4239036.7", 1761051599999, "612217.0760700", 5164, "1900860.1", "274622.2900500", "0"], [1761051600000, "0.143900", "0.145300", "0.143300", "0.143900", "4303896.1", 1761055199999, "620587.5654000", 4998, "2453087.5", "353911.7657800", "0"], [1761055200000, "0.143900", "0.149100", "0.143900", "0.149000", "5816618.5", 1761058799999, "853617.5947700", 5956, "2875665.7", "421817.3940600", "0"], [1761058800000, "0.149000", "0.151600", "0.148100", "0.151200", "7448001.2", 1761062399999, "1117170.0495200", 6822, "4029345.7", "604842.6900600", "0"], [1761062400000, "0.151100", "0.153400", "0.149800", "0.150300", "8778185.1", 1761065999999, "1332470.6625900", 8490, "3818605.8", "579839.4555700", "0"], [1761066000000, "0.150400", "0.151300", "0.147500", "0.149600", "6025754.8", 1761069599999, "900694.4878700", 5611, "2717310.7", "406165.3564900", "0"], [1761069600000, "0.149600", "0.149800", "0.147300", "0.147900", "2945424.0", 1761073199999, "436726.4976300", 3305, "1442353.7", "213887.0620900", "0"], [1761073200000, "0.147800", "0.148200", "0.146800", "0.146800", "1952856.3", 1761076799999, "288016.0485200", 3069, "957336.0", "141174.2126500", "0"], [1761076800000, "0.146900", "0.147100", "0.145200", "0.145600", "2816281.5", 1761080399999, "411584.4560700", 3477, "1471476.4", "215059.7644600", "0"], [1761080400000, "0.145500", "0.146000", "0.142800", "0.144600", "2562255.4", 1761083999999, "370315.4449400", 3739, "1346699.4", "194670.8948100", "0"], [1761084000000, "0.144700", "0.144700", "0.141200", "0.141500", "3847798.1", 1761087599999, "548750.7004800", 4684, "1792708.6", "255635.9430300", "0"], [1761087600000, "0.141500", "0.141800", "0.140900", "0.141300", "719491.8", 1761091199999, "101778.7013200", 1293, "331039.6", "46822.8367400", "0"]]}