{"_ts": 1761085266.336722, "data": [[1760914800000, "0.3309900", "0.3330000", "0.3300000", "0.3320200", "1385122", 1760918399999, "459144.6101800", 13345, "752224", "249370.0486400", "0"], [1760918400000, "0.3320100", "0.3329500", "0.3262100", "0.3309600", "2385877", 1760921999999, "786105.1838600", 21635, "1210752", "398928.7526700", "0"], [1760922000000, "0.3309900", "0.3313300", "0.3258500", "0.3282000", "2260082", 1760925599999, "741399.5530000", 19777, "1108235", "363575.8263300", "0"], [1760925600000, "0.3282000", "0.3426000", "0.3248700", "0.3418900", "5428456", 1760929199999, "1814966.3230700", 43561, "3388521", "1134290.2819200", "0"], [1760929200000, "0.3418700", "0.3441700", "0.3322000", "0.3348100", "7545540", 1760932799999, "2567825.6579000", 59025, "4184854", "1424706.9088000", "0"], [1760932800000, "0.3347400", "0.3425200", "0.3341100", "0.3397700", "4616112", 1760936399999, "1563683.9566200", 40006, "2353671", "797716.8483000", "0"], [1760936400000, "0.3397500", "0.3411500", "0.3353100", "0.3361100", "2737311", 1760939999999, "926762.8134700", 25953, "1512431", "512366.8900200", "0"], [1760940000000, "0.3360900", "0.3367000", "0.3324300", "0.3326400", "2410843", 1760943599999, "806921.8131600", 21452, "1258058", "421238.6362600", "0"], [1760943600000, "0.3326500", "0.3375700", "0.3318000", "0.3355700", "1846159", 1760947199999, "618672.5782400", 20931, "972597", "325900.7194800", "0"], [1760947200000, "0.3356500", "0.3365700", "0.3326300", "0.3339600", "2251748", 1760950799999, "753694.9806500", 20570, "1006823", "336954.4720400", "0"], [1760950800000, "0.3340000", "0.3363100", "0.3331800", "0.3338800", "2113302", 1760954399999, "706918.9098000", 20928, "1022434", "342105.0564600", "0"], [1760954400000, "0.3338900", "0.3373800", "0.3338900", "0.3372700", "1495568", 1760957999999, "502190.4463200", 14936, "907187", "304674.5084300", "0"], [1760958000000, "0.3372600", "0.3399000", "0.3361000", "0.3381800", "1585028", 1760961599999, "535515.8766500", 18912, "866676", "292787.5388700", "0"], [1760961600000, "0.3381900", "0.3393200", "0.3365900", "0.3384100", "1626175", 1760965199999, "549631.8287900", 16388, "912433", "308477.4191400", "0"], [1760965200000, "0.3383900", "0.3397900", "0.3369000", "0.3388500", "1589135", 1760968799999, "537488.7926000", 16798, "804612", "272250.8918800", "0"], [1760968800000, "0.3388600", "0.3394100", "0.3351000", "0.3360600", "2144587", 1760972399999, "722398.2386100", 15233, "1111820", "374627.7487900", "0"], [1760972400000, "0.3360800", "0.3365400", "0.3289800", "0.3294100", "2030633", 1760975999999, "677610.0575400", 14316, "953037", "318103.2197700", "0"], [1760976000000, "0.3293900", "0.3295700", "0.3258600", "0.3284400", "3901621", 1760979599999, "1279838.4634700", 21278, "1958988", "642618.7189000", "0"], [1760979600000, "0.3284500", "0.3318700", "0.3280200", "0.3299000", "2055887", 1760983199999, "679541.4797000", 15416, "1080122", "357089.1722800", "0"], [1760983200000, "0.3298700", "0.3300100", "0.3238100", "0.3259400", "1884152", 1760986799999, "614917.0870900", 12669, "783579", "255866.9381000", "0"], [1760986800000, "0.3259600", "0.3274100", "0.3238500", "0.3264200", "1937170", 1760990399999, "631037.6262800", 12066, "712126", "231916.9254400", "0"], [1760990400000, "0.3264200", "0.3305800", "0.3264200", "0.3305500", "1360001", 1760993999999, "446701.8341700", 11203, "596540", "195954.6188100", "0"], [1760994000000, "0.3305700", "0.3358500", "0.3291700", "0.3300300", "1854553", 1760997599999, "615772.9097300", 11413, "820180", "272416.1472300", "0"], [1760997600000, "0.3300100", "0.3358100", "0.3295800", "0.3341300", "1055741", 1761001199999, "351385.5785400", 8950, "440964", "146604.6028300", "0"], [1761001200000, "0.3341400", "0.3380200", "0.3335500", "0.3352300", "1720678", 1761004799999, "577028.7364000", 15472, "757645", "254088.8578600", "0"], [1761004800000, "0.3352400", "0.3401400", "0.3350100", "0.3391200", "1548998", 1761008399999, "523075.0705300", 15595, "785910", "265348.9004700", "0"], [1761008400000, "0.3391400", "0.3394000", "0.3360800", "0.3368600", "1586407", 1761011999999, "535314.0172600", 14124, "696246", "234922.4932900", "0"], [1761012000000, "0.3369000", "0.3390300", "0.3350900", "0.3366600", "1774246", 1761015599999, "597750.3111100", 15250, "1063316", "358308.6108400", "0"], [1761015600000, "0.3366500", "0.3380400", "0.3351300", "0.3373000", "1329936", 1761019199999, "448272.0981600", 13224, "649543", "218950.1324800", "0"], [1761019200000, "0.3373000", "0.3376400", "0.3343800", "0.3356300", "3104841", 1761022799999, "1043640.8068900", 22104, "1665371", "559792.0752300", "0"], [1761022800000, "0.3356800", "0.3368500", "0.3310500", "0.3332900", "3097581", 1761026399999, "1033606.7878900", 21951, "1531232", "511138.7299300", "0"], [1761026400000, "0.3332700", "0.3351600", "0.3315600", "0.3331500", "1465273", 1761029999999, "488569.1670800", 13425, "864269", "288154.9960900", "0"], [1761030000000, "0.3331500", "0.3346300", "0.3322500", "0.3339800", "1128402", 1761033599999, "376273.1286000", 10064, "646560", "215592.5879800", "0"], [1761033600000, "0.3339200", "0.3354400", "0.3227700", "0.3237600", "3497756", 1761037199999, "1153179.0952300", 26128, "1461139", "482524.1706200", "0"], [1761037200000, "0.3238000", "0.3271600", "0.3226700", "0.3268200", "2316302", 1761040799999, "753222.9311300", 17603, "1171153", "381060.1507000", "0"], [1761040800000, "0.3268200", "0.3326400", "0.3268200", "0.3298600", "2611780", 1761044399999, "862442.8340200", 19509, "1434370", "473621.0364900", "0"], [1761044400000, "0.3298600", "0.3361200", "0.3294700", "0.3353600", "3242564", 1761047999999, "1080700.1408600", 20464, "1789910", "596358.8453000", "0"], [1761048000000, "0.3353800", "0.3385800", "0.3345700", "0.3364700", "2635523", 1761051599999, "888425.0967300", 21245, "1300714", "438462.1457200", "0"], [1761051600000, "0.3364800", "0.3370700", "0.3350900", "0.3353600", "2430308", 1761055199999, "816704.6669600", 28785, "1196489", "402096.2717200", "0"], [1761055200000, "0.3353600", "0.3389400", "0.3350200", "0.3387300", "2555297", 1761058799999, "860183.3131000", 16244, "1267233", "426568.2228200", "0"], [1761058800000, "0.3387700", "0.3471800", "0.3378400", "0.3465100", "4601753", 1761062399999, "1575835.3215100", 30259, "2535683", "868272.1834300", "0"], [1761062400000, "0.3464700", "0.3695300", "0.3455000", "0.3546500", "17658409", 1761065999999, "6326700.2085700", 100268, "9839654", "3525561.9636300", "0"], [1761066000000, "0.3545900", "0.3604800", "0.3539400", "0.3555500", "4601713", 1761069599999, "1643222.6524000", 38255, "2562175", "914855.8382800", "0"], [1761069600000, "0.3555500", "0.3622000", "0.3554000", "0.3618700", "3162007", 1761073199999, "1137453.1096900", 21428, "1867612", "671799.4725800", "0"], [1761073200000, "0.3619200", "0.3830000", "0.3617700", "0.3759400", "9064155", 1761076799999, "3368134.1326400", 47711, "5335190", "1981455.2139000", "0"], [1761076800000, "0.3759500", "0.3759500", "0.3659600", "0.3683500", "4037741", 1761080399999, "1494967.9003000", 30703, "1945455", "721110.4771200", "0"], [1761080400000, "0.3683000", "0.3692000", "0.3589300", "0.3617700", "3348251", 1761083999999, "1214621.8540900", 17033, "1623468", "589016.4722700", "0"], [1761084000000, "0.3617700", "0.3632100", "0.3580600", "0.3593100", "1255843", 1761087599999, "452882.2629500", 7931, "552479", "199266.3986100", "0"]]}