{"_ts": 1761074850.9342756, "data": [[1760184000000, "1.5000000", "1.7100000", "1.3520000", "1.5670000", "26005480", 1760198399999, "40030976.6836000", 425187, "12983385", "19999067.4096000", "0"], [1760198400000, "1.5669000", "1.6041000", "1.4717000", "1.5402000", "8582956", 1760212799999, "13213546.4898000", 140707, "4121570", "6350090.7662000", "0"], [1760212800000, "1.5402000", "1.5800000", "1.5130000", "1.5749000", "3221133", 1760227199999, "4996834.6644000", 60597, "1565047", "2430520.2109000", "0"], [1760227200000, "1.5751000", "1.5791000", "1.4251000", "1.4648000", "4280211", 1760241599999, "6375978.7487000", 82627, "2067824", "3079607.4298000", "0"], [1760241600000, "1.4637000", "1.5040000", "1.4300000", "1.4656000", "2472610", 1760255999999, "3629293.0222000", 50567, "1239051", "1819264.1581000", "0"], [1760256000000, "1.4652000", "1.4653000", "1.3839000", "1.4065000", "3450682", 1760270399999, "4897499.6157000", 69548, "1664250", "2362675.9111000", "0"], [1760270400000, "1.4062000", "1.4420000", "1.3229000", "1.4274000", "5348069", 1760284799999, "7398759.2284000", 85543, "2670080", "3697179.1286000", "0"], [1760284800000, "1.4279000", "1.5163000", "1.3888000", "1.4868000", "3692269", 1760299199999, "5390489.5667000", 75231, "1828974", "2671276.0955000", "0"], [1760299200000, "1.4869000", "1.5415000", "1.3926000", "1.4266000", "2380752", 1760313599999, "3455131.2618000", 72580, "1196000", "1737227.3706000", "0"], [1760313600000, "1.4270000", "1.5800000", "1.4006000", "1.5698000", "2600905", 1760327999999, "3805418.5859000", 82730, "1380797", "2025665.1752000", "0"], [1760328000000, "1.5685000", "1.6548000", "1.5000000", "1.5200000", "3643153", 1760342399999, "5670824.1633000", 135747, "1802117", "2808829.6489000", "0"], [1760342400000, "1.5216000", "1.6898000", "1.4290000", "1.5131000", "7113945", 1760356799999, "11384894.2552000", 173443, "3562422", "5710279.2968000", "0"], [1760356800000, "1.5124000", "1.5506000", "1.4219000", "1.4692000", "4024702", 1760371199999, "5941093.9470000", 118394, "1979148", "2923575.2590000", "0"], [1760371200000, "1.4691000", "1.4916000", "1.4373000", "1.4847000", "1824995", 1760385599999, "2666070.9305000", 58442, "906105", "1324514.1429000", "0"], [1760385600000, "1.4850000", "1.4962000", "1.3866000", "1.4260000", "1826048", 1760399999999, "2607955.9290000", 53764, "848090", "1213581.2368000", "0"], [1760400000000, "1.4285000", "1.5571000", "1.4186000", "1.4733000", "2521684", 1760414399999, "3786478.8921000", 78771, "1201800", "1804952.6418000", "0"], [1760414400000, "1.4743000", "1.4894000", "1.3701000", "1.4031000", "1902457", 1760428799999, "2702432.1125000", 45761, "864289", "1227964.7677000", "0"], [1760428800000, "1.4036000", "1.4391000", "1.3800000", "1.3940000", "1813528", 1760443199999, "2549166.3020000", 46078, "888201", "1248744.2573000", "0"], [1760443200000, "1.3944000", "1.5319000", "1.3183000", "1.5154000", "2739600", 1760457599999, "3829444.6556000", 62236, "1314480", "1840389.3106000", "0"], [1760457600000, "1.5154000", "1.6600000", "1.5127000", "1.6013000", "4958966", 1760471999999, "7856185.8479000", 158320, "2429164", "3850150.4597000", "0"], [1760472000000, "1.6009000", "1.6207000", "1.4807000", "1.5019000", "2307260", 1760486399999, "3562889.0025000", 66551, "1088014", "1680482.5517000", "0"], [1760486400000, "1.5019000", "1.5384000", "1.4140000", "1.4459000", "1697527", 1760500799999, "2506827.0872000", 50348, "853947", "1262815.7060000", "0"], [1760500800000, "1.4458000", "1.5014000", "1.3592000", "1.4103000", "2304888", 1760515199999, "3242343.5461000", 59820, "1067679", "1497466.4880000", "0"], [1760515200000, "1.4103000", "1.4322000", "1.3290000", "1.3767000", "1999215", 1760529599999, "2756948.6316000", 55151, "921612", "1273128.0015000", "0"], [1760529600000, "1.3769000", "1.3820000", "1.2412000", "1.2479000", "2925067", 1760543999999, "3896378.9625000", 76031, "1284232", "1714838.7075000", "0"], [1760544000000, "1.2486000", "1.3754000", "1.2467000", "1.2849000", "2440410", 1760558399999, "3184473.1228000", 66563, "1202037", "1568710.4137000", "0"], [1760558400000, "1.2847000", "1.3349000", "1.2847000", "1.3134000", "1166051", 1760572799999, "1524466.0734000", 35944, "565325", "739420.6119000", "0"], [1760572800000, "1.3135000", "1.4246000", "1.2662000", "1.3599000", "2270410", 1760587199999, "3074537.0074000", 76191, "1143297", "1550067.3189000", "0"], [1760587200000, "1.3599000", "1.3964000", "1.3132000", "1.3663000", "1242446", 1760601599999, "1678819.0144000", 42149, "668070", "901849.8506000", "0"], [1760601600000, "1.3658000", "1.4021000", "1.0795000", "1.1885000", "6313192", 1760615999999, "7573303.5717000", 149200, "3004054", "3600854.4342000", "0"], [1760616000000, "1.1876000", "1.3138000", "1.1200000", "1.1579000", "10390528", 1760630399999, "12403832.4222000", 214029, "5020077", "6000550.2186000", "0"], [1760630400000, "1.1574000", "1.2800000", "1.1492000", "1.1891000", "3007808", 1760644799999, "3607261.7298000", 83630, "1534326", "1842343.7610000", "0"], [1760644800000, "1.1883000", "1.2093000", "1.1210000", "1.1553000", "1567741", 1760659199999, "1828694.4335000", 32578, "738808", "861691.1866000", "0"], [1760659200000, "1.1543000", "1.2470000", "1.1212000", "1.1988000", "2112706", 1760673599999, "2475519.5318000", 42140, "1053985", "1236070.6065000", "0"], [1760673600000, "1.1984000", "1.2200000", "1.1176000", "1.1449000", "1962780", 1760687999999, "2293417.3773000", 31995, "885638", "1036250.3105000", "0"], [1760688000000, "1.1440000", "1.1758000", "1.0854000", "1.1392000", "2792579", 1760702399999, "3149175.0248000", 52656, "1386261", "1564093.6097000", "0"], [1760702400000, "1.1392000", "1.1454000", "1.0154000", "1.0558000", "3755059", 1760716799999, "4017415.0264000", 53735, "1865897", "2000348.3415000", "0"], [1760716800000, "1.0544000", "1.0682000", "0.9769000", "1.0090000", "2612717", 1760731199999, "2672494.7341000", 44007, "1297782", "1329295.4302000", "0"], [1760731200000, "1.0092000", "1.0321000", "0.9513000", "0.9648000", "2225572", 1760745599999, "2201308.5131000", 42054, "1075221", "1064446.2009000", "0"], [1760745600000, "0.9649000", "1.0040000", "0.9500000", "0.9856000", "2513589", 1760759999999, "2447903.4566000", 50835, "1257232", "1225879.6486000", "0"], [1760760000000, "0.9861000", "1.0024000", "0.9500000", "0.9736000", "2169514", 1760774399999, "2115325.0606000", 42639, "988672", "964197.4173000", "0"], [1760774400000, "0.9740000", "0.9973000", "0.9449000", "0.9787000", "2218908", 1760788799999, "2155541.8697000", 38867, "1119722", "1087917.3610000", "0"], [1760788800000, "0.9780000", "0.9846000", "0.9069000", "0.9096000", "3077785", 1760803199999, "2876115.5525000", 48326, "1422821", "1330408.1960000", "0"], [1760803200000, "0.9093000", "0.9582000", "0.8850000", "0.9485000", "2363636", 1760817599999, "2161538.7666000", 39746, "1145438", "1047712.5717000", "0"], [1760817600000, "0.9486000", "0.9692000", "0.9397000", "0.9569000", "1056714", 1760831999999, "1009760.3382000", 18689, "514750", "492073.0542000", "0"], [1760832000000, "0.9574000", "0.9782000", "0.9292000", "0.9664000", "1258230", 1760846399999, "1202196.2126000", 18467, "589390", "563463.9400000", "0"], [1760846400000, "0.9665000", "0.9746000", "0.9341000", "0.9431000", "1021452", 1760860799999, "970328.0549000", 17759, "519792", "494060.8179000", "0"], [1760860800000, "0.9432000", "1.0676000", "0.9269000", "1.0059000", "3672261", 1760875199999, "3663527.4154000", 49127, "1799222", "1795768.8725000", "0"], [1760875200000, "1.0053000", "1.0794000", "0.9907000", "0.9914000", "3951061", 1760889599999, "4065486.6546000", 50553, "1853871", "1909933.2425000", "0"], [1760889600000, "0.9914000", "1.0355000", "0.9904000", "1.0268000", "1628079", 1760903999999, "1652217.1699000", 24525, "826756", "838980.7286000", "0"], [1760904000000, "1.0266000", "1.0839000", "1.0119000", "1.0155000", "1896857", 1760918399999, "1981924.8238000", 27933, "952770", "995723.1745000", "0"], [1760918400000, 