{"_ts": 1761078683.6950269, "data": [[1760907600000, "1.0262000", "1.0839000", "1.0253000", "1.0583000", "695677", 1760911199999, "735775.9521000", 9913, "343663", "363702.3096000", "0"], [1760911200000, "1.0587000", "1.0643000", "1.0294000", "1.0392000", "441542", 1760914799999, "460237.6850000", 6641, "209142", "217960.1148000", "0"], [1760914800000, "1.0382000", "1.0602000", "1.0119000", "1.0155000", "577931", 1760918399999, "600198.1540000", 7508, "308716", "320805.2260000", "0"], [1760918400000, "1.0155000", "1.0642000", "1.0074000", "1.0561000", "843485", 1760921999999, "871645.7296000", 9564, "417074", "430734.3524000", "0"], [1760922000000, "1.0549000", "1.0830000", "1.0390000", "1.0492000", "665484", 1760925599999, "700820.6224000", 9945, "314615", "331619.3525000", "0"], [1760925600000, "1.0487000", "1.0487000", "1.0144000", "1.0330000", "430150", 1760929199999, "443004.3528000", 8038, "217074", "223670.8096000", "0"], [1760929200000, "1.0329000", "1.0794000", "1.0199000", "1.0708000", "596438", 1760932799999, "629382.9121000", 8589, "319470", "336637.7338000", "0"], [1760932800000, "1.0723000", "1.0768000", "1.0269000", "1.0405000", "928802", 1760936399999, "977352.1873000", 9637, "450705", "473926.9115000", "0"], [1760936400000, "1.0399000", "1.0562000", "1.0237000", "1.0385000", "595817", 1760939999999, "618383.7711000", 7007, "300725", "312314.7632000", "0"], [1760940000000, "1.0388000", "1.0739000", "1.0378000", "1.0573000", "490295", 1760943599999, "516531.2056000", 6718, "217019", "228855.8858000", "0"], [1760943600000, "1.0568000", "1.0769000", "1.0396000", "1.0401000", "536887", 1760947199999, "570289.3497000", 8061, "207976", "221300.8999000", "0"], [1760947200000, "1.0419000", "1.0732000", "1.0221000", "1.0668000", "1019803", 1760950799999, "1067841.8992000", 13793, "524839", "550220.7422000", "0"], [1760950800000, "1.0666000", "1.0754000", "1.0541000", "1.0624000", "482604", 1760954399999, "514638.4463000", 8197, "206307", "219965.1427000", "0"], [1760954400000, "1.0627000", "1.0672000", "1.0322000", "1.0396000", "526245", 1760957999999, "551130.9506000", 6779, "239831", "250996.6648000", "0"], [1760958000000, "1.0396000", "1.0448000", "1.0131000", "1.0289000", "511625", 1760961599999, "525061.5432000", 7118, "244508", "251130.3702000", "0"], [1760961600000, "1.0294000", "1.0647000", "1.0180000", "1.0192000", "582737", 1760965199999, "608173.3238000", 8558, "226789", "237047.0455000", "0"], [1760965200000, "1.0195000", "1.0336000", "0.9750000", "1.0084000", "1150627", 1760968799999, "1155986.5990000", 16339, "513060", "515653.7761000", "0"], [1760968800000, "1.0086000", "1.0240000", "0.9962000", "1.0230000", "352226", 1760972399999, "355112.0682000", 6275, "180971", "182534.7778000", "0"], [1760972400000, "1.0222000", "1.0326000", "0.9981000", "1.0027000", "352818", 1760975999999, "357349.3629000", 5688, "157003", "159289.7474000", "0"], [1760976000000, "1.0023000", "1.0417000", "0.9876000", "1.0137000", "692487", 1760979599999, "708092.8668000", 9360, "332424", "340017.5063000", "0"], [1760979600000, "1.0138000", "1.0382000", "1.0077000", "1.0285000", "335197", 1760983199999, "342823.6702000", 5251, "160565", "164335.2507000", "0"], [1760983200000, "1.0276000", "1.0354000", "0.9958000", "1.0016000", "378816", 1760986799999, "382946.8525000", 6537, "181348", "183442.9168000", "0"], [1760986800000, "1.0021000", "1.0158000", "0.9922000", "1.0140000", "270528", 1760990399999, "271163.7907000", 6004, "132710", "133183.0432000", "0"], [1760990400000, "1.0140000", "1.0267000", "0.9880000", "0.9958000", "213868", 1760993999999, "215506.4038000", 5045, "102013", "102676.7037000", "0"], [1760994000000, "0.9958000", "1.0284000", "0.9958000", "1.0263000", "205179", 1760997599999, "207782.7736000", 5928, "102756", "103933.1128000", "0"], [1760997600000, "1.0265000", "1.0695000", "1.0186000", "1.0448000", "847228", 1761001199999, "883910.1033000", 19326, "429154", "447923.7018000", "0"], [1761001200000, "1.0450000", "1.0563000", "1.0349000", "1.0351000", "207244", 1761004799999, "216708.2465000", 5766, "91860", "96071.5654000", "0"], [1761004800000, "1.0360000", "1.0422000", "1.0156000", "1.0413000", "341651", 1761008399999, "351591.9456000", 7115, "137831", "141915.1490000", "0"], [1761008400000, "1.0416000", "1.0641000", "1.0306000", "1.0641000", "380347", 1761011999999, "399672.6013000", 7714, "193761", "203536.3127000", "0"], [1761012000000, "1.0635000", "1.0710000", "1.0388000", "1.0586000", "678427", 1761015599999, "715140.8674000", 10449, "294437", "310350.1826000", "0"], [1761015600000, "1.0583000", "1.0684000", "1.0306000", "1.0441000", "372363", 1761019199999, "389644.3807000", 7364, "182016", "190387.4523000", "0"], [1761019200000, "1.0437000", "1.0470000", "1.0264000", "1.0385000", "443820", 1761022799999, "459663.3786000", 7876, "214486", "222241.3959000", "0"], [1761022800000, "1.0382000", "1.0478000", "1.0140000", "1.0396000", "537682", 1761026399999, "554523.8955000", 9216, "255299", "263358.3932000", "0"], [1761026400000, "1.0390000", "1.0653000", "1.0255000", "1.0581000", "337371", 1761029999999, "353324.9074000", 6680, "190756", "199802.0527000", "0"], [1761030000000, "1.0578000", "1.0639000", "1.0351000", "1.0410000", "354113", 1761033599999, "372159.2010000", 6908, "144810", "152431.3138000", "0"], [1761033600000, "1.0412000", "1.0454000", "1.0276000", "1.0397000", "319464", 1761037199999, "330925.8255000", 6931, "170791", "176951.0610000", "0"], [1761037200000, "1.0397000", "1.0480000", "1.0223000", "1.0248000", "338247", 1761040799999, "349118.9530000", 4878, "186313", "192430.2427000", "0"], [1761040800000, "1.0248000", "1.0789000", "1.0227000", "1.0773000", "761142", 1761044399999, "800117.8363000", 10934, "400669", "421311.8182000", "0"], [1761044400000, "1.0763000", "1.0878000", "1.0584000", "1.0636000", "696979", 1761047999999, "747164.8623000", 12810, "314823", "337567.2096000", "0"], [1761048000000, "1.0637000", "1.0757000", "1.0488000", "1.0568000", "437518", 1761051599999, "464021.0089000", 8426, "212522", "225353.3485000", "0"], [1761051600000, "1.0568000", "1.0677000", "1.0508000", "1.0603000", "340253", 1761055199999, "360620.2648000", 6610, "169554", "179652.0034000", "0"], [1761055200000, "1.0604000", "1.1098000", "1.0603000", "1.1021000", "931383", 1761058799999, "1016663.7535000", 14053, "463463", "505570.2792000", "0"], [1761058800000, "1.1014000", "1.1172000", "1.0903000", "1.1081000", "646792", 1761062399999, "713545.4542000", 12492, "333768", "368275.1320000", "0"], [1761062400000, "1.1074000", "1.1630000", "1.0905000", "1.1217000", "1368730", 1761065999999, "1544105.8427000", 19159, "688587", "779287.0260000", "0"], [1761066000000, "1.1217000", "1.1541000", "1.1000000", "1.1060000", "696978", 1761069599999, "780085.5607000", 15093, "349246", "390915.9948000", "0"], [1761069600000, "1.1072000", "1.1323000", "1.0948000", "1.0974000", "545154", 1761073199999, "605884.7017000", 11644, "245156", "272502.7221000", "0"], [1761073200000, "1.0969000", "1.1099000", "1.0900000", "1.1048000", "211804", 1761076799999, "232660.5533000", 5883, "99116", "108955.4319000", "0"], [1761076800000, "1.1047000", "1.1047000", "1.0733000", "1.0808000", "271787", 1761080399999, "294406.9996000", 5411, "116660", "126371.0083000", "0"]]}