{"_ts": 1761085164.4385617, "data": [[1760914800000, "0.3088000", "0.3088000", "0.3038000", "0.3048000", "3021754", 1760918399999, "924954.0574000", 6707, "1041457", "318744.5728000", "0"], [1760918400000, "0.3047000", "0.3118000", "0.3007000", "0.3079000", "17024768", 1760921999999, "5217836.8358000", 30554, "8898665", "2728418.1216000", "0"], [1760922000000, "0.3080000", "0.3142000", "0.3071000", "0.3131000", "7592152", 1760925599999, "2355751.2161000", 16072, "4253880", "1320402.4535000", "0"], [1760925600000, "0.3131000", "0.3132000", "0.3064000", "0.3098000", "5395645", 1760929199999, "1673523.8135000", 13770, "2384978", "740219.9718000", "0"], [1760929200000, "0.3097000", "0.3203000", "0.3088000", "0.3201000", "6962631", 1760932799999, "2192801.0311000", 18119, "3760464", "1185299.1855000", "0"], [1760932800000, "0.3201000", "0.3204000", "0.3148000", "0.3179000", "4160000", 1760936399999, "1320380.5790000", 11067, "1880609", "597148.1638000", "0"], [1760936400000, "0.3179000", "0.3179000", "0.3142000", "0.3158000", "2629598", 1760939999999, "831117.4173000", 7640, "1181280", "373501.8679000", "0"], [1760940000000, "0.3157000", "0.3174000", "0.3136000", "0.3143000", "5014445", 1760943599999, "1583186.3936000", 9757, "2229366", "704058.9044000", "0"], [1760943600000, "0.3142000", "0.3189000", "0.3135000", "0.3163000", "5170487", 1760947199999, "1634957.8142000", 10506, "2639609", "835217.0608000", "0"], [1760947200000, "0.3162000", "0.3179000", "0.3131000", "0.3136000", "4122848", 1760950799999, "1301359.8934000", 8837, "1984828", "626824.3729000", "0"], [1760950800000, "0.3135000", "0.3136000", "0.3094000", "0.3120000", "3759536", 1760954399999, "1171826.3337000", 8670, "1789197", "557609.7457000", "0"], [1760954400000, "0.3120000", "0.3138000", "0.3062000", "0.3065000", "4752718", 1760957999999, "1474005.5584000", 9968, "1954254", "606468.2382000", "0"], [1760958000000, "0.3065000", "0.3080000", "0.3041000", "0.3075000", "5420795", 1760961599999, "1658094.4322000", 10313, "2717923", "831869.6150000", "0"], [1760961600000, "0.3074000", "0.3077000", "0.3038000", "0.3044000", "2493027", 1760965199999, "761653.0779000", 6689, "1065437", "325660.3853000", "0"], [1760965200000, "0.3043000", "0.3095000", "0.3043000", "0.3070000", "2909889", 1760968799999, "893619.1492000", 8026, "1600736", "491745.2297000", "0"], [1760968800000, "0.3071000", "0.3073000", "0.3013000", "0.3022000", "5107808", 1760972399999, "1550606.7661000", 9354, "1979023", "600957.8535000", "0"], [1760972400000, "0.3023000", "0.3025000", "0.2954000", "0.2959000", "7056042", 1760975999999, "2106134.5278000", 13132, "2946661", "880005.5399000", "0"], [1760976000000, "0.2959000", "0.2960000", "0.2882000", "0.2918000", "11795653", 1760979599999, "3437426.6021000", 17184, "5585406", "1627663.2779000", "0"], [1760979600000, "0.2920000", "0.2943000", "0.2890000", "0.2905000", "5569323", 1760983199999, "1621778.8264000", 8779, "2827166", "823654.2768000", "0"], [1760983200000, "0.2905000", "0.2915000", "0.2875000", "0.2899000", "3520730", 1760986799999, "1019291.5532000", 6984, "2036410", "589661.8908000", "0"], [1760986800000, "0.2899000", "0.2927000", "0.2878000", "0.2918000", "3624461", 1760990399999, "1050673.5678000", 8155, "1822974", "528836.4268000", "0"], [1760990400000, "0.2918000", "0.2946000", "0.2906000", "0.2941000", "3464769", 1760993999999, "1014586.1733000", 6766, "1988664", "582433.1573000", "0"], [1760994000000, "0.2941000", "0.2977000", "0.2926000", "0.2972000", "3228771", 1760997599999, "954144.7014000", 6165, "1571874", "464568.5575000", "0"], [1760997600000, "0.2972000", "0.3050000", "0.2969000", "0.3018000", "4919547", 1761001199999, "1481243.1154000", 9847, "2385509", "718580.5466000", "0"], [1761001200000, "0.3018000", "0.3072000", "0.3012000", "0.3069000", "3076106", 1761004799999, "934415.1837000", 8109, "1505512", "457350.7443000", "0"], [1761004800000, "0.3069000", "0.3095000", "0.3007000", "0.3031000", "6900803", 1761008399999, "2097845.9410000", 17483, "3463607", "1052481.0809000", "0"], [1761008400000, "0.3031000", "0.3209000", "0.3016000", "0.3183000", "7526854", 1761011999999, "2357852.4904000", 20136, "3593841", "1125149.0395000", "0"], [1761012000000, "0.3184000", "0.3324000", "0.3125000", "0.3159000", "13657511", 1761015599999, "4385843.1428000", 33668, "6029597", "1937248.5154000", "0"], [1761015600000, "0.3159000", "0.3175000", "0.3088000", "0.3109000", "5491465", 1761019199999, "1709968.7473000", 15466, "2778071", "865276.9954000", "0"], [1761019200000, "0.3109000", "0.3128000", "0.2998000", "0.3012000", "8757299", 1761022799999, "2679112.9563000", 20888, "3450274", "1056951.1855000", "0"], [1761022800000, "0.3014000", "0.3024000", "0.2946000", "0.2974000", "6527602", 1761026399999, "1944297.5341000", 15015, "3083839", "918752.0316000", "0"], [1761026400000, "0.2975000", "0.3016000", "0.2950000", "0.2993000", "3791823", 1761029999999, "1132965.6970000", 10781, "2073104", "619621.0769000", "0"], [1761030000000, "0.2992000", "0.3018000", "0.2969000", "0.3006000", "1793247", 1761033599999, "537215.1798000", 6654, "913335", "273738.6780000", "0"], [1761033600000, "0.3005000", "0.3005000", "0.2915000", "0.2937000", "4483650", 1761037199999, "1323511.7164000", 9859, "2135533", "630771.1486000", "0"], [1761037200000, "0.2937000", "0.2953000", "0.2924000", "0.2940000", "2013932", 1761040799999, "591913.8719000", 6353, "972737", "285892.8347000", "0"], [1761040800000, "0.2941000", "0.3032000", "0.2928000", "0.3000000", "4370934", 1761044399999, "1300917.9033000", 10642, "2368523", "704857.8909000", "0"], [1761044400000, "0.3000000", "0.3093000", "0.2986000", "0.3080000", "6629945", 1761047999999, "2016698.6224000", 13520, "3287715", "999537.7632000", "0"], [1761048000000, "0.3080000", "0.3083000", "0.3023000", "0.3025000", "5602830", 1761051599999, "1713016.7252000", 12816, "2581868", "789735.9923000", "0"], [1761051600000, "0.3026000", "0.3155000", "0.3026000", "0.3142000", "9771554", 1761055199999, "3037773.5472000", 24044, "5022445", "1560868.7819000", "0"], [1761055200000, "0.3142000", "0.3256000", "0.3124000", "0.3230000", "10925812", 1761058799999, "3492267.5496000", 25567, "5260611", "1681541.2379000", "0"], [1761058800000, "0.3230000", "0.3247000", "0.3172000", "0.3207000", "7905331", 1761062399999, "2535136.6927000", 18927, "3610773", "1158648.1582000", "0"], [1761062400000, "0.3207000", "0.3224000", "0.3140000", "0.3150000", "5521531", 1761065999999, "1763701.7091000", 13188, "2416965", "772594.2842000", "0"], [1761066000000, "0.3151000", "0.3248000", "0.3138000", "0.3230000", "8182892", 1761069599999, "2608791.9618000", 17896, "4222831", "1347052.6847000", "0"], [1761069600000, "0.3230000", "0.3257000", "0.3184000", "0.3196000", "3934080", 1761073199999, "1266480.5415000", 10623, "1892516", "609638.8089000", "0"], [1761073200000, "0.3196000", "0.3254000", "0.3188000", "0.3224000", "3304284", 1761076799999, "1065116.5177000", 9776, "1909518", "615722.4901000", "0"], [1761076800000, "0.3224000", "0.3293000", "0.3179000", "0.3271000", "7388172", 1761080399999, "2387505.4005000", 18620, "4099751", "1325734.3392000", "0"], [1761080400000, "0.3271000", "0.3316000", "0.3208000", "0.3266000", "10192901", 1761083999999, "3337191.4252000", 24789, "5140103", "1683852.0162000", "0"], [1761084000000, "0.3264000", "0.3289000", "0.3233000", "0.3276000", "1395467", 1761087599999, "454438.3751000", 4006, "731410", "238149.2400000", "0"]]}