{"_ts": 1761088472.9903622, "data": [[1760918400000, "14.48800", "15.92700", "13.78000", "15.14500", "3237310.48", 1760921999999, "48084195.0846300", 539373, "1685269.19", "25080306.9719200", "0"], [1760922000000, "15.14000", "15.30400", "14.15000", "14.27600", "1484196.66", 1760925599999, "21722206.8558300", 300581, "730760.05", "10699412.1622400", "0"], [1760925600000, "14.27500", "14.39300", "13.26300", "13.30300", "1900163.92", 1760929199999, "26154262.8378500", 314624, "924754.72", "12730262.9704900", "0"], [1760929200000, "13.30400", "14.02900", "12.91400", "13.58300", "2053373.89", 1760932799999, "27456467.4977900", 317834, "1111832.88", "14882619.9171800", "0"], [1760932800000, "13.58200", "13.86700", "12.94500", "13.20600", "1387188.44", 1760936399999, "18418582.3985300", 229069, "690452.56", "9172385.2895700", "0"], [1760936400000, "13.20600", "13.26500", "12.51600", "12.71700", "1852197.84", 1760939999999, "23766610.3938600", 264578, "951367.28", "12215422.7818600", "0"], [1760940000000, "12.71700", "12.73200", "10.75400", "11.69200", "3832887.39", 1760943599999, "44518489.9045400", 422139, "1893476.57", "21980610.0936200", "0"], [1760943600000, "11.69000", "11.90000", "11.17200", "11.42200", "1883225.00", 1760947199999, "21694383.1378200", 206426, "1000212.06", "11527329.9674700", "0"], [1760947200000, "11.42200", "12.70000", "10.61600", "11.38400", "5495314.51", 1760950799999, "63638998.5591200", 588511, "2993777.38", "34758166.2296800", "0"], [1760950800000, "11.37700", "11.95000", "11.15000", "11.70200", "2947002.46", 1760954399999, "33795561.1976400", 355264, "1559936.30", "17897030.0010700", "0"], [1760954400000, "11.70000", "14.97500", "11.67000", "14.60200", "5977020.29", 1760957999999, "80266348.3790100", 769099, "3176207.86", "42630969.0735600", "0"], [1760958000000, "14.60300", "15.80000", "13.66000", "15.07100", "5673177.53", 1760961599999, "84900610.6926700", 811198, "2909866.98", "43575464.8348600", "0"], [1760961600000, "15.06800", "16.50000", "13.44700", "13.64400", "6291361.48", 1760965199999, "93881623.3429300", 939784, "3138885.62", "47003678.4771500", "0"], [1760965200000, "13.63900", "13.77200", "11.60000", "11.89000", "5673194.70", 1760968799999, "71104768.4002200", 828027, "2791283.59", "35006409.8976100", "0"], [1760968800000, "11.89100", "12.14600", "11.27500", "11.67500", "2450331.06", 1760972399999, "28455521.5320700", 330644, "1221988.22", "14197910.7121800", "0"], [1760972400000, "11.67300", "12.48200", "11.35500", "11.80500", "2341451.41", 1760975999999, "27793163.2899000", 304834, "1204670.71", "14309525.3203000", "0"], [1760976000000, "11.80700", "11.87300", "11.05300", "11.34800", "1696502.72", 1760979599999, "19426435.5322700", 223046, "814904.39", "9335631.6455600", "0"], [1760979600000, "11.34800", "11.47900", "10.89700", "11.32300", "1141966.56", 1760983199999, "12758251.1167600", 162987, "559429.85", "6254514.6940500", "0"], [1760983200000, "11.32200", "11.52300", "10.91600", "10.93300", "820461.75", 1760986799999, "9201075.6251400", 120352, "413797.54", "4643800.5820300", "0"], [1760986800000, "10.93300", "11.06700", "10.45200", "10.60600", "1438720.09", 1760990399999, "15425929.0322800", 183196, "719065.06", "7712314.9169500", "0"], [1760990400000, "10.60700", "11.04900", "10.47800", "10.67200", "876053.63", 1760993999999, "9426338.3370900", 124937, "453673.90", "4883551.2791500", "0"], [1760994000000, "10.67200", "10.79000", "10.22700", "10.61100", "836564.22", 1760997599999, "8814893.3859100", 100780, "419271.70", "4418461.0075400", "0"], [1760997600000, "10.61200", "11.05700", "10.30000", "10.72500", "945632.11", 1761001199999, "10064285.4930800", 130334, "497635.20", "5301097.5472800", "0"], [1761001200000, "10.72400", "10.92800", "10.50000", "10.61300", "639535.83", 1761004799999, "6825608.7474000", 97611, "350515.66", "3743044.6193700", "0"], [1761004800000, "10.61300", "10.90000", "10.23100", "10.63700", "1214374.04", 1761008399999, "12849577.7535700", 157756, "659351.51", "6979569.1741100", "0"], [1761008400000, "10.63700", "10.90000", "10.33300", "10.59000", "968222.73", 1761011999999, "10261223.4089000", 138590, "550059.68", "5831373.7585300", "0"], [1761012000000, "10.59100", "11.42700", "10.59000", "11.22000", "1141967.30", 1761015599999, "12670847.9623800", 183246, "638878.97", "7092905.8906400", "0"], [1761015600000, "11.22000", "11.47200", "10.82600", "11.09500", "865253.98", 1761019199999, "9640490.8491600", 141809, "433965.49", "4837016.7630700", "0"], [1761019200000, "11.09400", "11.58100", "10.85000", "11.33900", "1212235.26", 1761022799999, "13579460.5409000", 150624, "642447.20", "7198970.1665000", "0"], [1761022800000, "11.33900", "12.00000", "11.05500", "11.08300", "1359544.16", 1761026399999, "15575351.2043800", 200222, "666172.36", "7635009.2372700", "0"], [1761026400000, "11.08300", "11.16700", "10.30000", "10.51100", "2198221.10", 1761029999999, "23471351.7882900", 287539, "1098637.16", "11732456.2929900", "0"], [1761030000000, "10.51100", "10.51700", "9.48100", "9.65100", "1658012.17", 1761033599999, "16550308.1496800", 222729, "735220.57", "7341482.3863500", "0"], [1761033600000, "9.65800", "9.89300", "9.47500", "9.56300", "837567.45", 1761037199999, "8102440.1631500", 117956, "412463.42", "3992609.5698500", "0"], [1761037200000, "9.56300", "9.73800", "9.41800", "9.48400", "816518.63", 1761040799999, "7815744.2030500", 117206, "412523.79", "3949083.8866300", "0"], [1761040800000, "9.48500", "9.58000", "9.12200", "9.15000", "1052433.48", 1761044399999, "9805610.2559300", 114078, "503649.44", "4693722.6969300", "0"], [1761044400000, "9.15100", "9.73600", "9.10000", "9.21100", "1208569.87", 1761047999999, "11258966.2095100", 139705, "643956.58", "6000481.3178000", "0"], [1761048000000, "9.21000", "9.68000", "9.00300", "9.54600", "1365477.28", 1761051599999, "12725040.2687900", 156135, "733063.01", "6836566.3358300", "0"], [1761051600000, "9.54600", "9.64000", "9.21200", "9.55700", "949596.43", 1761055199999, "8952661.4421400", 126300, "497693.18", "4692244.5225700", "0"], [1761055200000, "9.55700", "9.81300", "9.41500", "9.69100", "741899.43", 1761058799999, "7101028.1717800", 90947, "370654.92", "3548711.8469300", "0"], [1761058800000, "9.69100", "9.91700", "9.58300", "9.62300", "785770.66", 1761062399999, "7655895.8420200", 94247, "378145.00", "3686496.9491300", "0"], [1761062400000, "9.62300", "10.36600", "9.48700", "10.01300", "1317782.82", 1761065999999, "13223004.6598700", 156639, "644709.13", "6467751.9837700", "0"], [1761066000000, "10.01300", "10.24100", "9.71300", "10.18400", "1010413.67", 1761069599999, "10104677.8522100", 138980, "490964.07", "4914337.0155300", "0"], [1761069600000, "10.18400", "10.21700", "9.73300", "9.82900", "517395.72", 1761073199999, "5131724.0145900", 86947, "244957.38", "2429570.1060300", "0"], [1761073200000, "9.82800", "9.87200", "9.61200", "9.73100", "325251.57", 1761076799999, "3168040.6795800", 60056, "148011.95", "1442503.7027500", "0"], [1761076800000, "9.73100", "9.80000", "9.52300", "9.62000", "323679.49", 1761080399999, "3119132.9842100", 53895, "144577.62", "1393248.9845700", "0"], [1761080400000, "9.62000", "9.67900", "9.40700", "9.50600", "237261.37", 1761083999999, "2263748.2876300", 34086, "108208.32", "1032814.9125900", "0"], [1761084000000, "9.50600", "9.50700", "9.05100", "9.05900", "386513.36", 1761087599999, "3569579.0664100", 51117, "167564.57", "1547155.1041300", "0"], [1761087600000, "9.05900", "9.06900", "8.66100", "8.67800", "331561.44", 1761091199999, "2931941.8314700", 33482, "133251.09", "1177800.5277500", "0"]]}