{"_ts": 1761085181.3664212, "data": [[1760914800000, "2.8260000", "2.8390000", "2.7870000", "2.7930000", "274809", 1760918399999, "771960.2070000", 6905, "118951", "334465.4560000", "0"], [1760918400000, "2.7930000", "2.8000000", "2.6090000", "2.6400000", "1061457", 1760921999999, "2862966.5782000", 18785, "421270", "1134981.9850000", "0"], [1760922000000, "2.6400000", "2.6930000", "2.6390000", "2.6590000", "434799", 1760925599999, "1161516.5380000", 11246, "240570", "642769.5050000", "0"], [1760925600000, "2.6580000", "2.6580000", "2.5400000", "2.6190000", "868942", 1760929199999, "2256277.2122000", 18839, "359163", "932865.1800000", "0"], [1760929200000, "2.6190000", "2.6800000", "2.5210000", "2.6630000", "673830", 1760932799999, "1761359.2880000", 16721, "331110", "864800.8490000", "0"], [1760932800000, "2.6640000", "2.6990000", "2.6560000", "2.6780000", "526238", 1760936399999, "1408242.0060000", 12277, "250050", "669282.7120000", "0"], [1760936400000, "2.6780000", "2.7640000", "2.6570000", "2.7530000", "445151", 1760939999999, "1208346.8412000", 11793, "213542", "579625.1822000", "0"], [1760940000000, "2.7520000", "2.8690000", "2.7470000", "2.8650000", "517987", 1760943599999, "1454456.3351000", 13460, "227460", "639126.3061000", "0"], [1760943600000, "2.8660000", "2.8760000", "2.7610000", "2.7710000", "625266", 1760947199999, "1757251.2990000", 14101, "198349", "558101.9840000", "0"], [1760947200000, "2.7710000", "2.8060000", "2.7590000", "2.7710000", "350053", 1760950799999, "971849.8022000", 9215, "145617", "404362.1300000", "0"], [1760950800000, "2.7710000", "2.7890000", "2.7330000", "2.7500000", "348513", 1760954399999, "961863.7280000", 7946, "141552", "390884.7440000", "0"], [1760954400000, "2.7500000", "2.7640000", "2.7050000", "2.7310000", "359561", 1760957999999, "983961.0030000", 8044, "167404", "458337.6490000", "0"], [1760958000000, "2.7310000", "2.7440000", "2.7080000", "2.7250000", "254431", 1760961599999, "692998.5020000", 6630, "133835", "364642.9170000", "0"], [1760961600000, "2.7240000", "2.7670000", "2.7120000", "2.7270000", "315121", 1760965199999, "864106.3930000", 6791, "166977", "458046.7520000", "0"], [1760965200000, "2.7270000", "2.7700000", "2.7080000", "2.7510000", "258789", 1760968799999, "708536.9340000", 6617, "135508", "371169.2900000", "0"], [1760968800000, "2.7520000", "2.7550000", "2.6840000", "2.7130000", "295089", 1760972399999, "801358.2880000", 7811, "124623", "338544.1070000", "0"], [1760972400000, "2.7130000", "2.7240000", "2.6710000", "2.6880000", "289983", 1760975999999, "782474.5910000", 8438, "130914", "353289.9280000", "0"], [1760976000000, "2.6870000", "2.6990000", "2.6230000", "2.6670000", "696512", 1760979599999, "1853125.5470000", 15524, "360078", "958208.6950000", "0"], [1760979600000, "2.6670000", "2.6880000", "2.6080000", "2.6310000", "375358", 1760983199999, "989781.3570000", 8274, "180661", "476726.1060000", "0"], [1760983200000, "2.6310000", "2.7410000", "2.6180000", "2.7010000", "542691", 1760986799999, "1453054.5650000", 11589, "292195", "781539.0410000", "0"], [1760986800000, "2.7000000", "2.7360000", "2.6800000", "2.7330000", "245596", 1760990399999, "663611.8430000", 7818, "127950", "345864.0230000", "0"], [1760990400000, "2.7340000", "2.7480000", "2.7070000", "2.7390000", "260485", 1760993999999, "710086.0340000", 7788, "125973", "343429.3300000", "0"], [1760994000000, "2.7390000", "2.7670000", "2.7270000", "2.7630000", "148118", 1760997599999, "406202.7252000", 4568, "69152", "189650.6422000", "0"], [1760997600000, "2.7630000", "2.8130000", "2.7480000", "2.8110000", "264580", 1761001199999, "737823.3550000", 8426, "125609", "350523.6750000", "0"], [1761001200000, "2.8120000", "2.8490000", "2.7970000", "2.8180000", "249631", 1761004799999, "704810.0420000", 8140, "103855", "293396.2480000", "0"], [1761004800000, "2.8200000", "2.8540000", "2.7970000", "2.8500000", "321849", 1761008399999, "908026.8511000", 10053, "142804", "403147.3591000", "0"], [1761008400000, "2.8500000", "2.8900000", "2.8340000", "2.8390000", "484074", 1761011999999, "1385673.5700000", 13775, "263039", "753190.9670000", "0"], [1761012000000, "2.8390000", "2.8600000", "2.7900000", "2.7990000", "506674", 1761015599999, "1427679.9360000", 15131, "197928", "558006.8680000", "0"], [1761015600000, "2.8000000", "2.8190000", "2.7770000", "2.8100000", "265559", 1761019199999, "742846.3530000", 11622, "113762", "318372.6570000", "0"], [1761019200000, "2.8100000", "2.8210000", "2.7300000", "2.7450000", "541902", 1761022799999, "1500246.0752000", 16348, "245201", "678985.8600000", "0"], [1761022800000, "2.7460000", "2.7830000", "2.7030000", "2.7390000", "437652", 1761026399999, "1199428.7810000", 13059, "208728", "572447.6020000", "0"], [1761026400000, "2.7420000", "2.7560000", "2.7220000", "2.7330000", "257755", 1761029999999, "706427.7850000", 8827, "140402", "384789.4580000", "0"], [1761030000000, "2.7320000", "2.8170000", "2.7200000", "2.8090000", "302722", 1761033599999, "840039.8670000", 8954, "170386", "472602.5780000", "0"], [1761033600000, "2.8090000", "2.8360000", "2.7620000", "2.8200000", "333810", 1761037199999, "935514.7090000", 9288, "166949", "468086.6980000", "0"], [1761037200000, "2.8190000", "2.9110000", "2.7760000", "2.8840000", "479189", 1761040799999, "1363239.0471000", 13903, "255128", "727347.6401000", "0"], [1761040800000, "2.8850000", "3.0300000", "2.8750000", "3.0250000", "1006834", 1761044399999, "2970688.5737000", 25633, "507627", "1497984.0637000", "0"], [1761044400000, "3.0250000", "3.1330000", "2.9740000", "3.1120000", "1378688", 1761047999999, "4221568.2186000", 36356, "699254", "2141399.0906000", "0"], [1761048000000, "3.1120000", "3.1960000", "3.0400000", "3.1810000", "1202888", 1761051599999, "3737231.8418000", 31460, "576930", "1793442.8088000", "0"], [1761051600000, "3.1790000", "3.1900000", "3.0400000", "3.1210000", "1274855", 1761055199999, "3971601.3190000", 34288, "612326", "1908688.2050000", "0"], [1761055200000, "3.1220000", "3.1810000", "3.0810000", "3.1400000", "948616", 1761058799999, "2963983.3850000", 22407, "447440", "1398746.3640000", "0"], [1761058800000, "3.1390000", "3.1960000", "3.1010000", "3.1340000", "887682", 1761062399999, "2792501.9740000", 20592, "429673", "1351453.7380000", "0"], [1761062400000, "3.1350000", "3.2390000", "3.0740000", "3.0920000", "1210709", 1761065999999, "3845812.9240000", 27042, "591308", "1880224.6960000", "0"], [1761066000000, "3.0920000", "3.1360000", "2.7530000", "3.0250000", "1641802", 1761069599999, "4878710.0222000", 36069, "757913", "2258302.9885000", "0"], [1761069600000, "3.0250000", "3.0670000", "2.9130000", "2.9830000", "504218", 1761073199999, "1516428.4453000", 16266, "223459", "673129.0526000", "0"], [1761073200000, "2.9830000", "3.0350000", "2.9720000", "3.0020000", "340533", 1761076799999, "1022811.1670000", 10683, "166473", "500384.7210000", "0"], [1761076800000, "3.0010000", "3.0100000", "2.9300000", "3.0010000", "327464", 1761080399999, "973151.9240000", 9616, "142685", "424200.9930000", "0"], [1761080400000, "2.9990000", "3.1430000", "2.9970000", "3.0940000", "711438", 1761083999999, "2194288.7444000", 16441, "388960", "1199356.0624000", "0"], [1761084000000, "3.0940000", "3.1010000", "3.0240000", "3.0500000", "103357", 1761087599999, "316102.2686000", 3535, "41641", "127428.1430000", "0"]]}