{"_ts": 1761074090.574682, "data": [[1760904000000, "0.1477000", "0.1480000", "0.1471000", "0.1478000", "439827", 1760907599999, "64890.9488000", 759, "213063", "31440.0632000", "0"], [1760907600000, "0.1478000", "0.1479000", "0.1466000", "0.1470000", "442529", 1760911199999, "65127.4238000", 830, "238657", "35119.9208000", "0"], [1760911200000, "0.1471000", "0.1474000", "0.1466000", "0.1467000", "688419", 1760914799999, "101232.8256000", 1158, "330584", "48627.2766000", "0"], [1760914800000, "0.1467000", "0.1467000", "0.1451000", "0.1454000", "469785", 1760918399999, "68513.2378000", 897, "193603", "28234.8709000", "0"], [1760918400000, "0.1455000", "0.1455000", "0.1427000", "0.1444000", "1349729", 1760921999999, "194237.5814000", 1887, "718275", "103293.6843000", "0"], [1760922000000, "0.1444000", "0.1449000", "0.1434000", "0.1439000", "858068", 1760925599999, "123680.8221000", 1167, "446468", "64357.9213000", "0"], [1760925600000, "0.1439000", "0.1449000", "0.1430000", "0.1444000", "588632", 1760929199999, "84734.4611000", 1158, "305107", "43941.4487000", "0"], [1760929200000, "0.1445000", "0.1483000", "0.1438000", "0.1477000", "1539516", 1760932799999, "224824.1798000", 2094, "762611", "111263.3365000", "0"], [1760932800000, "0.1478000", "0.1483000", "0.1469000", "0.1477000", "1160961", 1760936399999, "171205.9963000", 1706, "619614", "91388.2841000", "0"], [1760936400000, "0.1475000", "0.1481000", "0.1467000", "0.1479000", "1074918", 1760939999999, "158325.0823000", 1279, "563349", "82988.0472000", "0"], [1760940000000, "0.1479000", "0.1499000", "0.1477000", "0.1495000", "1192087", 1760943599999, "177583.1735000", 1465, "680340", "101355.0928000", "0"], [1760943600000, "0.1495000", "0.1503000", "0.1486000", "0.1495000", "892261", 1760947199999, "133328.2215000", 1063, "497040", "74271.9515000", "0"], [1760947200000, "0.1494000", "0.1502000", "0.1486000", "0.1488000", "912393", 1760950799999, "135996.6846000", 1121, "407323", "60734.8219000", "0"], [1760950800000, "0.1489000", "0.1495000", "0.1484000", "0.1493000", "597441", 1760954399999, "88963.0364000", 951, "315281", "46964.3101000", "0"], [1760954400000, "0.1492000", "0.1509000", "0.1491000", "0.1496000", "1363806", 1760957999999, "204470.0292000", 1496, "696061", "104302.2826000", "0"], [1760958000000, "0.1497000", "0.1502000", "0.1493000", "0.1502000", "612741", 1760961599999, "91725.2888000", 917, "305381", "45728.9221000", "0"], [1760961600000, "0.1501000", "0.1502000", "0.1492000", "0.1498000", "609030", 1760965199999, "91153.3257000", 935, "253159", "37898.9962000", "0"], [1760965200000, "0.1498000", "0.1514000", "0.1495000", "0.1511000", "990512", 1760968799999, "149038.2756000", 1371, "598105", "89985.2304000", "0"], [1760968800000, "0.1512000", "0.1514000", "0.1496000", "0.1506000", "1026519", 1760972399999, "154672.4126000", 1266, "515066", "77643.4330000", "0"], [1760972400000, "0.1506000", "0.1508000", "0.1486000", "0.1486000", "993091", 1760975999999, "148832.9779000", 1383, "435017", "65206.6005000", "0"], [1760976000000, "0.1486000", "0.1490000", "0.1458000", "0.1478000", "2648059", 1760979599999, "390854.4745000", 3076, "1363499", "201259.1257000", "0"], [1760979600000, "0.1477000", "0.1488000", "0.1469000", "0.1480000", "1047182", 1760983199999, "154889.4595000", 1396, "561025", "83022.9207000", "0"], [1760983200000, "0.1479000", "0.1485000", "0.1473000", "0.1484000", "510809", 1760986799999, "75523.8514000", 885, "243201", "35969.5671000", "0"], [1760986800000, "0.1484000", "0.1507000", "0.1481000", "0.1503000", "1148534", 1760990399999, "171549.8222000", 1354, "521003", "77886.2075000", "0"], [1760990400000, "0.1502000", "0.1507000", "0.1494000", "0.1506000", "1119983", 1760993999999, "167902.5761000", 1542, "401667", "60237.7870000", "0"], [1760994000000, "0.1506000", "0.1544000", "0.1504000", "0.1514000", "3237437", 1760997599999, "492784.4643000", 3422, "1582580", "240891.7620000", "0"], [1760997600000, "0.1514000", "0.1516000", "0.1502000", "0.1503000", "1081707", 1761001199999, "163324.2020000", 1417, "427753", "64595.1085000", "0"], [1761001200000, "0.1503000", "0.1507000", "0.1496000", "0.1500000", "669374", 1761004799999, "100441.0857000", 1283, "284709", "42737.2751000", "0"], [1761004800000, "0.1500000", "0.1518000", "0.1497000", "0.1510000", "1779760", 1761008399999, "268299.7155000", 2474, "953988", "143843.6431000", "0"], [1761008400000, "0.1510000", "0.1523000", "0.1502000", "0.1512000", "2031303", 1761011999999, "307328.3886000", 2603, "995675", "150668.2949000", "0"], [1761012000000, "0.1513000", "0.1543000", "0.1510000", "0.1526000", "5375995", 1761015599999, "820717.9593000", 5118, "2797902", "427393.0538000", "0"], [1761015600000, "0.1525000", "0.1556000", "0.1519000", "0.1541000", "8962349", 1761019199999, "1381911.7384000", 8675, "4510021", "695590.1429000", "0"], [1761019200000, "0.1541000", "0.1545000", "0.1466000", "0.1471000", "6291011", 1761022799999, "947882.4649000", 6897, "2861408", "431569.1312000", "0"], [1761022800000, "0.1471000", "0.1479000", "0.1439000", "0.1441000", "4134535", 1761026399999, "602963.7873000", 4676, "1977023", "288343.4897000", "0"], [1761026400000, "0.1442000", "0.1455000", "0.1429000", "0.1443000", "3327354", 1761029999999, "479326.1122000", 3150, "1550932", "223663.0992000", "0"], [1761030000000, "0.1443000", "0.1462000", "0.1435000", "0.1459000", "1427173", 1761033599999, "206735.0128000", 2146, "688734", "99777.6717000", "0"], [1761033600000, "0.1460000", "0.1460000", "0.1438000", "0.1451000", "1403115", 1761037199999, "203020.0601000", 1937, "652290", "94394.5283000", "0"], [1761037200000, "0.1450000", "0.1450000", "0.1439000", "0.1443000", "1217636", 1761040799999, "175724.7779000", 1911, "618292", "89221.7971000", "0"], [1761040800000, "0.1443000", "0.1465000", "0.1437000", "0.1458000", "1655810", 1761044399999, "240141.7841000", 2376, "835241", "121151.1010000", "0"], [1761044400000, "0.1458000", "0.1462000", "0.1449000", "0.1457000", "1274196", 1761047999999, "185496.6452000", 1714, "641452", "93423.8811000", "0"], [1761048000000, "0.1458000", "0.1479000", "0.1452000", "0.1459000", "2004408", 1761051599999, "294055.2345000", 2592, "1006567", "147729.3345000", "0"], [1761051600000, "0.1460000", "0.1490000", "0.1450000", "0.1473000", "2838922", 1761055199999, "417739.6230000", 3440, "1550317", "228139.7085000", "0"], [1761055200000, "0.1474000", "0.1550000", "0.1471000", "0.1547000", "4073550", 1761058799999, "616119.8302000", 4684, "2061920", "311568.8297000", "0"], [1761058800000, "0.1548000", "0.1616000", "0.1537000", "0.1596000", "9283333", 1761062399999, "1477744.5436000", 8939, "4389136", "698709.6925000", "0"], [1761062400000, "0.1597000", "0.1613000", "0.1560000", "0.1566000", "4146542", 1761065999999, "659945.5715000", 4706, "1844538", "293764.3838000", "0"], [1761066000000, "0.1567000", "0.1580000", "0.1549000", "0.1558000", "2434737", 1761069599999, "381144.3298000", 3538, "1209993", "189468.6882000", "0"], [1761069600000, "0.1559000", "0.1566000", "0.1540000", "0.1546000", "1271873", 1761073199999, "197234.5587000", 2090, "525393", "81534.4491000", "0"], [1761073200000, "0.1546000", "0.1552000", "0.1544000", "0.1551000", "372112", 1761076799999, "57604.0553000", 498, "194332", "30094.8574000", "0"]]}