{"_ts": 1761085313.796314, "data": [[1760914800000, "0.268900", "0.268900", "0.266000", "0.266100", "147835.0", 1760918399999, "39558.0769900", 1038, "60276.0", "16119.0373700", "0"], [1760918400000, "0.266100", "0.266400", "0.260900", "0.263600", "407414.9", 1760921999999, "107316.1100100", 2176, "191985.8", "50536.7913200", "0"], [1760922000000, "0.263700", "0.265800", "0.263000", "0.265800", "198275.5", 1760925599999, "52461.7553300", 875, "122862.0", "32518.1573000", "0"], [1760925600000, "0.265700", "0.267100", "0.263700", "0.266000", "216038.1", 1760929199999, "57381.6805000", 1220, "90177.8", "23965.1640100", "0"], [1760929200000, "0.265800", "0.269800", "0.263700", "0.269200", "468214.7", 1760932799999, "124720.5042900", 2041, "208292.1", "55659.6559400", "0"], [1760932800000, "0.269400", "0.271400", "0.267300", "0.269100", "733738.1", 1760936399999, "197889.8540400", 2695, "389444.7", "105054.7546100", "0"], [1760936400000, "0.269100", "0.269500", "0.267700", "0.269300", "231189.8", 1760939999999, "62126.0724300", 1158, "104689.0", "28147.6961400", "0"], [1760940000000, "0.269400", "0.272000", "0.269100", "0.270400", "338490.6", 1760943599999, "91656.2649800", 1289, "191181.7", "51795.7519200", "0"], [1760943600000, "0.270200", "0.271800", "0.269100", "0.270600", "354613.1", 1760947199999, "95962.7456100", 1437, "181906.5", "49278.0354700", "0"], [1760947200000, "0.271000", "0.272500", "0.269800", "0.270300", "372368.7", 1760950799999, "100985.9209000", 1239, "135493.8", "36772.8505700", "0"], [1760950800000, "0.270400", "0.270700", "0.268700", "0.270300", "229983.4", 1760954399999, "62071.5772200", 992, "89898.6", "24259.6348900", "0"], [1760954400000, "0.270400", "0.271800", "0.266600", "0.269100", "604735.8", 1760957999999, "163219.7657100", 1889, "278336.6", "75087.8597100", "0"], [1760958000000, "0.268900", "0.269700", "0.267100", "0.268100", "370318.7", 1760961599999, "99332.4054800", 1338, "151410.3", "40621.6182200", "0"], [1760961600000, "0.268200", "0.294900", "0.267300", "0.288600", "14621830.6", 1760965199999, "4117541.9767900", 37523, "7712239.6", "2169592.9303800", "0"], [1760965200000, "0.288800", "0.297000", "0.285700", "0.287500", "5889483.8", 1760968799999, "1717875.1898500", 19304, "2874447.2", "838891.2078700", "0"], [1760968800000, "0.287600", "0.288400", "0.280800", "0.282700", "1698179.4", 1760972399999, "482511.2666500", 6353, "880344.4", "250258.7692100", "0"], [1760972400000, "0.282800", "0.285400", "0.281400", "0.282100", "1126645.4", 1760975999999, "319267.0943600", 3600, "566561.8", "160636.6687700", "0"], [1760976000000, "0.281900", "0.282000", "0.262200", "0.269100", "5796920.8", 1760979599999, "1565258.9209200", 12067, "2314229.5", "625959.9612400", "0"], [1760979600000, "0.269300", "0.273000", "0.267800", "0.269700", "1758264.7", 1760983199999, "474621.9043700", 4729, "954031.6", "257582.5842300", "0"], [1760983200000, "0.269500", "0.271500", "0.268900", "0.271100", "601016.1", 1760986799999, "162367.7217100", 2334, "343790.6", "92888.4227200", "0"], [1760986800000, "0.271000", "0.293200", "0.270200", "0.286300", "5635389.7", 1760990399999, "1600035.0664600", 15767, "3097264.0", "876380.8012200", "0"], [1760990400000, "0.286200", "0.296100", "0.281400", "0.295700", "3667927.9", 1760993999999, "1058049.2877800", 11142, "1966627.1", "567741.6338700", "0"], [1760994000000, "0.295500", "0.297500", "0.287900", "0.288900", "3539214.5", 1760997599999, "1040506.4003600", 11685, "1600594.5", "471411.0749200", "0"], [1760997600000, "0.288900", "0.293700", "0.285200", "0.290800", "1744688.2", 1761001199999, "504936.1207600", 5616, "807490.5", "233495.3942800", "0"], [1761001200000, "0.290800", "0.290900", "0.284900", "0.288900", "1670745.4", 1761004799999, "480534.9533700", 5191, "747502.9", "215062.7096500", "0"], [1761004800000, "0.288800", "0.291300", "0.285800", "0.290500", "679012.5", 1761008399999, "195936.7302400", 3560, "318947.9", "92030.6831100", "0"], [1761008400000, "0.290100", "0.295800", "0.287400", "0.291000", "1460540.9", 1761011999999, "426734.4518800", 4724, "691140.0", "202000.6960400", "0"], [1761012000000, "0.290900", "0.290900", "0.286400", "0.289600", "921247.7", 1761015599999, "266126.6327400", 3120, "416472.8", "120357.8939100", "0"], [1761015600000, "0.289700", "0.293400", "0.283000", "0.285600", "1067340.7", 1761019199999, "306130.8485900", 3660, "380829.5", "109445.1916500", "0"], [1761019200000, "0.285600", "0.291400", "0.277800", "0.284700", "2916691.9", 1761022799999, "829429.5889600", 8089, "1428378.6", "406240.1478400", "0"], [1761022800000, "0.284600", "0.292300", "0.281700", "0.290300", "2019248.3", 1761026399999, "578443.1750200", 5780, "920068.0", "263471.1635200", "0"], [1761026400000, "0.290200", "0.302900", "0.281700", "0.287800", "14779960.2", 1761029999999, "4339414.8649100", 40784, "6968474.6", "2046348.6008300", "0"], [1761030000000, "0.287900", "0.287900", "0.268800", "0.274700", "6152857.5", 1761033599999, "1700897.9610500", 15124, "2916634.8", "806408.4416300", "0"], [1761033600000, "0.274700", "0.277500", "0.256000", "0.266300", "9584485.2", 1761037199999, "2538276.1242800", 18133, "4446143.9", "1177674.1017200", "0"], [1761037200000, "0.266100", "0.266900", "0.263800", "0.264500", "1085033.9", 1761040799999, "287748.5027300", 3543, "533995.3", "141689.7214800", "0"], [1761040800000, "0.264400", "0.269900", "0.262200", "0.267000", "1719653.8", 1761044399999, "456242.0004900", 4986, "815472.0", "216722.5483000", "0"], [1761044400000, "0.266900", "0.270400", "0.265600", "0.269400", "764212.3", 1761047999999, "204547.0390100", 3021, "354847.6", "94978.0695100", "0"], [1761048000000, "0.269100", "0.275100", "0.266300", "0.271700", "2410474.4", 1761051599999, "655190.1603600", 5788, "1191838.6", "324055.3000400", "0"], [1761051600000, "0.271800", "0.274400", "0.265100", "0.267700", "2707386.0", 1761055199999, "731041.3898200", 6025, "1086243.4", "293408.0401200", "0"], [1761055200000, "0.267800", "0.279900", "0.267800", "0.278900", "1907836.8", 1761058799999, "522958.5604900", 5139, "1004667.9", "275414.9498100", "0"], [1761058800000, "0.279000", "0.284700", "0.276500", "0.283300", "2524257.8", 1761062399999, "710414.4854800", 5565, "1101763.7", "310407.8426400", "0"], [1761062400000, "0.283300", "0.288900", "0.282100", "0.283200", "2684097.9", 1761065999999, "766304.4255400", 6571, "1225642.7", "350012.8269100", "0"], [1761066000000, "0.283500", "0.287400", "0.281000", "0.285600", "1767186.0", 1761069599999, "501970.7387800", 4995, "687863.5", "195559.8609700", "0"], [1761069600000, "0.285300", "0.291600", "0.282700", "0.290300", "1136072.8", 1761073199999, "325382.1342700", 4083, "502629.4", "143998.8915900", "0"], [1761073200000, "0.290200", "0.290800", "0.284400", "0.284400", "1023807.2", 1761076799999, "294128.0593400", 3326, "393392.1", "112954.1681400", "0"], [1761076800000, "0.284500", "0.285400", "0.279700", "0.283800", "1513986.9", 1761080399999, "427518.6002100", 4528, "677559.4", "191330.6681800", "0"], [1761080400000, "0.283700", "0.285000", "0.279100", "0.282200", "831722.4", 1761083999999, "234704.9070900", 2911, "311236.9", "87984.3650700", "0"], [1761084000000, "0.282200", "0.282600", "0.280100", "0.280300", "238582.1", 1761087599999, "67116.4052100", 1082, "102383.2", "28807.3586000", "0"]]}