{"_ts": 1761073979.3550966, "data": [[1760904000000, "0.0211000", "0.0217500", "0.0206600", "0.0213000", "87598303", 1760907599999, "1855455.5127200", 16609, "42726210", "905434.0070000", "0"], [1760907600000, "0.0213200", "0.0218900", "0.0210200", "0.0217000", "66722981", 1760911199999, "1434441.0183000", 12674, "34937078", "750865.0229300", "0"], [1760911200000, "0.0217000", "0.0220200", "0.0214000", "0.0215900", "42195921", 1760914799999, "915735.5372100", 9042, "20484261", "444568.4182200", "0"], [1760914800000, "0.0215900", "0.0220000", "0.0213700", "0.0217400", "31388560", 1760918399999, "681022.8786800", 7665, "16245293", "352523.1648700", "0"], [1760918400000, "0.0217500", "0.0222300", "0.0211200", "0.0213900", "72103848", 1760921999999, "1563666.3841700", 15172, "34693004", "753085.9835600", "0"], [1760922000000, "0.0213900", "0.0220500", "0.0213500", "0.0215900", "22845050", 1760925599999, "494860.8946500", 6235, "10707683", "231889.8594900", "0"], [1760925600000, "0.0215900", "0.0220000", "0.0214800", "0.0215500", "29039763", 1760929199999, "630263.3040800", 7046, "13104792", "284492.9465200", "0"], [1760929200000, "0.0215600", "0.0223900", "0.0215200", "0.0220800", "30753056", 1760932799999, "675871.0569000", 7036, "13256615", "291084.5611500", "0"], [1760932800000, "0.0220800", "0.0229000", "0.0220700", "0.0228400", "42268036", 1760936399999, "950277.2544200", 8477, "22554414", "507578.2799200", "0"], [1760936400000, "0.0228200", "0.0229000", "0.0220600", "0.0220800", "46272812", 1760939999999, "1037716.8998100", 9760, "18099871", "406218.6034600", "0"], [1760940000000, "0.0220900", "0.0222500", "0.0215400", "0.0217300", "41915393", 1760943599999, "918651.0131900", 8560, "19215685", "421894.1098800", "0"], [1760943600000, "0.0217400", "0.0219300", "0.0213300", "0.0216800", "23495797", 1760947199999, "510037.0847800", 5830, "11425804", "248305.7165300", "0"], [1760947200000, "0.0216700", "0.0224100", "0.0215600", "0.0220700", "44683636", 1760950799999, "983972.5691600", 9510, "25283406", "556973.0013000", "0"], [1760950800000, "0.0220700", "0.0223600", "0.0219500", "0.0222600", "14224712", 1760954399999, "315443.6830400", 4983, "6785618", "150415.0226500", "0"], [1760954400000, "0.0222700", "0.0225100", "0.0220200", "0.0222300", "20865123", 1760957999999, "464428.3855800", 5694, "10080232", "224453.9489100", "0"], [1760958000000, "0.0222300", "0.0227500", "0.0221500", "0.0227400", "24398479", 1760961599999, "549478.2485600", 6151, "12321129", "277621.7207400", "0"], [1760961600000, "0.0227300", "0.0230400", "0.0213300", "0.0218000", "110370170", 1760965199999, "2425341.1731200", 20148, "47935907", "1055109.1608100", "0"], [1760965200000, "0.0218000", "0.0218600", "0.0215300", "0.0217000", "16872107", 1760968799999, "366414.5835900", 8150, "7904307", "171794.4344900", "0"], [1760968800000, "0.0217000", "0.0218600", "0.0214700", "0.0217000", "15655521", 1760972399999, "339420.6707600", 7235, "7661774", "166141.8750600", "0"], [1760972400000, "0.0217000", "0.0218100", "0.0215300", "0.0215700", "12731614", 1760975999999, "275304.0550700", 4558, "6748924", "145938.5347500", "0"], [1760976000000, "0.0215800", "0.0215800", "0.0208300", "0.0210700", "44213145", 1760979599999, "935011.9517300", 8495, "17914312", "378986.0004700", "0"], [1760979600000, "0.0210600", "0.0221400", "0.0210600", "0.0217900", "41368101", 1760983199999, "895522.0068200", 8822, "22923443", "496049.2523400", "0"], [1760983200000, "0.0217900", "0.0226800", "0.0215100", "0.0223100", "61515732", 1760986799999, "1360597.7677100", 14714, "32267231", "713732.9992600", "0"], [1760986800000, "0.0223200", "0.0223200", "0.0214600", "0.0216400", "29178231", 1760990399999, "636605.6305900", 7702, "12536554", "273906.7397900", "0"], [1760990400000, "0.0216500", "0.0236000", "0.0215300", "0.0223000", "147437094", 1760993999999, "3320458.6401700", 35781, "77049255", "1739127.1002100", "0"], [1760994000000, "0.0223200", "0.0223300", "0.0217000", "0.0219400", "36151444", 1760997599999, "793576.7095300", 9301, "17430195", "382798.9312200", "0"], [1760997600000, "0.0219300", "0.0226500", "0.0218700", "0.0221600", "35382723", 1761001199999, "789593.3621900", 9003, "19488653", "435081.2746000", "0"], [1761001200000, "0.0221500", "0.0224000", "0.0219900", "0.0221400", "10540496", 1761004799999, "234365.3258100", 4055, "4958372", "110357.3352800", "0"], [1761004800000, "0.0221400", "0.0226200", "0.0219800", "0.0223900", "15570325", 1761008399999, "347264.9302600", 5516, "8485649", "189430.8223200", "0"], [1761008400000, "0.0223900", "0.0224300", "0.0219500", "0.0221000", "10552476", 1761011999999, "234012.3595100", 5625, "4797820", "106412.7580500", "0"], [1761012000000, "0.0220900", "0.0223400", "0.0217600", "0.0223000", "11983033", 1761015599999, "263816.3024000", 4901, "6042256", "133126.0652200", "0"], [1761015600000, "0.0223000", "0.0228400", "0.0222800", "0.0226700", "24183927", 1761019199999, "546075.3633300", 7857, "12334164", "278367.8562500", "0"], [1761019200000, "0.0226600", "0.0229000", "0.0221700", "0.0222600", "43853132", 1761022799999, "987093.2000300", 14116, "20864385", "469962.9831900", "0"], [1761022800000, "0.0222700", "0.0233900", "0.0215800", "0.0230700", "84574784", 1761026399999, "1926784.6507300", 22273, "45082791", "1030662.6015700", "0"], [1761026400000, "0.0230600", "0.0237800", "0.0230100", "0.0233500", "80598221", 1761029999999, "1890701.5177800", 21305, "43205035", "1014373.1979800", "0"], [1761030000000, "0.0233700", "0.0235700", "0.0227700", "0.0235300", "64755887", 1761033599999, "1503283.0300900", 17069, "29443911", "683994.0584300", "0"], [1761033600000, "0.0235300", "0.0245700", "0.0222300", "0.0226000", "149650909", 1761037199999, "3506159.7024700", 34672, "74037318", "1738230.7634600", "0"], [1761037200000, "0.0225900", "0.0234200", "0.0216000", "0.0220600", "282241265", 1761040799999, "6340988.1353700", 55256, "131980891", "2968889.2620300", "0"], [1761040800000, "0.0220700", "0.0228400", "0.0212300", "0.0217600", "251819668", 1761044399999, "5488629.7182600", 48722, "118799754", "2595317.8777300", "0"], [1761044400000, "0.0217500", "0.0221500", "0.0214300", "0.0218800", "63902195", 1761047999999, "1391348.9923000", 14043, "31832187", "693626.7656400", "0"], [1761048000000, "0.0218700", "0.0224900", "0.0217600", "0.0224900", "33304324", 1761051599999, "737864.4233900", 7398, "17324797", "384227.2438600", "0"], [1761051600000, "0.0224700", "0.0228400", "0.0221000", "0.0221700", "42494254", 1761055199999, "954971.4061900", 10141, "19244797", "432684.6119700", "0"], [1761055200000, "0.0221800", "0.0229300", "0.0219700", "0.0229100", "27220215", 1761058799999, "611951.0671600", 7224, "13745860", "309191.3972700", "0"], [1761058800000, "0.0229100", "0.0236700", "0.0227500", "0.0232300", "43264473", 1761062399999, "1005510.3471200", 9858, "20863818", "484847.1433900", "0"], [1761062400000, "0.0232100", "0.0234500", "0.0228300", "0.0229200", "30577438", 1761065999999, "710019.3521300", 6618, "15067666", "350088.1925000", "0"], [1761066000000, "0.0229300", "0.0231900", "0.0226500", "0.0229600", "35599391", 1761069599999, "817184.8517100", 6448, "13347815", "306385.3680700", "0"], [1761069600000, "0.0229500", "0.0230200", "0.0226700", "0.0228400", "12595651", 1761073199999, "287575.3067600", 3575, "6248515", "142709.3103300", "0"], [1761073200000, "0.0228300", "0.0228700", "0.0227100", "0.0227500", "1954317", 1761076799999, "44505.9436600", 566, "971792", "22130.5575200", "0"]]}