{"_ts": 1761074704.3264213, "data": [[1759305600000, "0.0507000", "0.0507000", "0.0300700", "0.0419800", "3516962074", 1759319999999, "147196330.9947000", 1000056, "1777017169", "74441246.0915300", "0"], [1759320000000, "0.0419800", "0.0458400", "0.0372900", "0.0439300", "1602186490", 1759334399999, "66826273.8408600", 568206, "797255324", "33275676.1054400", "0"], [1759334400000, "0.0439300", "0.0448500", "0.0402000", "0.0410700", "722065804", 1759348799999, "30159394.4089600", 258851, "365303184", "15261386.1809800", "0"], [1759348800000, "0.0410700", "0.0424100", "0.0390800", "0.0397500", "351616959", 1759363199999, "14379066.9610500", 144957, "173127392", "7088071.8005800", "0"], [1759363200000, "0.0397500", "0.0416100", "0.0382800", "0.0406200", "372124956", 1759377599999, "14809526.4103800", 139934, "190860743", "7604368.4452700", "0"], [1759377600000, "0.0406200", "0.0422700", "0.0377800", "0.0401400", "389410988", 1759391999999, "15519271.0683000", 136515, "193731567", "7724297.2230100", "0"], [1759392000000, "0.0401500", "0.0408600", "0.0392300", "0.0405500", "292885813", 1759406399999, "11750308.6851800", 104024, "144639024", "5802953.1383400", "0"], [1759406400000, "0.0405500", "0.0412900", "0.0381600", "0.0389800", "295856995", 1759420799999, "11619921.7305100", 103036, "146352743", "5752401.1413800", "0"], [1759420800000, "0.0389900", "0.0403400", "0.0378100", "0.0383500", "197241370", 1759435199999, "7730367.3596500", 98716, "90426635", "3545013.8505900", "0"], [1759435200000, "0.0383500", "0.0399600", "0.0377000", "0.0387400", "112106360", 1759449599999, "4370443.8822100", 59118, "53593709", "2088061.6061100", "0"], [1759449600000, "0.0387500", "0.0390200", "0.0346000", "0.0346600", "312239478", 1759463999999, "11427221.1610300", 135533, "143073531", "5243386.8463800", "0"], [1759464000000, "0.0346600", "0.0373600", "0.0346500", "0.0363700", "207754250", 1759478399999, "7545956.4369600", 94652, "109200210", "3967562.2922500", "0"], [1759478400000, "0.0363700", "0.0368300", "0.0352200", "0.0357400", "155001021", 1759492799999, "5575689.3895400", 59572, "74123494", "2668758.5449700", "0"], [1759492800000, "0.0357500", "0.0366700", "0.0350000", "0.0362500", "175704929", 1759507199999, "6272139.4717700", 61214, "87390776", "3121496.6217400", "0"], [1759507200000, "0.0362500", "0.0368500", "0.0357400", "0.0363900", "155370566", 1759521599999, "5647543.4823600", 62757, "75864991", "2758482.5108100", "0"], [1759521600000, "0.0363900", "0.0367400", "0.0352800", "0.0359100", "81327075", 1759535999999, "2931176.6531200", 31319, "39923669", "1439202.9671500", "0"], [1759536000000, "0.0359200", "0.0386200", "0.0356000", "0.0372200", "171560170", 1759550399999, "6341654.6292700", 71182, "90809841", "3359589.0301900", "0"], [1759550400000, "0.0372200", "0.0395800", "0.0364300", "0.0382700", "209067086", 1759564799999, "7937008.4456900", 95892, "97681468", "3705926.5318400", "0"], [1759564800000, "0.0382700", "0.0388700", "0.0354700", "0.0361800", "173042849", 1759579199999, "6442174.6241600", 67396, "81860759", "3046494.8823200", "0"], [1759579200000, "0.0361800", "0.0368800", "0.0342500", "0.0344100", "178022644", 1759593599999, "6329824.5651200", 57027, "85439819", "3041611.3653000", "0"], [1759593600000, "0.0344100", "0.0346400", "0.0334200", "0.0340700", "125723871", 1759607999999, "4270550.7728700", 42876, "59709520", "2029811.4491200", "0"], [1759608000000, "0.0340700", "0.0345600", "0.0338600", "0.0341000", "76328150", 1759622399999, "2608330.3463900", 22393, "36259158", "1239286.3931000", "0"], [1759622400000, "0.0341100", "0.0350100", "0.0337400", "0.0342200", "87128123", 1759636799999, "2999471.8335600", 29016, "39367553", "1354981.2203400", "0"], [1759636800000, "0.0342100", "0.0349400", "0.0340000", "0.0345400", "108804060", 1759651199999, "3740842.0706300", 38180, "54528618", "1874970.9182300", "0"], [1759651200000, "0.0345300", "0.0353200", "0.0340100", "0.0342500", "139284490", 1759665599999, "4829218.4987800", 52082, "67999463", "2358989.2246700", "0"], [1759665600000, "0.0342600", "0.0342900", "0.0322200", "0.0341400", "175106300", 1759679999999, "5869495.3195100", 65638, "75439564", "2531838.2045900", "0"], [1759680000000, "0.0341500", "0.0342200", "0.0326600", "0.0327500", "78336947", 1759694399999, "2623981.4209400", 30581, "35919170", "1203785.4081900", "0"], [1759694400000, "0.0327600", "0.0332100", "0.0326800", "0.0329700", "45060462", 1759708799999, "1483392.8905600", 18875, "22888178", "753666.9262800", "0"], [1759708800000, "0.0329800", "0.0333800", "0.0319200", "0.0324300", "95168552", 1759723199999, "3110222.4096100", 35161, "44186156", "1445755.3295600", "0"], [1759723200000, "0.0324200", "0.0330600", "0.0317300", "0.0321500", "95252692", 1759737599999, "3081585.1532500", 30493, "44508330", "1439965.5999900", "0"], [1759737600000, "0.0321500", "0.0324200", "0.0317100", "0.0320400", "87201816", 1759751999999, "2794622.9697700", 30953, "40331526", "1293278.1476200", "0"], [1759752000000, "0.0320400", "0.0334600", "0.0319200", "0.0331300", "102221224", 1759766399999, "3317870.0193800", 34323, "52249648", "1696633.4938700", "0"], [1759766400000, "0.0331300", "0.0334800", "0.0326500", "0.0331900", "64226223", 1759780799999, "2122401.0461300", 24971, "31403131", "1038279.2752600", "0"], [1759780800000, "0.0331900", "0.0337000", "0.0328500", "0.0330500", "68715979", 1759795199999, "2286739.9843900", 26750, "34290840", "1141444.2472100", "0"], [1759795200000, "0.0330500", "0.0338300", "0.0328200", "0.0335100", "63592476", 1759809599999, "2122654.9651700", 25681, "29453232", "983747.7527500", "0"], [1759809600000, "0.0335200", "0.0347500", "0.0320100", "0.0326200", "168905105", 1759823999999, "5639196.4493100", 64167, "78839537", "2634279.1312700", "0"], [1759824000000, "0.0326100", "0.0343000", "0.0319800", "0.0331200", "134741972", 1759838399999, "4453615.4510300", 56776, "62359929", "2061578.2250200", "0"], [1759838400000, "0.0331100", "0.0341800", "0.0320300", "0.0321800", "153678000", 1759852799999, "5083387.4647300", 58544, "73732046", "2441697.2838200", "0"], [1759852800000, "0.0321800", "0.0324700", "0.0308800", "0.0317800", "96831282", 1759867199999, "3088620.5449200", 38785, "43844132", "1400518.5971100", "0"], [1759867200000, "0.0317800", "0.0322600", "0.0309900", "0.0312700", "59783024", 1759881599999, "1881839.7164700", 21741, "25976822", "817670.7891100", "0"], [1759881600000, "0.0312600", "0.0317200", "0.0305200", "0.0310000", "73113350", 1759895999999, "2272625.7242200", 27813, "33273792", "1035257.1943500", "0"], [1759896000000, "0.0310200", "0.0315900", "0.0303200", "0.0309800", "89023595", 1759910399999, "2763337.5399200", 31036, "43094706", "1339727.5218700", "0"], [1759910400000, "0.0309700", "0.0315200", "0.0306200", "0.0311200", "85740768", 1759924799999, "2664333.0794500", 36077, "41911405", "1302419.0360900", "0"], [1759924800000, "0.0311200", "0.0317300", "0.0308000", "0.0310000", "83709468", 1759939199999, "2617286.8068500", 34931, "39138188", "1224690.1918400", "0"], [1759939200000, "0.0310100", "0.0318200", "0.0309700", "0.0311400", "72646309", 1759953599999, "2282431.6489500", 26284, "36174178", "1136298.3886100", "0"], [1759953600000, "0.0311500", "0.0313000", "0.0303400", "0.0306100", "67445047", 1759967999999, "2077938.7782300", 22563, "31559537", "972957.6583200", "0"], [1759968000000, "0.0306100", "0.0309800", "0.0287400", "0.0289700", "163459199", 1759982399999, "4877515.2540000", 45978, "70576236", "2110100.7836400", "0"], [1759982400000, "0.0289700", "0.0297900", "0.0287000", "0.0288600", "89489868", 1759996799999, "2613516.2988900", 35749, "44753989", "1307950.9588700", "0"], [1759996800000, "0.0288700", "0.0301500", "0.0280000", "0.0292000", "238522650", 1760011199999, "6932748.6783800", 61841, "117156809", "3409949.2127900", "0"], [1760011200000, "0.0292000", "0.0300200", "0.0285700", "0.0293600", "79478873", 1760025599999, "2332704.5688800", 35578, "40181417", "1180409.8237100", "0"], 