{"_ts": 1761078553.0894253, "data": [[1760907600000, "0.3487000", "0.3490000", "0.3453000", "0.3470000", "1144261", 1760911199999, "397463.7922000", 3919, "644253", "224024.7077000", "0"], [1760911200000, "0.3471000", "0.3524000", "0.3461000", "0.3500000", "1774290", 1760914799999, "620649.5204000", 5832, "895178", "312865.6233000", "0"], [1760914800000, "0.3500000", "0.3502000", "0.3392000", "0.3419000", "2130891", 1760918399999, "732558.4678000", 6611, "737058", "253701.3431000", "0"], [1760918400000, "0.3418000", "0.3421000", "0.3330000", "0.3370000", "2868573", 1760921999999, "968226.7896000", 9960, "1406318", "475001.5892000", "0"], [1760922000000, "0.3370000", "0.3403000", "0.3358000", "0.3374000", "1423174", 1760925599999, "480930.1409000", 5807, "758758", "256385.6485000", "0"], [1760925600000, "0.3374000", "0.3386000", "0.3326000", "0.3364000", "1534762", 1760929199999, "516169.5695000", 6232, "679510", "228651.3331000", "0"], [1760929200000, "0.3366000", "0.3481000", "0.3345000", "0.3471000", "2373724", 1760932799999, "809858.9462000", 7267, "1209311", "412580.7552000", "0"], [1760932800000, "0.3470000", "0.3493000", "0.3449000", "0.3460000", "2065922", 1760936399999, "716906.3692000", 7057, "989974", "343574.3930000", "0"], [1760936400000, "0.3461000", "0.3486000", "0.3432000", "0.3474000", "2356282", 1760939999999, "813859.2676000", 5830, "1043076", "360216.2418000", "0"], [1760940000000, "0.3473000", "0.3526000", "0.3456000", "0.3504000", "3234040", 1760943599999, "1129513.2764000", 7614, "1332893", "465646.0111000", "0"], [1760943600000, "0.3504000", "0.3504000", "0.3432000", "0.3454000", "1664052", 1760947199999, "577998.1747000", 6315, "621128", "215791.2437000", "0"], [1760947200000, "0.3454000", "0.3470000", "0.3400000", "0.3429000", "3238903", 1760950799999, "1113841.3124000", 9161, "1501520", "516778.1389000", "0"], [1760950800000, "0.3429000", "0.3449000", "0.3404000", "0.3436000", "1709202", 1760954399999, "585874.9653000", 5963, "994919", "340998.5981000", "0"], [1760954400000, "0.3436000", "0.3473000", "0.3391000", "0.3418000", "1554939", 1760957999999, "534476.9546000", 5636, "822096", "283270.0495000", "0"], [1760958000000, "0.3418000", "0.3438000", "0.3400000", "0.3432000", "925543", 1760961599999, "316021.8916000", 4694, "466756", "159400.3698000", "0"], [1760961600000, "0.3431000", "0.3468000", "0.3401000", "0.3459000", "2230067", 1760965199999, "766942.8559000", 6809, "1166389", "401551.7329000", "0"], [1760965200000, "0.3460000", "0.3578000", "0.3439000", "0.3540000", "3649278", 1760968799999, "1284992.9989000", 10753, "1959778", "689372.0833000", "0"], [1760968800000, "0.3541000", "0.3549000", "0.3463000", "0.3496000", "2692693", 1760972399999, "942088.1917000", 8900, "1208979", "422863.3606000", "0"], [1760972400000, "0.3497000", "0.3506000", "0.3435000", "0.3440000", "2612317", 1760975999999, "903421.7624000", 7020, "981663", "339746.6576000", "0"], [1760976000000, "0.3440000", "0.3470000", "0.3350000", "0.3413000", "3990674", 1760979599999, "1359508.0911000", 12354, "1910139", "651439.4460000", "0"], [1760979600000, "0.3414000", "0.3449000", "0.3374000", "0.3419000", "1177946", 1760983199999, "401063.0231000", 4938, "575723", "196037.8251000", "0"], [1760983200000, "0.3420000", "0.3435000", "0.3396000", "0.3433000", "807480", 1760986799999, "275844.2165000", 3897, "446479", "152485.2333000", "0"], [1760986800000, "0.3433000", "0.3566000", "0.3425000", "0.3561000", "1707064", 1760990399999, "598296.5942000", 6417, "895357", "313781.5613000", "0"], [1760990400000, "0.3560000", "0.3602000", "0.3521000", "0.3579000", "1969716", 1760993999999, "701746.0430000", 8288, "980156", "349547.5914000", "0"], [1760994000000, "0.3580000", "0.3769000", "0.3568000", "0.3634000", "6785745", 1760997599999, "2488171.7292000", 23008, "3280355", "1202254.7239000", "0"], [1760997600000, "0.3633000", "0.3672000", "0.3571000", "0.3656000", "3053250", 1761001199999, "1104081.9834000", 12176, "1755777", "635340.4000000", "0"], [1761001200000, "0.3655000", "0.3733000", "0.3646000", "0.3720000", "2778850", 1761004799999, "1023136.2132000", 11603, "1552814", "571755.9984000", "0"], [1761004800000, "0.3720000", "0.3878000", "0.3629000", "0.3735000", "11253233", 1761008399999, "4214879.8226000", 40968, "6099493", "2284959.6333000", "0"], [1761008400000, "0.3736000", "0.3847000", "0.3721000", "0.3827000", "7752808", 1761011999999, "2942817.7206000", 32024, "3745256", "1421775.4218000", "0"], [1761012000000, "0.3825000", "0.4051000", "0.3806000", "0.3946000", "32009618", 1761015599999, "12572211.8971000", 101898, "14490251", "5690495.1390000", "0"], [1761015600000, "0.3947000", "0.4090000", "0.3838000", "0.4051000", "24127169", 1761019199999, "9552377.9538000", 74532, "12476103", "4941520.7200000", "0"], [1761019200000, "0.4048000", "0.4053000", "0.3811000", "0.3865000", "24683013", 1761022799999, "9672606.2160000", 73345, "11661281", "4568191.5032000", "0"], [1761022800000, "0.3867000", "0.3897000", "0.3728000", "0.3864000", "17459560", 1761026399999, "6655212.8140000", 48273, "9337446", "3558712.1561000", "0"], [1761026400000, "0.3865000", "0.4068000", "0.3856000", "0.3929000", "25079554", 1761029999999, "9948437.3885000", 75299, "11987525", "4754987.5540000", "0"], [1761030000000, "0.3929000", "0.4120000", "0.3924000", "0.4053000", "35830309", 1761033599999, "14383342.4164000", 103040, "17754076", "7131904.5347000", "0"], [1761033600000, "0.4055000", "0.4134000", "0.3900000", "0.4096000", "31702486", 1761037199999, "12673655.0879000", 87512, "15489991", "6190920.6287000", "0"], [1761037200000, "0.4097000", "0.4232000", "0.3970000", "0.4105000", "33797419", 1761040799999, "13845701.1551000", 87399, "16778165", "6878835.8870000", "0"], [1761040800000, "0.4106000", "0.4126000", "0.3939000", "0.4037000", "22179740", 1761044399999, "8900600.3769000", 56936, "10756812", "4315780.3689000", "0"], [1761044400000, "0.4037000", "0.4084000", "0.3852000", "0.4033000", "31765415", 1761047999999, "12589662.7731000", 81565, "16502419", "6544976.6251000", "0"], [1761048000000, "0.4032000", "0.4033000", "0.3843000", "0.3896000", "23951352", 1761051599999, "9353776.5726000", 72789, "10705568", "4177164.0307000", "0"], [1761051600000, "0.3895000", "0.4052000", "0.3766000", "0.3787000", "20643815", 1761055199999, "8087539.0754000", 56973, "10234713", "4013661.6921000", "0"], [1761055200000, "0.3786000", "0.3931000", "0.3756000", "0.3917000", "15064938", 1761058799999, "5790627.0332000", 42201, "7598401", "2919950.1718000", "0"], [1761058800000, "0.3919000", "0.3976000", "0.3890000", "0.3945000", "12180186", 1761062399999, "4795389.3174000", 35233, "5657853", "2228034.6159000", "0"], [1761062400000, "0.3944000", "0.4100000", "0.3872000", "0.3903000", "20893019", 1761065999999, "8304470.4728000", 53867, "10019932", "3986082.0866000", "0"], [1761066000000, "0.3902000", "0.4021000", "0.3889000", "0.4012000", "9782904", 1761069599999, "3881221.3767000", 31400, "4825584", "1914213.2852000", "0"], [1761069600000, "0.4011000", "0.4077000", "0.3966000", "0.3972000", "12725528", 1761073199999, "5120111.6865000", 40570, "6217592", "2502065.0491000", "0"], [1761073200000, "0.3972000", "0.3982000", "0.3925000", "0.3972000", "6344558", 1761076799999, "2507912.1705000", 19411, "3636752", "1437989.0569000", "0"], [1761076800000, "0.3971000", "0.3971000", "0.3888000", "0.3905000", "3190491", 1761080399999, "1252381.4246000", 9779, "1496142", "587671.3349000", "0"]]}