{"_ts": 1761088465.0551863, "data": [[1760918400000, "4240.0500", "4245.9000", "4211.0000", "4244.2200", "3302.797", 1760921999999, "13959936.6108600", 24761, "1612.715", "6817587.9952400", "0"], [1760922000000, "4244.2300", "4261.0000", "4216.0000", "4257.5900", "3921.920", 1760925599999, "16613712.2891400", 24259, "2156.888", "9134047.9993000", "0"], [1760925600000, "4257.6000", "4271.6200", "4252.0000", "4253.3900", "1955.370", 1760929199999, "8332035.2837700", 18097, "840.966", "3583906.6365100", "0"], [1760929200000, "4253.3900", "4263.8300", "4248.3900", "4259.5700", "1354.340", 1760932799999, "5764043.7662500", 15294, "621.680", "2646115.6472200", "0"], [1760932800000, "4259.5700", "4265.9600", "4252.4900", "4264.5200", "1084.982", 1760936399999, "4623269.1881900", 11300, "464.089", "1977728.1098200", "0"], [1760936400000, "4264.5200", "4264.5200", "4235.4800", "4235.6100", "2162.977", 1760939999999, "9191650.5198100", 20459, "946.673", "4023328.4863000", "0"], [1760940000000, "4235.6000", "4241.0000", "4218.5100", "4230.0700", "3602.221", 1760943599999, "15238894.4991900", 29846, "1778.437", "7523726.8568800", "0"], [1760943600000, "4230.0800", "4250.9900", "4228.0800", "4245.3400", "2717.942", 1760947199999, "11534879.1558900", 21227, "1213.370", "5148417.4959600", "0"], [1760947200000, "4244.9100", "4251.8900", "4234.5000", "4244.3100", "2123.743", 1760950799999, "9015661.3277800", 21455, "798.055", "3388834.1080500", "0"], [1760950800000, "4244.3100", "4251.1500", "4237.2200", "4248.5400", "946.103", 1760954399999, "4014429.1115900", 10080, "409.956", "1739587.8012900", "0"], [1760954400000, "4248.5400", "4252.0000", "4235.0000", "4249.0000", "1676.329", 1760957999999, "7117380.4298900", 13358, "899.704", "3819682.5414400", "0"], [1760958000000, "4248.9900", "4269.0000", "4243.3500", "4268.5900", "935.379", 1760961599999, "3981364.9565900", 8976, "505.235", "2151283.2580400", "0"], [1760961600000, "4268.5900", "4327.0000", "4264.1200", "4324.0100", "6702.815", 1760965199999, "28810340.2807900", 46134, "3514.196", "15105481.8252000", "0"], [1760965200000, "4324.0000", "4325.6000", "4289.5100", "4295.7400", "7126.022", 1760968799999, "30715750.8247300", 43699, "3081.036", "13278863.2432600", "0"], [1760968800000, "4295.8100", "4327.0000", "4277.0500", "4326.3600", "5267.732", 1760972399999, "22672976.0065500", 35919, "3165.386", "13622498.3874900", "0"], [1760972400000, "4326.3600", "4354.8600", "4325.5300", "4346.0000", "3732.426", 1760975999999, "16210560.1317800", 27731, "1945.645", "8449969.2200900", "0"], [1760976000000, "4346.0000", "4351.1500", "4338.7400", "4347.3600", "2267.807", 1760979599999, "9850653.3684300", 18708, "1152.317", "5005769.9555900", "0"], [1760979600000, "4347.3500", "4352.0000", "4331.6000", "4344.6200", "2105.916", 1760983199999, "9140064.0886300", 15624, "1035.624", "4495326.4073400", "0"], [1760983200000, "4344.6200", "4365.4100", "4342.1400", "4362.3000", "2530.948", 1760986799999, "11021565.7859900", 18285, "1288.507", "5611095.0940600", "0"], [1760986800000, "4362.2900", "4388.7800", "4362.0900", "4385.2100", "3878.021", 1760990399999, "16973575.6277000", 22562, "1938.644", "8485038.9490600", "0"], [1760990400000, "4385.2100", "4387.9500", "4353.5500", "4365.8300", "3818.996", 1760993999999, "16678710.6939600", 28145, "1658.343", "7242091.9801500", "0"], [1760994000000, "4366.0200", "4373.3600", "4354.2300", "4368.6300", "1440.075", 1760997599999, "6284372.4052100", 11205, "725.855", "3168168.9537100", "0"], [1760997600000, "4369.1700", "4383.0000", "4362.1500", "4371.7000", "2522.758", 1761001199999, "11034400.4295400", 18582, "1207.505", "5282313.6187500", "0"], [1761001200000, "4371.7100", "4377.8800", "4360.0000", "4362.8000", "1343.224", 1761004799999, "5867174.9645100", 13720, "693.646", "3030515.0616000", "0"], [1761004800000, "4362.6800", "4374.2500", "4360.0000", "4370.0600", "1687.795", 1761008399999, "7372038.5391200", 13970, "861.576", "3763560.3921500", "0"], [1761008400000, "4370.0500", "4374.3300", "4338.0000", "4353.8900", "4425.884", 1761011999999, "19273819.5012500", 28543, "2115.573", "9213659.2893200", "0"], [1761012000000, "4354.0200", "4359.6300", "4341.3700", "4344.8400", "2272.209", 1761015599999, "9879372.6226900", 18018, "1136.031", "4939337.0687200", "0"], [1761015600000, "4344.7100", "4359.9600", "4344.7100", "4355.6200", "1475.751", 1761019199999, "6424696.9699100", 12473, "805.677", "3507403.9281100", "0"], [1761019200000, "4355.8600", "4356.1400", "4337.7500", "4344.7800", "2684.601", 1761022799999, "11664517.7677800", 13752, "1265.884", "5499217.9573400", "0"], [1761022800000, "4344.7800", "4349.7400", "4317.0000", "4323.7600", "2994.500", 1761026399999, "12966298.4922700", 19905, "1219.476", "5282622.4446900", "0"], [1761026400000, "4323.7600", "4347.8400", "4318.0000", "4345.0000", "2225.061", 1761029999999, "9641468.0030100", 16793, "1343.178", "5820618.4855500", "0"], [1761030000000, "4345.0000", "4346.0800", "4288.5900", "4297.9000", "6022.216", 1761033599999, "25924387.6603000", 36031, "2871.362", "12354256.4090100", "0"], [1761033600000, "4297.8200", "4299.7500", "4250.0100", "4273.4200", "6981.299", 1761037199999, "29808320.7028400", 57248, "3303.768", "14104491.7736500", "0"], [1761037200000, "4273.4100", "4278.1200", "4253.4600", "4264.7200", "2583.928", 1761040799999, "11023292.7503300", 26953, "1383.283", "5902261.4219400", "0"], [1761040800000, "4264.7200", "4265.9300", "4247.0000", "4254.1100", "1977.821", 1761044399999, "8421774.5319800", 18934, "930.161", "3960982.3755600", "0"], [1761044400000, "4254.1000", "4272.6000", "4247.3400", "4255.2700", "2213.673", 1761047999999, "9433261.2560800", 18800, "1229.947", "5242290.8761000", "0"], [1761048000000, "4255.2700", "4260.4900", "4208.8400", "4214.1600", "6804.273", 1761051599999, "28775368.3710000", 50450, "3078.056", "13018020.0048500", "0"], [1761051600000, "4214.1600", "4229.7200", "4169.3600", "4178.1900", "11517.508", 1761055199999, "48363956.1783400", 73184, "5378.663", "22591481.1064300", "0"], [1761055200000, "4178.1100", "4190.4700", "4101.0000", "4143.0000", "20771.444", 1761058799999, "86009390.2259700", 118025, "9772.735", "40478962.1796700", "0"], [1761058800000, "4142.9900", "4155.3200", "4123.9400", "4138.2900", "9757.614", 1761062399999, "40382946.4584800", 64287, "5211.729", "21572816.9462800", "0"], [1761062400000, "4138.3400", "4142.0000", "4103.0000", "4111.7600", "10566.155", 1761065999999, "43558723.6075200", 59388, "4940.216", "20358633.6698300", "0"], [1761066000000, "4111.7600", "4121.9000", "4094.0000", "4112.1000", "6576.784", 1761069599999, "27027766.5453100", 47249, "3425.483", "14080277.6697400", "0"], [1761069600000, "4112.1100", "4129.9900", "4109.0300", "4118.4000", "3237.282", 1761073199999, "13332369.1330300", 28253, "1830.228", "7538066.3794700", "0"], [1761073200000, "4118.4100", "4127.6500", "4105.5500", "4112.8400", "3765.438", 1761076799999, "15490383.0898000", 28991, "1950.587", "8025455.8552000", "0"], [1761076800000, "4112.3000", "4136.5800", "4110.5100", "4128.5000", "2573.385", 1761080399999, "10617251.1687600", 20499, "1437.944", "5933305.9517800", "0"], [1761080400000, "4128.5000", "4136.3000", "4124.0000", "4135.4100", "1379.956", 1761083999999, "5701103.9412400", 11079, "711.204", "2938331.0196200", "0"], [1761084000000, "4135.4100", "4137.0000", "4121.4200", "4123.1800", "3949.902", 1761087599999, "16302710.4179500", 30962, "1929.630", "7964630.9131600", "0"], [1761087600000, "4123.1900", "4129.1500", "4120.3600", "4124.5000", "576.196", 1761091199999, "2376455.0891200", 5921, "318.740", "1314732.5722500", "0"]]}