{"_ts": 1761073978.6271782, "data": [[1760904000000, "3.2103000", "3.2284000", "3.1928000", "3.2199000", "379260", 1760907599999, "1215357.6870000", 14731, "197203", "632121.8562000", "0"], [1760907600000, "3.2201000", "3.2274000", "3.2010000", "3.2141000", "286474", 1760911199999, "920623.0100000", 10577, "132779", "426768.7166000", "0"], [1760911200000, "3.2146000", "3.2530000", "3.2146000", "3.2401000", "434518", 1760914799999, "1406347.0410000", 16915, "261175", "845428.6508000", "0"], [1760914800000, "3.2404000", "3.2409000", "3.2003000", "3.2043000", "308250", 1760918399999, "992445.7783000", 12352, "121243", "390446.0296000", "0"], [1760918400000, "3.2040000", "3.2044000", "3.1238000", "3.1729000", "949434", 1760921999999, "2997874.8920000", 35038, "449437", "1418581.2532000", "0"], [1760922000000, "3.1727000", "3.1874000", "3.1435000", "3.1477000", "333370", 1760925599999, "1054782.2438000", 19581, "162647", "514649.5265000", "0"], [1760925600000, "3.1476000", "3.1766000", "3.1232000", "3.1603000", "365515", 1760929199999, "1151516.2217000", 20724, "181703", "572520.0283000", "0"], [1760929200000, "3.1604000", "3.2537000", "3.1464000", "3.2445000", "588107", 1760932799999, "1879025.4075000", 24116, "327693", "1045700.0217000", "0"], [1760932800000, "3.2450000", "3.2614000", "3.2264000", "3.2607000", "617858", 1760936399999, "2005628.5097000", 26344, "312209", "1013764.6315000", "0"], [1760936400000, "3.2609000", "3.2716000", "3.2438000", "3.2545000", "487326", 1760939999999, "1587065.7193000", 18488, "226474", "737672.4580000", "0"], [1760940000000, "3.2560000", "3.3063000", "3.2545000", "3.2929000", "478417", 1760943599999, "1569174.8686000", 19965, "252324", "827521.0139000", "0"], [1760943600000, "3.2926000", "3.3089000", "3.2784000", "3.2946000", "448903", 1760947199999, "1478860.7921000", 16796, "226469", "746196.2674000", "0"], [1760947200000, "3.2946000", "3.3351000", "3.2824000", "3.3027000", "437083", 1760950799999, "1442843.4326000", 18183, "224274", "740576.1005000", "0"], [1760950800000, "3.3024000", "3.3207000", "3.2780000", "3.3112000", "522266", 1760954399999, "1724684.7065000", 23190, "258200", "852894.2268000", "0"], [1760954400000, "3.3111000", "3.3207000", "3.2430000", "3.2533000", "666730", 1760957999999, "2190974.4635000", 25218, "286602", "942360.7420000", "0"], [1760958000000, "3.2532000", "3.2564000", "3.2092000", "3.2202000", "483612", 1760961599999, "1564360.1546000", 19234, "222107", "718821.4939000", "0"], [1760961600000, "3.2200000", "3.2337000", "3.2102000", "3.2272000", "356373", 1760965199999, "1147413.4876000", 17672, "184118", "592854.7108000", "0"], [1760965200000, "3.2275000", "3.2363000", "3.1256000", "3.2160000", "2195001", 1760968799999, "6965607.0975000", 52265, "1024400", "3252124.6558000", "0"], [1760968800000, "3.2161000", "3.2272000", "3.1795000", "3.2191000", "496431", 1760972399999, "1593313.8010000", 23350, "240279", "771476.0904000", "0"], [1760972400000, "3.2195000", "3.2356000", "3.1895000", "3.1902000", "413482", 1760975999999, "1329107.8464000", 18698, "198849", "639250.6377000", "0"], [1760976000000, "3.1899000", "3.1899000", "3.1260000", "3.1665000", "1072278", 1760979599999, "3385328.3752000", 40861, "545322", "1721682.4188000", "0"], [1760979600000, "3.1665000", "3.1837000", "3.1285000", "3.1652000", "531773", 1760983199999, "1679186.2633000", 21281, "247911", "782811.3159000", "0"], [1760983200000, "3.1652000", "3.1862000", "3.1555000", "3.1817000", "296116", 1760986799999, "939284.3584000", 14211, "150226", "476493.2087000", "0"], [1760986800000, "3.1818000", "3.1990000", "3.1585000", "3.1865000", "437232", 1760990399999, "1389324.9380000", 16910, "204991", "651536.9194000", "0"], [1760990400000, "3.1862000", "3.2114000", "3.1793000", "3.2064000", "245145", 1760993999999, "784073.7708000", 13955, "117740", "376596.5519000", "0"], [1760994000000, "3.2065000", "3.2130000", "3.1852000", "3.1884000", "198532", 1760997599999, "634923.4836000", 9367, "86774", "277415.4660000", "0"], [1760997600000, "3.1883000", "3.2133000", "3.1794000", "3.2092000", "199200", 1761001199999, "636861.7841000", 10849, "98080", "313571.9214000", "0"], [1761001200000, "3.2098000", "3.2173000", "3.1868000", "3.1883000", "174973", 1761004799999, "560206.3099000", 10391, "89961", "288046.4634000", "0"], [1761004800000, "3.1887000", "3.2022000", "3.1795000", "3.1808000", "201538", 1761008399999, "642649.0365000", 11634, "114627", "365572.5457000", "0"], [1761008400000, "3.1806000", "3.1884000", "3.1568000", "3.1665000", "310550", 1761011999999, "985502.0606000", 14357, "158107", "501684.3620000", "0"], [1761012000000, "3.1664000", "3.1672000", "3.1300000", "3.1398000", "377394", 1761015599999, "1187060.4086000", 16315, "186954", "587968.6957000", "0"], [1761015600000, "3.1400000", "3.1502000", "3.1208000", "3.1260000", "362877", 1761019199999, "1137244.6794000", 12606, "139145", "436565.6223000", "0"], [1761019200000, "3.1258000", "3.1321000", "3.0645000", "3.0873000", "1102236", 1761022799999, "3404888.7742000", 41027, "559584", "1728140.3126000", "0"], [1761022800000, "3.0874000", "3.1175000", "3.0661000", "3.0950000", "550211", 1761026399999, "1701499.0684000", 21850, "288758", "892828.1960000", "0"], [1761026400000, "3.0951000", "3.1071000", "3.0815000", "3.0946000", "272090", 1761029999999, "842329.4912000", 13379, "142136", "440005.7518000", "0"], [1761030000000, "3.0943000", "3.1004000", "3.0711000", "3.0914000", "356588", 1761033599999, "1100458.6680000", 13864, "171691", "529929.2691000", "0"], [1761033600000, "3.0917000", "3.0999000", "3.0642000", "3.0877000", "547669", 1761037199999, "1687151.1267000", 15558, "277040", "853533.4098000", "0"], [1761037200000, "3.0878000", "3.0936000", "3.0701000", "3.0776000", "315446", 1761040799999, "972501.8643000", 11532, "153521", "473337.5715000", "0"], [1761040800000, "3.0774000", "3.1183000", "3.0764000", "3.1079000", "393000", 1761044399999, "1216515.2678000", 15711, "214557", "664167.4520000", "0"], [1761044400000, "3.1079000", "3.1328000", "3.0933000", "3.1226000", "406662", 1761047999999, "1267129.7300000", 15496, "195318", "608557.7564000", "0"], [1761048000000, "3.1224000", "3.1596000", "3.1100000", "3.1338000", "487910", 1761051599999, "1530811.7177000", 21511, "237961", "746505.7064000", "0"], [1761051600000, "3.1339000", "3.1534000", "3.1059000", "3.1177000", "576998", 1761055199999, "1805237.0616000", 28065, "269478", "843237.0242000", "0"], [1761055200000, "3.1185000", "3.3318000", "3.1172000", "3.3265000", "1803178", 1761058799999, "5827683.1310000", 56268, "939289", "3031478.3858000", "0"], [1761058800000, "3.3270000", "3.3797000", "3.2982000", "3.3471000", "1746582", 1761062399999, "5846111.5407000", 66657, "865351", "2896585.1621000", "0"], [1761062400000, "3.3472000", "3.3580000", "3.2794000", "3.2889000", "1005870", 1761065999999, "3353590.7998000", 40906, "518694", "1730016.5727000", "0"], [1761066000000, "3.2889000", "3.3119000", "3.2401000", "3.2811000", "1098579", 1761069599999, "3604507.8477000", 48992, "540545", "1774023.3854000", "0"], [1761069600000, "3.2806000", "3.2934000", "3.2556000", "3.2915000", "464952", 1761073199999, "1520722.7534000", 21126, "253765", "830160.3266000", "0"], [1761073200000, "3.2913000", "3.2970000", "3.2799000", "3.2855000", "84725", 1761076799999, "278620.5046000", 3297, "31121", "102374.3684000", "0"]]}