{"_ts": 1761088561.4418266, "data": [[1760918400000, "0.797700", "0.797700", "0.767800", "0.770500", "1626738.6", 1760921999999, "1265356.5381100", 14903, "842201.8", "655248.1215700", "0"], [1760922000000, "0.770500", "0.780200", "0.770500", "0.777600", "681953.2", 1760925599999, "529133.8755500", 7255, "366264.5", "284169.0670300", "0"], [1760925600000, "0.777700", "0.786400", "0.775900", "0.783000", "948839.4", 1760929199999, "741136.1528900", 9709, "467918.6", "365576.9915300", "0"], [1760929200000, "0.783100", "0.801800", "0.782400", "0.800100", "990554.0", 1760932799999, "781848.4147000", 10173, "503042.1", "397209.3951900", "0"], [1760932800000, "0.800400", "0.806100", "0.796200", "0.802900", "1038582.7", 1760936399999, "831139.0963600", 9747, "444932.7", "356243.9930900", "0"], [1760936400000, "0.802800", "0.802800", "0.790700", "0.794100", "664018.8", 1760939999999, "528577.8484900", 7304, "305318.5", "243072.9193600", "0"], [1760940000000, "0.793900", "0.804500", "0.792800", "0.801100", "653902.4", 1760943599999, "523077.7382400", 7043, "338372.4", "270676.0310500", "0"], [1760943600000, "0.801100", "0.804600", "0.795000", "0.798600", "777501.7", 1760947199999, "621727.0150900", 6861, "414136.0", "331202.6048700", "0"], [1760947200000, "0.798300", "0.802400", "0.793800", "0.796700", "641875.1", 1760950799999, "511304.6936700", 5868, "367879.5", "292970.5830600", "0"], [1760950800000, "0.796800", "0.802700", "0.791800", "0.793700", "647232.8", 1760954399999, "516150.1874000", 7533, "324341.7", "258631.1558400", "0"], [1760954400000, "0.793600", "0.797500", "0.784900", "0.787100", "875151.2", 1760957999999, "692509.2502500", 8627, "425514.2", "336713.3961500", "0"], [1760958000000, "0.787100", "0.788100", "0.781000", "0.785100", "947765.5", 1760961599999, "744185.4139300", 7306, "509017.7", "399576.4269100", "0"], [1760961600000, "0.785200", "0.788000", "0.777700", "0.786500", "953486.5", 1760965199999, "746522.1158100", 9340, "487876.8", "382011.0530400", "0"], [1760965200000, "0.786500", "0.795300", "0.782800", "0.791700", "959995.5", 1760968799999, "758865.3111700", 8544, "483007.9", "381791.9520800", "0"], [1760968800000, "0.791800", "0.792300", "0.775700", "0.779300", "1331687.2", 1760972399999, "1041011.7305200", 11704, "696382.8", "543955.2787000", "0"], [1760972400000, "0.779400", "0.781900", "0.763800", "0.764800", "1217188.0", 1760975999999, "940127.2634400", 10527, "506896.1", "391340.1856000", "0"], [1760976000000, "0.764800", "0.765000", "0.742200", "0.747500", "1975565.6", 1760979599999, "1491207.2098100", 15543, "817346.4", "617338.0966800", "0"], [1760979600000, "0.747400", "0.755000", "0.737300", "0.745600", "1105849.2", 1760983199999, "825479.0835100", 10137, "505044.3", "377164.2946400", "0"], [1760983200000, "0.745800", "0.754500", "0.738700", "0.753300", "726328.2", 1760986799999, "541361.4093300", 7156, "392631.6", "292670.7582900", "0"], [1760986800000, "0.753300", "0.763900", "0.752700", "0.762400", "502051.6", 1760990399999, "380805.3612400", 5826, "273025.5", "207059.7059200", "0"], [1760990400000, "0.762400", "0.775500", "0.757800", "0.774300", "796939.2", 1760993999999, "611750.0774500", 7608, "398460.9", "305934.8541900", "0"], [1760994000000, "0.774300", "0.782900", "0.774100", "0.776000", "604749.7", 1760997599999, "470842.0832400", 6572, "292489.2", "227678.0771200", "0"], [1760997600000, "0.776100", "0.778800", "0.768000", "0.773200", "513813.6", 1761001199999, "396585.5990600", 5096, "245219.1", "189233.4215700", "0"], [1761001200000, "0.773100", "0.778000", "0.769900", "0.772500", "442655.8", 1761004799999, "342202.3345600", 4815, "248828.0", "192331.6942600", "0"], [1761004800000, "0.772500", "0.772500", "0.763400", "0.766100", "502015.5", 1761008399999, "384981.4832100", 6432, "216182.2", "165764.7301300", "0"], [1761008400000, "0.766100", "0.766600", "0.757900", "0.759800", "360342.3", 1761011999999, "274277.7153700", 5475, "183061.5", "139329.2803900", "0"], [1761012000000, "0.759900", "0.779000", "0.758400", "0.775800", "729803.9", 1761015599999, "561098.3818800", 8745, "368073.3", "282923.0248500", "0"], [1761015600000, "0.776000", "0.805300", "0.775900", "0.787800", "3142285.2", 1761019199999, "2486276.2939800", 29788, "1560049.7", "1235405.6464700", "0"], [1761019200000, "0.787700", "0.788900", "0.764200", "0.765400", "1368943.9", 1761022799999, "1064670.4172200", 17872, "572297.3", "445523.9026200", "0"], [1761022800000, "0.765200", "0.768100", "0.742000", "0.744800", "2079834.2", 1761026399999, "1561652.2667800", 17145, "1065484.2", "800186.8992100", "0"], [1761026400000, "0.744800", "0.762500", "0.736200", "0.756200", "1252604.3", 1761029999999, "940180.9980300", 12865, "629125.5", "471995.8155200", "0"], [1761030000000, "0.756200", "0.769600", "0.750600", "0.767800", "1009061.2", 1761033599999, "766909.2746900", 11083, "538522.5", "409116.0524800", "0"], [1761033600000, "0.767500", "0.775000", "0.761500", "0.772300", "579078.9", 1761037199999, "444207.5182800", 8270, "273121.4", "209530.5149700", "0"], [1761037200000, "0.772300", "0.789400", "0.765400", "0.775500", "1779106.5", 1761040799999, "1385817.7085100", 15763, "955252.3", "743550.6457800", "0"], [1761040800000, "0.775400", "0.783000", "0.772500", "0.774900", "1049995.7", 1761044399999, "815142.2118400", 11902, "560672.8", "435119.3782400", "0"], [1761044400000, "0.774800", "0.787700", "0.770000", "0.782200", "928898.3", 1761047999999, "725271.7029300", 11112, "493926.6", "385624.6789400", "0"], [1761048000000, "0.782300", "0.792200", "0.782200", "0.784800", "1142157.6", 1761051599999, "899130.5234600", 10866, "539486.0", "424844.4677700", "0"], [1761051600000, "0.784900", "0.802300", "0.784200", "0.793000", "1287188.0", 1761055199999, "1022453.2774100", 14483, "595694.6", "473101.8657700", "0"], [1761055200000, "0.793100", "0.807600", "0.790300", "0.805300", "1677127.7", 1761058799999, "1345432.2119700", 16948, "858846.5", "688688.6277500", "0"], [1761058800000, "0.805400", "0.819100", "0.801600", "0.810300", "1768982.4", 1761062399999, "1435528.1616400", 15178, "774411.2", "628093.7942000", "0"], [1761062400000, "0.810300", "0.832400", "0.808700", "0.817200", "2412541.6", 1761065999999, "1980725.8135900", 19802, "1115617.2", "915858.1365500", "0"], [1761066000000, "0.817500", "0.853200", "0.816200", "0.847700", "3819876.8", 1761069599999, "3195946.9304200", 33315, "1854595.0", "1552520.4646500", "0"], [1761069600000, "0.847800", "0.873700", "0.847400", "0.860400", "6767073.6", 1761073199999, "5837145.8590800", 54704, "3211078.2", "2770914.9579500", "0"], [1761073200000, "0.860200", "0.890000", "0.860200", "0.880900", "6082959.0", 1761076799999, "5338900.2208700", 54413, "2845635.6", "2498716.1451500", "0"], [1761076800000, "0.880900", "0.889200", "0.858200", "0.862000", "4595699.4", 1761080399999, "4006318.4685500", 38719, "2140898.2", "1867769.3618600", "0"], [1761080400000, "0.862000", "0.869400", "0.847400", "0.853500", "2083198.3", 1761083999999, "1781394.6856400", 18503, "983773.4", "841697.5721600", "0"], [1761084000000, "0.853500", "0.855600", "0.828400", "0.832000", "2560595.9", 1761087599999, "2145653.3225500", 21724, "1167796.6", "978480.5633100", "0"], [1761087600000, "0.831900", "0.838100", "0.828900", "0.832000", "403672.6", 1761091199999, "336421.9036000", 5309, "222139.0", "185199.4985800", "0"]]}