{"_ts": 1761085314.0684187, "data": [[1760914800000, "0.0406100", "0.0407200", "0.0396700", "0.0403200", "14284768", 1760918399999, "573633.3088800", 13588, "6859387", "275600.0064200", "0"], [1760918400000, "0.0403300", "0.0404800", "0.0373100", "0.0387700", "27090181", 1760921999999, "1047464.9094400", 17460, "10947891", "423343.3737900", "0"], [1760922000000, "0.0387600", "0.0391800", "0.0376300", "0.0378700", "15272786", 1760925599999, "586347.6369100", 9562, "7480307", "287809.8149500", "0"], [1760925600000, "0.0378800", "0.0382700", "0.0373600", "0.0377000", "9881267", 1760929199999, "373396.5504400", 7347, "4554054", "172359.2067400", "0"], [1760929200000, "0.0376900", "0.0390100", "0.0370500", "0.0386400", "10972090", 1760932799999, "417279.9979200", 7159, "5354024", "204142.7624800", "0"], [1760932800000, "0.0386400", "0.0390900", "0.0378500", "0.0387000", "11025077", 1760936399999, "424538.1699500", 7091, "4917608", "189447.3324400", "0"], [1760936400000, "0.0387100", "0.0400000", "0.0383200", "0.0392700", "16099348", 1760939999999, "633312.7004600", 9067, "8943970", "351926.3742400", "0"], [1760940000000, "0.0392800", "0.0413800", "0.0386100", "0.0390500", "38746853", 1760943599999, "1544498.3850900", 16576, "18481922", "738163.6806300", "0"], [1760943600000, "0.0391000", "0.0399700", "0.0386600", "0.0397900", "14336231", 1760947199999, "565118.8798300", 9508, "6668483", "262955.7975200", "0"], [1760947200000, "0.0397700", "0.0397900", "0.0384800", "0.0388900", "15797864", 1760950799999, "617757.7712800", 11254, "6972295", "272983.8227400", "0"], [1760950800000, "0.0388900", "0.0394900", "0.0381100", "0.0394000", "16593146", 1760954399999, "640925.6487100", 10156, "7303254", "282517.2523300", "0"], [1760954400000, "0.0394000", "0.0405600", "0.0390300", "0.0401400", "21934713", 1760957999999, "877135.5046700", 14407, "11126282", "444980.6924300", "0"], [1760958000000, "0.0401500", "0.0411300", "0.0395600", "0.0404400", "30761187", 1760961599999, "1237496.7340000", 15076, "15455112", "622714.4622700", "0"], [1760961600000, "0.0404200", "0.0404500", "0.0391100", "0.0395100", "17141370", 1760965199999, "679123.2751800", 9631, "6667258", "264324.6075200", "0"], [1760965200000, "0.0395000", "0.0399800", "0.0393300", "0.0394800", "7573403", 1760968799999, "299889.3063700", 4960, "3232352", "128093.9023100", "0"], [1760968800000, "0.0394600", "0.0394800", "0.0382300", "0.0388100", "18018571", 1760972399999, "698137.2873800", 9662, "8120204", "315081.7434500", "0"], [1760972400000, "0.0388200", "0.0392500", "0.0385100", "0.0385500", "10846095", 1760975999999, "421977.5445900", 7070, "4976649", "193746.4054200", "0"], [1760976000000, "0.0385300", "0.0388000", "0.0373300", "0.0384400", "15959692", 1760979599999, "607309.3097400", 7949, "6994398", "266794.5080600", "0"], [1760979600000, "0.0384300", "0.0391000", "0.0383400", "0.0387000", "7726467", 1760983199999, "299425.3624000", 5082, "3986658", "154690.7426100", "0"], [1760983200000, "0.0386800", "0.0390500", "0.0383400", "0.0386000", "4306201", 1760986799999, "166948.8398800", 3910, "1755173", "68080.2682600", "0"], [1760986800000, "0.0386000", "0.0390500", "0.0377900", "0.0378100", "4985623", 1760990399999, "191858.7306900", 4618, "2639115", "101681.8083000", "0"], [1760990400000, "0.0378000", "0.0380100", "0.0372500", "0.0377400", "8292582", 1760993999999, "312475.7645200", 9389, "4589178", "173064.0175100", "0"], [1760994000000, "0.0377400", "0.0378700", "0.0357300", "0.0363600", "18500973", 1760997599999, "677232.7475200", 8500, "6033091", "221109.7332000", "0"], [1760997600000, "0.0363500", "0.0366700", "0.0352000", "0.0354200", "13831822", 1761001199999, "497015.5423300", 8294, "5973068", "214718.2861800", "0"], [1761001200000, "0.0354200", "0.0356100", "0.0350100", "0.0350100", "8143675", 1761004799999, "287728.8454700", 5610, "3800696", "134377.9081200", "0"], [1761004800000, "0.0350100", "0.0354200", "0.0347200", "0.0352300", "6831655", 1761008399999, "240133.5463100", 4603, "3222388", "113373.7303000", "0"], [1761008400000, "0.0352300", "0.0353600", "0.0349000", "0.0351000", "5379901", 1761011999999, "189153.4035500", 3785, "2502186", "87978.3602700", "0"], [1761012000000, "0.0351100", "0.0352100", "0.0344700", "0.0348500", "6318593", 1761015599999, "219830.1254900", 3687, "2430302", "84608.5582900", "0"], [1761015600000, "0.0348600", "0.0355700", "0.0346700", "0.0352600", "11071587", 1761019199999, "389384.6470700", 5564, "6802661", "239276.9191100", "0"], [1761019200000, "0.0352700", "0.0353300", "0.0346100", "0.0346800", "10369759", 1761022799999, "362665.8702000", 5334, "4774059", "167055.1642200", "0"], [1761022800000, "0.0346900", "0.0356300", "0.0345300", "0.0352900", "8919088", 1761026399999, "314071.2781800", 5049, "4519600", "159270.8173300", "0"], [1761026400000, "0.0353100", "0.0364300", "0.0350300", "0.0362500", "8439492", 1761029999999, "302820.3338700", 5572, "4654730", "167030.1127400", "0"], [1761030000000, "0.0362700", "0.0364300", "0.0346600", "0.0349100", "14465565", 1761033599999, "515370.1569900", 6932, "5357780", "191208.4110900", "0"], [1761033600000, "0.0349000", "0.0353200", "0.0345600", "0.0349400", "8193840", 1761037199999, "286263.2912800", 4499, "3464576", "121100.7203000", "0"], [1761037200000, "0.0349200", "0.0366900", "0.0348700", "0.0365700", "10107048", 1761040799999, "361070.8736000", 5509, "5494789", "196435.3683300", "0"], [1761040800000, "0.0365400", "0.0394000", "0.0363800", "0.0382100", "22122104", 1761044399999, "836208.9686200", 13236, "9995905", "378218.4227400", "0"], [1761044400000, "0.0382200", "0.0415700", "0.0382000", "0.0406300", "68697279", 1761047999999, "2782988.6985700", 34304, "33783451", "1368162.5665700", "0"], [1761048000000, "0.0406300", "0.0444400", "0.0404300", "0.0432700", "42904785", 1761051599999, "1827411.6825300", 24415, "21164844", "902250.8089600", "0"], [1761051600000, "0.0432600", "0.0442100", "0.0415000", "0.0418500", "41155030", 1761055199999, "1748383.1451100", 23422, "18992174", "807989.5803600", "0"], [1761055200000, "0.0418500", "0.0419100", "0.0394100", "0.0396900", "34797620", 1761058799999, "1408269.2912400", 17361, "15473344", "625569.0107300", "0"], [1761058800000, "0.0396800", "0.0405900", "0.0384300", "0.0405800", "22501909", 1761062399999, "892878.5927000", 11560, "12506133", "497392.3695500", "0"], [1761062400000, "0.0406000", "0.0406600", "0.0394400", "0.0395900", "13998050", 1761065999999, "560796.5705200", 10465, "7393458", "296336.1975900", "0"], [1761066000000, "0.0395900", "0.0398400", "0.0381900", "0.0390100", "21496228", 1761069599999, "837925.4751900", 9517, "11686257", "455968.4647000", "0"], [1761069600000, "0.0390100", "0.0396000", "0.0388900", "0.0392300", "12116540", 1761073199999, "476295.2737800", 7443, "6525466", "256544.3951600", "0"], [1761073200000, "0.0392200", "0.0394900", "0.0389300", "0.0393200", "11149668", 1761076799999, "437335.6424000", 7538, "5884160", "230850.0799500", "0"], [1761076800000, "0.0393500", "0.0393500", "0.0384100", "0.0384700", "13408214", 1761080399999, "521501.6362900", 7164, "6800838", "264686.9388000", "0"], [1761080400000, "0.0384800", "0.0398100", "0.0384600", "0.0390500", "14049173", 1761083999999, "550959.5949100", 8629, "7882894", "309336.6291400", "0"], [1761084000000, "0.0390300", "0.0391900", "0.0386000", "0.0387000", "6342335", 1761087599999, "247236.0770600", 4700, "2739559", "106829.8060300", "0"]]}