{"_ts": 1761073818.6615474, "data": [[1760904000000, "0.0039460", "0.0039480", "0.0038900", "0.0038970", "1837668540", 1760907599999, "7186735.1429600", 22073, "858882072", "3358885.6767190", "0"], [1760907600000, "0.0038970", "0.0039010", "0.0038050", "0.0038710", "2440596690", 1760911199999, "9404457.3448200", 22887, "940180428", "3624358.3513060", "0"], [1760911200000, "0.0038720", "0.0039310", "0.0038670", "0.0038940", "2082403645", 1760914799999, "8122608.5367560", 27255, "982901365", "3834239.1806320", "0"], [1760914800000, "0.0038940", "0.0039200", "0.0038770", "0.0039170", "2102966621", 1760918399999, "8195850.1049880", 22567, "1039751478", "4053810.2546270", "0"], [1760918400000, "0.0039160", "0.0039690", "0.0038440", "0.0039530", "4975240290", 1760921999999, "19450563.3552030", 48118, "2590375150", "10134876.2401040", "0"], [1760922000000, "0.0039530", "0.0040460", "0.0038850", "0.0038920", "5643101013", 1760925599999, "22427391.3696420", 62149, "2782884597", "11067040.8940300", "0"], [1760925600000, "0.0038920", "0.0039990", "0.0038470", "0.0039620", "3410367708", 1760929199999, "13373085.1995100", 45817, "1642481428", "6440654.2522720", "0"], [1760929200000, "0.0039620", "0.0040550", "0.0038950", "0.0040300", "3650605654", 1760932799999, "14544686.3164670", 47169, "1867958809", "7447265.5583300", "0"], [1760932800000, "0.0040310", "0.0040750", "0.0039940", "0.0040190", "3526925422", 1760936399999, "14222928.5883300", 46968, "1683524610", "6787784.3199750", "0"], [1760936400000, "0.0040190", "0.0041230", "0.0039970", "0.0040650", "3364864357", 1760939999999, "13688830.5594320", 43726, "1710255856", "6954879.1679560", "0"], [1760940000000, "0.0040660", "0.0041080", "0.0040260", "0.0040860", "2741070093", 1760943599999, "11157451.8993110", 39475, "1311862641", "5342916.1362330", "0"], [1760943600000, "0.0040850", "0.0041550", "0.0040650", "0.0040720", "3289667670", 1760947199999, "13550003.9888640", 43692, "1449710683", "5975888.8755010", "0"], [1760947200000, "0.0040720", "0.0040830", "0.0040150", "0.0040620", "2613294420", 1760950799999, "10569716.9713660", 32515, "1433022077", "5797267.4462630", "0"], [1760950800000, "0.0040620", "0.0042040", "0.0040620", "0.0041240", "4535431122", 1760954399999, "18839034.5865850", 55437, "2125459006", "8830491.2420360", "0"], [1760954400000, "0.0041230", "0.0041480", "0.0040400", "0.0040860", "2448368836", 1760957999999, "10010244.2878520", 32664, "1315246730", "5375830.9668010", "0"], [1760958000000, "0.0040850", "0.0041090", "0.0040330", "0.0040810", "2184114193", 1760961599999, "8882046.8067490", 29796, "1100332435", "4476619.4032790", "0"], [1760961600000, "0.0040810", "0.0040870", "0.0040390", "0.0040660", "2076389947", 1760965199999, "8436289.8145730", 26976, "986213003", "4007156.9470350", "0"], [1760965200000, "0.0040660", "0.0040800", "0.0040240", "0.0040540", "1584052404", 1760968799999, "6420314.3202590", 27807, "781358741", "3168150.5714610", "0"], [1760968800000, "0.0040540", "0.0040740", "0.0040020", "0.0040380", "2525763341", 1760972399999, "10199606.4001660", 29350, "1188183707", "4802185.5077460", "0"], [1760972400000, "0.0040390", "0.0040620", "0.0039480", "0.0039490", "2767827453", 1760975999999, "11089811.1473230", 31614, "1079839881", "4332995.0460530", "0"], [1760976000000, "0.0039490", "0.0039620", "0.0038560", "0.0038890", "7953916441", 1760979599999, "31108959.8343340", 64118, "3456982820", "13532402.8538860", "0"], [1760979600000, "0.0038890", "0.0039210", "0.0037640", "0.0038010", "6414812169", 1760983199999, "24549603.1872340", 48410, "2727348759", "10445831.9109410", "0"], [1760983200000, "0.0038010", "0.0038370", "0.0037600", "0.0038160", "3782049803", 1760986799999, "14368905.5769690", 33673, "1915916487", "7282770.1051880", "0"], [1760986800000, "0.0038170", "0.0038370", "0.0037970", "0.0038240", "2532121686", 1760990399999, "9671573.9736770", 26515, "1427235761", "5452040.0556050", "0"], [1760990400000, "0.0038240", "0.0038870", "0.0038120", "0.0038570", "2265644756", 1760993999999, "8716077.1435510", 26370, "1257878719", "4840820.9778540", "0"], [1760994000000, "0.0038570", "0.0038930", "0.0038200", "0.0038370", "1622028435", 1760997599999, "6252338.8078420", 21605, "722195099", "2786596.8664450", "0"], [1760997600000, "0.0038370", "0.0038780", "0.0038250", "0.0038650", "1495616312", 1761001199999, "5757695.2981000", 20489, "756242339", "2912658.7636750", "0"], [1761001200000, "0.0038650", "0.0038750", "0.0038250", "0.0038720", "2184949365", 1761004799999, "8418827.1258160", 22751, "1223560920", "4715563.9163180", "0"], [1761004800000, "0.0038720", "0.0038890", "0.0038420", "0.0038710", "1541546585", 1761008399999, "5950404.2778350", 20558, "864090931", "3335851.9851020", "0"], [1761008400000, "0.0038720", "0.0038870", "0.0038120", "0.0038350", "1711059092", 1761011999999, "6585550.7679730", 21083, "790889758", "3045429.4802400", "0"], [1761012000000, "0.0038340", "0.0038360", "0.0037940", "0.0038110", "2781089402", 1761015599999, "10603234.6494100", 26757, "1199342751", "4573540.3331150", "0"], [1761015600000, "0.0038110", "0.0038240", "0.0037850", "0.0038080", "1302212481", 1761019199999, "4953801.7769440", 18142, "590026975", "2245674.5970320", "0"], [1761019200000, "0.0038080", "0.0038200", "0.0037080", "0.0037350", "4683588519", 1761022799999, "17637910.7772160", 41727, "1952529490", "7357974.3263630", "0"], [1761022800000, "0.0037360", "0.0038110", "0.0037170", "0.0038100", "2586723572", 1761026399999, "9728116.3733310", 30777, "1302082677", "4900543.7723100", "0"], [1761026400000, "0.0038090", "0.0039680", "0.0038000", "0.0039460", "4807444485", 1761029999999, "18777542.9033790", 46155, "2529167719", "9878575.5597360", "0"], [1761030000000, "0.0039460", "0.0039770", "0.0039030", "0.0039700", "3714304220", 1761033599999, "14619399.0707540", 34551, "1803250238", "7098557.9034520", "0"], [1761033600000, "0.0039710", "0.0039920", "0.0038740", "0.0039200", "3397982333", 1761037199999, "13328360.3416430", 31138, "1558668587", "6115434.8542960", "0"], [1761037200000, "0.0039200", "0.0039590", "0.0038960", "0.0039080", "2112093243", 1761040799999, "8287644.4765330", 22001, "985970563", "3870187.2302480", "0"], [1761040800000, "0.0039080", "0.0039240", "0.0038220", "0.0038910", "4289854730", 1761044399999, "16641857.4665690", 38499, "2325944011", "9027592.0156510", "0"], [1761044400000, "0.0038900", "0.0039090", "0.0038630", "0.0038970", "1898142612", 1761047999999, "7375329.7120690", 21238, "965064265", "3750258.2864720", "0"], [1761048000000, "0.0038970", "0.0039260", "0.0038230", "0.0038330", "2549351102", 1761051599999, "9883972.5282200", 28310, "1256887679", "4878137.7030090", "0"], [1761051600000, "0.0038320", "0.0038570", "0.0037880", "0.0038170", "3873637938", 1761055199999, "14794586.9306140", 39118, "1949083838", "7446142.4013110", "0"], [1761055200000, "0.0038180", "0.0040340", "0.0038150", "0.0040250", "7027170878", 1761058799999, "27641771.0414190", 57430, "3702678466", "14560611.4111080", "0"], [1761058800000, "0.0040250", "0.0041130", "0.0039880", "0.0041130", "6446492068", 1761062399999, "26120058.8403430", 56901, "3340349388", "13541484.2320770", "0"], [1761062400000, "0.0041120", "0.0041540", "0.0039920", "0.0040130", "7292583047", 1761065999999, "29817952.6738740", 56159, "3278341967", "13412367.2337660", "0"], [1761066000000, "0.0040130", "0.0040830", "0.0039900", "0.0040340", "4956642135", 1761069599999, "20023947.8112280", 42388, "2286803229", "9240791.7380230", "0"], [1761069600000, "0.0040350", "0.0040670", "0.0039850", "0.0040260", "1995670745", 1761073199999, "8028710.3337870", 23081, "951011729", "3826560.9057720", "0"], [1761073200000, "0.0040250", "0.0040300", "0.0040030", "0.0040170", "488569176", 1761076799999, "1961866.6640530", 4642, "206591305", "829678.6702940", "0"]]}