{"_ts": 1761088682.952759, "data": [[1760918400000, "0.0243760", "0.0244700", "0.0236270", "0.0238130", "10794015", 1760921999999, "258526.5176610", 3845, "4970156", "119012.0127620", "0"], [1760922000000, "0.0238140", "0.0240400", "0.0236300", "0.0237200", "4051179", 1760925599999, "96463.5982550", 2135, "2259954", "53801.0973410", "0"], [1760925600000, "0.0237230", "0.0241100", "0.0235320", "0.0238150", "5478311", 1760929199999, "130739.1344990", 2620, "2686883", "64124.9809080", "0"], [1760929200000, "0.0238150", "0.0249980", "0.0236080", "0.0247910", "10786194", 1760932799999, "262531.9321650", 3916, "4883111", "118926.0865150", "0"], [1760932800000, "0.0247800", "0.0248210", "0.0243500", "0.0245710", "9690928", 1760936399999, "238031.5181350", 3527, "4691457", "115240.6139950", "0"], [1760936400000, "0.0245700", "0.0245700", "0.0242000", "0.0244880", "5771577", 1760939999999, "140796.3340320", 2396, "2560958", "62497.4770160", "0"], [1760940000000, "0.0244890", "0.0248200", "0.0244220", "0.0247200", "4174142", 1760943599999, "102753.5262950", 1815, "2009642", "49484.6724470", "0"], [1760943600000, "0.0247210", "0.0251980", "0.0244310", "0.0250600", "11597184", 1760947199999, "289057.0600800", 4787, "6396843", "159609.9748820", "0"], [1760947200000, "0.0250360", "0.0252920", "0.0246610", "0.0249090", "7089549", 1760950799999, "177393.4813600", 2848, "3351580", "83992.5801840", "0"], [1760950800000, "0.0249180", "0.0255780", "0.0248870", "0.0250650", "7362145", 1760954399999, "185738.6344020", 3437, "3415305", "86142.6991780", "0"], [1760954400000, "0.0250630", "0.0254830", "0.0246500", "0.0252960", "18277571", 1760957999999, "457752.7313270", 7418, "8828664", "221150.1370530", "0"], [1760958000000, "0.0252960", "0.0255510", "0.0250820", "0.0254300", "9308762", 1760961599999, "235306.0390940", 4677, "4513868", "114090.1217900", "0"], [1760961600000, "0.0254280", "0.0268060", "0.0254230", "0.0262040", "26307373", 1760965199999, "682117.4761860", 12089, "13577641", "352325.3560120", "0"], [1760965200000, "0.0262040", "0.0276700", "0.0260400", "0.0274920", "33916198", 1760968799999, "917949.0839920", 12149, "17366259", "469506.9002870", "0"], [1760968800000, "0.0274800", "0.0281950", "0.0267930", "0.0280810", "27167298", 1760972399999, "745038.4863010", 10215, "14790091", "406102.4267160", "0"], [1760972400000, "0.0280890", "0.0288870", "0.0276460", "0.0278700", "53454599", 1760975999999, "1509467.2959790", 16604, "29328656", "828564.0147910", "0"], [1760976000000, "0.0278670", "0.0286100", "0.0268210", "0.0278670", "68099100", 1760979599999, "1890070.7966370", 18950, "33588736", "932999.2145190", "0"], [1760979600000, "0.0278700", "0.0287080", "0.0277940", "0.0282950", "22479039", 1760983199999, "633543.7645690", 10592, "11475749", "323444.7841670", "0"], [1760983200000, "0.0282860", "0.0290880", "0.0279680", "0.0285350", "48413042", 1760986799999, "1383965.1548640", 15894, "24081206", "689196.9478500", "0"], [1760986800000, "0.0285280", "0.0287400", "0.0276100", "0.0284150", "14738407", 1760990399999, "415349.6999750", 7885, "7183273", "202522.9834300", "0"], [1760990400000, "0.0283970", "0.0285140", "0.0277360", "0.0280150", "9134297", 1760993999999, "256354.7789360", 4722, "3933020", "110369.1254260", "0"], [1760994000000, "0.0280070", "0.0284250", "0.0278480", "0.0280510", "7799061", 1760997599999, "219284.5674770", 4678, "3894748", "109552.5123400", "0"], [1760997600000, "0.0280430", "0.0280430", "0.0274050", "0.0276890", "9423485", 1761001199999, "261077.6709130", 5327, "4004122", "110966.9274880", "0"], [1761001200000, "0.0276750", "0.0279450", "0.0273050", "0.0275450", "6697155", 1761004799999, "185015.1579620", 3274, "3467830", "95925.0747850", "0"], [1761004800000, "0.0275500", "0.0276800", "0.0269970", "0.0272640", "10238920", 1761008399999, "279757.0313770", 4089, "5136031", "140529.6173050", "0"], [1761008400000, "0.0272600", "0.0277600", "0.0270070", "0.0272700", "6821349", 1761011999999, "186807.9743680", 3678, "3263642", "89324.4303990", "0"], [1761012000000, "0.0272680", "0.0276700", "0.0269140", "0.0276090", "7285716", 1761015599999, "198498.4664780", 3468, "3406649", "92936.1017540", "0"], [1761015600000, "0.0275980", "0.0284000", "0.0272040", "0.0276830", "34429948", 1761019199999, "959438.3570900", 12302, "18291508", "510093.8497090", "0"], [1761019200000, "0.0276810", "0.0283100", "0.0274220", "0.0281630", "25680724", 1761022799999, "717780.4248280", 11207, "12740661", "356054.2842290", "0"], [1761022800000, "0.0281470", "0.0290500", "0.0279490", "0.0288250", "47328729", 1761026399999, "1350788.7599100", 17059, "24523998", "700275.7714750", "0"], [1761026400000, "0.0287900", "0.0289400", "0.0278000", "0.0283670", "34516704", 1761029999999, "978967.1500470", 11823, "17348897", "492046.7816120", "0"], [1761030000000, "0.0283770", "0.0285510", "0.0270870", "0.0279120", "41379431", 1761033599999, "1152032.5777400", 13370, "19953231", "556312.8549840", "0"], [1761033600000, "0.0279050", "0.0288630", "0.0277600", "0.0285600", "17799708", 1761037199999, "505501.6776900", 8329, "9748892", "277001.8208610", "0"], [1761037200000, "0.0285560", "0.0292110", "0.0284770", "0.0286410", "32061721", 1761040799999, "925607.1927700", 10233, "14519416", "419636.2721450", "0"], [1761040800000, "0.0286300", "0.0287830", "0.0281470", "0.0282130", "21574638", 1761044399999, "612325.2021040", 8163, "9942743", "282453.1767690", "0"], [1761044400000, "0.0282060", "0.0287180", "0.0277900", "0.0285380", "21221073", 1761047999999, "598995.6066350", 8058, "10443264", "294898.9550960", "0"], [1761048000000, "0.0285200", "0.0291500", "0.0281450", "0.0283700", "19606279", 1761051599999, "560050.0085130", 7919, "9078893", "259665.9252810", "0"], [1761051600000, "0.0283580", "0.0297720", "0.0283200", "0.0290290", "26000158", 1761055199999, "753192.9149410", 8431, "11445721", "332037.0662940", "0"], [1761055200000, "0.0290240", "0.0304620", "0.0289080", "0.0300590", "47660597", 1761058799999, "1416062.5323320", 14286, "25322321", "752369.8514320", "0"], [1761058800000, "0.0300590", "0.0307930", "0.0292600", "0.0307050", "37061205", 1761062399999, "1118143.4013550", 9929, "17468105", "527177.9272370", "0"], [1761062400000, "0.0306830", "0.0309360", "0.0298870", "0.0299180", "25175412", 1761065999999, "765212.2780540", 8182, "12061578", "367023.3333960", "0"], [1761066000000, "0.0299420", "0.0300320", "0.0286930", "0.0296880", "43459259", 1761069599999, "1275940.3269880", 12755, "20333912", "597350.4157520", "0"], [1761069600000, "0.0296930", "0.0301310", "0.0294010", "0.0299700", "10862477", 1761073199999, "322744.0559810", 4138, "5069434", "150553.0874430", "0"], [1761073200000, "0.0299700", "0.0303870", "0.0298330", "0.0300240", "12029560", 1761076799999, "362132.3519660", 5323, "6078631", "183140.2125400", "0"], [1761076800000, "0.0300230", "0.0303340", "0.0298960", "0.0302920", "6026763", 1761080399999, "181607.1916940", 3672, "3144380", "94786.2928080", "0"], [1761080400000, "0.0302970", "0.0305150", "0.0294680", "0.0302380", "18447933", 1761083999999, "553659.9209540", 7532, "7911827", "238159.7530170", "0"], [1761084000000, "0.0302460", "0.0303770", "0.0295260", "0.0298740", "6898051", 1761087599999, "206369.0659710", 2754, "3476062", "103996.8270860", "0"], [1761087600000, "0.0298710", "0.0307150", "0.0298590", "0.0306330", "9438795", 1761091199999, "287319.6511950", 2178, "4148437", "126317.9491830", "0"]]}