{"_ts": 1761088072.7654107, "data": [[1760709600000, "4.500000", "4.671000", "3.616000", "3.875000", "2433270.2", 1760713199999, "9709725.3198000", 125584, "1201408.7", "4807239.9498000", "0"], [1760713200000, "3.883000", "3.955000", "3.129000", "3.351000", "5293832.0", 1760716799999, "18622568.4154000", 296854, "2665216.5", "9384303.9810000", "0"], [1760716800000, "3.357000", "3.464000", "2.920000", "3.165000", "2618912.7", 1760720399999, "8262922.4924000", 120908, "1310415.8", "4134112.6021000", "0"], [1760720400000, "3.162000", "3.770000", "3.143000", "3.663000", "2535773.1", 1760723999999, "8714193.5247000", 130610, "1281913.3", "4408183.3491000", "0"], [1760724000000, "3.662000", "4.410000", "3.636000", "3.742000", "3582654.2", 1760727599999, "14512564.3532000", 174156, "1774913.8", "7196035.9333000", "0"], [1760727600000, "3.740000", "3.986000", "3.650000", "3.687000", "1419398.3", 1760731199999, "5397113.9295000", 71876, "721999.4", "2749840.3788000", "0"], [1760731200000, "3.687000", "3.753000", "3.309000", "3.340000", "1192537.1", 1760734799999, "4225105.2464000", 64248, "560511.6", "1987434.2484000", "0"], [1760734800000, "3.340000", "3.800000", "3.251000", "3.598000", "1129102.6", 1760738399999, "3927716.4523000", 60002, "578050.4", "2011562.0733000", "0"], [1760738400000, "3.605000", "3.907000", "3.449000", "3.741000", "815426.5", 1760741999999, "3000996.1340000", 52118, "404238.5", "1489327.3119000", "0"], [1760742000000, "3.745000", "4.000000", "3.663000", "3.728000", "1298961.9", 1760745599999, "5006350.8093000", 66444, "648365.4", "2501447.4750000", "0"], [1760745600000, "3.726000", "4.156000", "3.701000", "3.777000", "1207597.6", 1760749199999, "4757343.3311000", 70135, "621367.7", "2449348.5952000", "0"], [1760749200000, "3.781000", "4.230000", "3.744000", "4.040000", "952249.0", 1760752799999, "3788553.1207000", 52116, "481241.1", "1917327.9013000", "0"], [1760752800000, "4.037000", "4.058000", "3.725000", "3.764000", "550852.1", 1760756399999, "2148414.6576000", 32376, "267265.0", "1043977.4709000", "0"], [1760756400000, "3.769000", "4.000000", "3.576000", "3.749000", "804207.2", 1760759999999, "3008893.9600000", 44527, "412921.3", "1547817.7334000", "0"], [1760760000000, "3.749000", "3.868000", "3.435000", "3.545000", "733446.7", 1760763599999, "2673356.4957000", 36585, "354712.4", "1293604.1994000", "0"], [1760763600000, "3.545000", "3.689000", "3.451000", "3.507000", "421458.6", 1760767199999, "1492811.8135000", 18356, "211418.9", "749799.5388000", "0"], [1760767200000, "3.506000", "3.697000", "3.469000", "3.514000", "396871.8", 1760770799999, "1410119.4553000", 19133, "187544.5", "667373.0200000", "0"], [1760770800000, "3.517000", "3.667000", "3.372000", "3.610000", "561129.8", 1760774399999, "1967756.5663000", 25136, "271447.5", "952885.2198000", "0"], [1760774400000, "3.611000", "3.650000", "3.464000", "3.558000", "530905.5", 1760777999999, "1896002.0016000", 27180, "266881.9", "953070.2339000", "0"], [1760778000000, "3.562000", "3.600000", "3.313000", "3.522000", "821436.9", 1760781599999, "2818522.7116000", 50706, "424795.5", "1459130.4778000", "0"], [1760781600000, "3.521000", "3.918000", "3.501000", "3.722000", "1007588.0", 1760785199999, "3776957.4587000", 61341, "518853.8", "1944124.3927000", "0"], [1760785200000, "3.722000", "3.889000", "3.664000", "3.702000", "597856.2", 1760788799999, "2259164.7323000", 39493, "301310.3", "1139477.5899000", "0"], [1760788800000, "3.701000", "3.847000", "3.665000", "3.758000", "495017.4", 1760792399999, "1861545.7940000", 32959, "256822.0", "966129.1054000", "0"], [1760792400000, "3.759000", "5.465000", "3.730000", "4.054000", "6246633.0", 1760795999999, "29289016.1395000", 322116, "3032791.6", "14185330.9696000", "0"], [1760796000000, "4.054000", "4.245000", "3.351000", "3.703000", "3573180.8", 1760799599999, "13438551.6327000", 198579, "1674769.0", "6304092.4580000", "0"], [1760799600000, "3.703000", "5.100000", "3.087000", "4.553000", "8109640.4", 1760803199999, "34045428.2546000", 423403, "4116377.9", "17252049.4230000", "0"], [1760803200000, "4.566000", "4.777000", "4.146000", "4.533000", "5352896.9", 1760806799999, "24131436.2334000", 314651, "2714946.8", "12247928.7752000", "0"], [1760806800000, "4.533000", "4.998000", "4.400000", "4.565000", "3657866.6", 1760810399999, "17163409.9061000", 227676, "1873470.6", "8798499.5537000", "0"], [1760810400000, "4.565000", "4.800000", "4.378000", "4.435000", "1733693.8", 1760813999999, "7933828.2812000", 115175, "857096.1", "3924798.4063000", "0"], [1760814000000, "4.435000", "4.457000", "4.200000", "4.280000", "1302437.1", 1760817599999, "5647005.4210000", 95479, "640666.2", "2780017.7911000", "0"], [1760817600000, "4.276000", "4.609000", "4.130000", "4.472000", "1269774.2", 1760821199999, "5482711.9233000", 100916, "654472.5", "2827296.1125000", "0"], [1760821200000, "4.471000", "4.510000", "4.124000", "4.136000", "824759.8", 1760824799999, "3589821.9994000", 67731, "398917.4", "1738095.6488000", "0"], [1760824800000, "4.135000", "4.361000", "4.024000", "4.248000", "954832.2", 1760828399999, "3994527.2275000", 59406, "454650.6", "1905006.2959000", "0"], [1760828400000, "4.249000", "4.450000", "4.050000", "4.357000", "906590.9", 1760831999999, "3835629.3900000", 59952, "469096.4", "1984715.9796000", "0"], [1760832000000, "4.357000", "4.538000", "4.078000", "4.177000", "1031728.3", 1760835599999, "4462334.2798000", 68294, "513757.0", "2222218.2032000", "0"], [1760835600000, "4.176000", "4.339000", "4.121000", "4.236000", "614367.9", 1760839199999, "2600638.9896000", 53063, "301859.3", "1277502.5091000", "0"], [1760839200000, "4.236000", "4.262000", "3.573000", "3.773000", "1509867.0", 1760842799999, "5838943.7549000", 89222, "689016.2", "2660917.2294000", "0"], [1760842800000, "3.775000", "3.859000", "3.600000", "3.667000", "853617.3", 1760846399999, "3177608.7169000", 56639, "435754.7", "1622489.2882000", "0"], [1760846400000, "3.667000", "3.784000", "3.601000", "3.734000", "539019.7", 1760849999999, "1998658.4103000", 33868, "265101.5", "983221.9143000", "0"], [1760850000000, "3.734000", "3.981000", "3.656000", "3.700000", "875979.0", 1760853599999, "3334044.2810000", 53211, "436375.8", "1662756.6904000", "0"], [1760853600000, "3.700000", "3.949000", "3.690000", "3.886000", "664969.3", 1760857199999, "2541944.8128000", 42920, "339646.8", "1298646.0382000", "0"], [1760857200000, "3.887000", "4.615000", "3.835000", "4.226000", "3659367.7", 1760860799999, "15714954.5692000", 232256, "1842211.0", "7910007.0234000", "0"], [1760860800000, "4.225000", "4.260000", "3.600000", "3.940000", "3320911.0", 1760864399999, "12814087.9597000", 199262, "1626808.1", "6276414.2272000", "0"], [1760864400000, "3.942000", "4.333000", "3.940000", "4.085000", "2942143.5", 1760867999999, "12160259.5684000", 171867, "1434942.4", "5933290.2998000", "0"], [1760868000000, "4.085000", "4.250000", "4.050000", "4.087000", "1361713.0", 1760871599999, "5664060.0074000", 85654, "658524.3", "2739542.6236000", "0"], [1760871600000, "4.091000", "4.295000", "4.058000", "4.196000", "1000804.4", 1760875199999, "4181281.3428000", 65826, "513644.0", "2145345.9222000", "0"], [1760875200000, "4.196000", "4.428000", "4.025000", "4.275000", "1599003.6", 1760878799999, "6791143.7650000", 107613, "796154.8", "3381084.8730000", "0"], [1760878800000, "4.276000", "4.300000", "3.810000", "3.870000", "1433752.5", 1760882399999, "5688500.7940000", 93188, "680726.6", "2699361.1907000", "0"], [1760882400000, "3.871000", "3.950000", "3.807000", "3.844000", "603748.4", 1760885999999, "2332235.1878000", 42127, "304123.4", "1175957.1611000", "0"], [1760886000000, "3.844000", "4.029000", "3.802000", "3.898000", "865980.3", 1760889599999, "3393666.5794000", 57433, "428936.8", "1681797.9622000", "0"], [1760889600000, "3.896000", "4.010000", "3.753000", "3.971000", "574482.7", 1760893199999, "2237924.2462000", 40409, "276569.6", "1077616.9581000", "0"], [1760893200000, "3.972000", "4.037000", 