{"_ts": 1761074020.3136466, "data": [[1760904000000, "0.006237", "0.006281", "0.006201", "0.006232", "58277168", 1760907599999, "363231.517920", 4882, "34327677", "213914.785169", "0"], [1760907600000, "0.006231", "0.006248", "0.006154", "0.006183", "39968568", 1760911199999, "247449.118613", 3634, "18944776", "117271.942750", "0"], [1760911200000, "0.006183", "0.006222", "0.006161", "0.006181", "34438058", 1760914799999, "213186.169272", 3876, "20948862", "129725.852744", "0"], [1760914800000, "0.006180", "0.006180", "0.006064", "0.006072", "57345601", 1760918399999, "350752.835019", 4586, "26348361", "161150.541897", "0"], [1760918400000, "0.006072", "0.006074", "0.005928", "0.006021", "75464396", 1760921999999, "452965.137892", 7268, "41336550", "248274.334232", "0"], [1760922000000, "0.006020", "0.006046", "0.005958", "0.005982", "51378852", 1760925599999, "308549.779010", 4657, "28804268", "173097.982540", "0"], [1760925600000, "0.005981", "0.006042", "0.005941", "0.005990", "76416017", 1760929199999, "457821.642953", 6373, "32149779", "192578.502410", "0"], [1760929200000, "0.005989", "0.006248", "0.005986", "0.006202", "99247188", 1760932799999, "605138.253408", 8821, "50927564", "310504.077786", "0"], [1760932800000, "0.006201", "0.006246", "0.006161", "0.006202", "105327267", 1760936399999, "653499.566489", 9373, "49102119", "304709.461182", "0"], [1760936400000, "0.006202", "0.006275", "0.006167", "0.006253", "75793072", 1760939999999, "471357.094035", 6912, "38569841", "239879.980461", "0"], [1760940000000, "0.006254", "0.006302", "0.006231", "0.006247", "70790483", 1760943599999, "443480.287738", 6702, "33355077", "208969.969566", "0"], [1760943600000, "0.006247", "0.006252", "0.006165", "0.006211", "43172396", 1760947199999, "268280.664005", 4192, "19738436", "122734.189417", "0"], [1760947200000, "0.006210", "0.006229", "0.006137", "0.006151", "77030034", 1760950799999, "475403.075305", 6441, "34836407", "214894.488598", "0"], [1760950800000, "0.006150", "0.006168", "0.006106", "0.006145", "52707295", 1760954399999, "323391.076961", 5244, "23626788", "144993.382788", "0"], [1760954400000, "0.006148", "0.006211", "0.006114", "0.006154", "69365106", 1760957999999, "427548.234183", 4711, "33374335", "205777.428789", "0"], [1760958000000, "0.006153", "0.006170", "0.006114", "0.006162", "49973310", 1760961599999, "307053.548646", 4105, "24978160", "153536.562074", "0"], [1760961600000, "0.006163", "0.006190", "0.006110", "0.006138", "53035840", 1760965199999, "326363.862350", 4661, "23239026", "143045.130764", "0"], [1760965200000, "0.006139", "0.006209", "0.006127", "0.006190", "57373413", 1760968799999, "353910.840119", 5058, "21712652", "133957.345333", "0"], [1760968800000, "0.006192", "0.006201", "0.006101", "0.006123", "64221534", 1760972399999, "394263.016650", 5640, "29570425", "181708.546125", "0"], [1760972400000, "0.006125", "0.006153", "0.006057", "0.006063", "83071569", 1760975999999, "507612.177050", 6308, "41796904", "255502.964768", "0"], [1760976000000, "0.006062", "0.006062", "0.005939", "0.005985", "140094355", 1760979599999, "839393.131828", 10494, "61287278", "367292.052151", "0"], [1760979600000, "0.005984", "0.006024", "0.005911", "0.005950", "54736731", 1760983199999, "326061.163326", 4343, "28288356", "168623.365112", "0"], [1760983200000, "0.005953", "0.005976", "0.005934", "0.005956", "33395195", 1760986799999, "198815.377670", 3300, "18348337", "109251.770154", "0"], [1760986800000, "0.005955", "0.005963", "0.005922", "0.005929", "56132414", 1760990399999, "333570.013831", 4060, "28642547", "170226.467559", "0"], [1760990400000, "0.005929", "0.005955", "0.005894", "0.005910", "54338542", 1760993999999, "321689.477160", 4249, "28665343", "169815.854785", "0"], [1760994000000, "0.005910", "0.005920", "0.005799", "0.005890", "138311263", 1760997599999, "810912.557343", 8473, "61809516", "362665.220257", "0"], [1760997600000, "0.005889", "0.005939", "0.005867", "0.005912", "62276327", 1761001199999, "367582.521380", 5450, "26871881", "158702.304976", "0"], [1761001200000, "0.005912", "0.005937", "0.005887", "0.005898", "50208793", 1761004799999, "296771.892765", 4516, "18372439", "108627.305472", "0"], [1761004800000, "0.005899", "0.005931", "0.005888", "0.005899", "37712318", 1761008399999, "222887.670775", 4706, "15059104", "89014.990505", "0"], [1761008400000, "0.005900", "0.005908", "0.005812", "0.005846", "67675301", 1761011999999, "396492.841482", 6342, "25531893", "149538.174922", "0"], [1761012000000, "0.005848", "0.005857", "0.005790", "0.005816", "52673921", 1761015599999, "306521.495728", 5119, "22020872", "128170.162555", "0"], [1761015600000, "0.005815", "0.005829", "0.005750", "0.005768", "54925119", 1761019199999, "317759.690402", 4263, "17498510", "101261.623012", "0"], [1761019200000, "0.005769", "0.005782", "0.005680", "0.005690", "112536349", 1761022799999, "645411.640510", 7928, "47580418", "273038.002446", "0"], [1761022800000, "0.005692", "0.005726", "0.005637", "0.005690", "135864434", 1761026399999, "771025.551455", 7930, "58351350", "331278.817648", "0"], [1761026400000, "0.005691", "0.005758", "0.005664", "0.005725", "81047942", 1761029999999, "463131.919463", 5722, "44310637", "253390.166030", "0"], [1761030000000, "0.005725", "0.005788", "0.005693", "0.005769", "60900871", 1761033599999, "350179.150252", 4663, "32314360", "185978.534344", "0"], [1761033600000, "0.005769", "0.005773", "0.005687", "0.005733", "38340092", 1761037199999, "219694.015193", 2947, "21374072", "122482.934976", "0"], [1761037200000, "0.005731", "0.005746", "0.005700", "0.005716", "32659079", 1761040799999, "186916.791542", 2780, "15766973", "90255.209586", "0"], [1761040800000, "0.005719", "0.005819", "0.005699", "0.005782", "62685475", 1761044399999, "360864.217754", 4756, "33303361", "191659.550444", "0"], [1761044400000, "0.005780", "0.005846", "0.005768", "0.005810", "51188272", 1761047999999, "296989.786759", 4283, "26403933", "153199.460342", "0"], [1761048000000, "0.005811", "0.005893", "0.005787", "0.005826", "66192496", 1761051599999, "386922.010133", 5561, "30378947", "177568.589537", "0"], [1761051600000, "0.005828", "0.005857", "0.005744", "0.005769", "86914855", 1761055199999, "504436.759600", 6648, "37162191", "215836.779633", "0"], [1761055200000, "0.005770", "0.006069", "0.005768", "0.006062", "151162614", 1761058799999, "895845.707168", 10697, "82342194", "487547.832027", "0"], [1761058800000, "0.006063", "0.006226", "0.006029", "0.006208", "169827662", 1761062399999, "1042382.443641", 12296, "86152378", "528934.265959", "0"], [1761062400000, "0.006206", "0.006341", "0.006165", "0.006188", "206656034", 1761065999999, "1294802.953767", 15051, "99246126", "622295.340360", "0"], [1761066000000, "0.006190", "0.006264", "0.006103", "0.006230", "149759315", 1761069599999, "929044.919441", 10976, "75894309", "471154.030073", "0"], [1761069600000, "0.006231", "0.006246", "0.006132", "0.006177", "63690176", 1761073199999, "393811.526159", 5243, "31541858", "195146.492367", "0"], [1761073200000, "0.006177", "0.006182", "0.006145", "0.006161", "15959818", 1761076799999, "98236.017342", 1303, "9545744", "58749.821325", "0"]]}