{"_ts": 1761088107.2755256, "data": [[1760792400000, "0.0232000", "0.0399000", "0.0185730", "0.0195170", "2446286193", 1760795999999, "59809583.1588150", 597346, "1163557629", "28436938.1815790", "0"], [1760796000000, "0.0195380", "0.0223650", "0.0174370", "0.0192650", "3775866160", 1760799599999, "74400049.7010570", 790710, "1887931579", "37261063.5796670", "0"], [1760799600000, "0.0192680", "0.0196880", "0.0130330", "0.0136640", "3777752393", 1760803199999, "58725245.1215510", 588790, "1826210627", "28340374.1922280", "0"], [1760803200000, "0.0136540", "0.0154380", "0.0122960", "0.0127640", "2645570156", 1760806799999, "37014544.1598780", 395053, "1304832166", "18284581.7493200", "0"], [1760806800000, "0.0127640", "0.0129970", "0.0074230", "0.0090420", "6379333974", 1760810399999, "63657002.1042530", 644023, "3139692322", "31308447.4871400", "0"], [1760810400000, "0.0090420", "0.0099410", "0.0077780", "0.0086670", "4658044175", 1760813999999, "41296502.5559380", 529825, "2368703749", "21040867.1466320", "0"], [1760814000000, "0.0086640", "0.0088290", "0.0072000", "0.0074230", "3450293246", 1760817599999, "27486659.0059870", 338167, "1712077224", "13650777.9582450", "0"], [1760817600000, "0.0074260", "0.0106020", "0.0072450", "0.0101200", "3962560013", 1760821199999, "33350744.2540990", 379908, "2080538603", "17489782.1501610", "0"], [1760821200000, "0.0101210", "0.0121050", "0.0090700", "0.0097610", "3414030603", 1760824799999, "36020558.5169880", 423668, "1693749070", "17886321.7579730", "0"], [1760824800000, "0.0097640", "0.0104560", "0.0080640", "0.0086870", "2296290520", 1760828399999, "21268302.6032990", 333500, "1109739784", "10298352.6957820", "0"], [1760828400000, "0.0086920", "0.0089610", "0.0080320", "0.0084920", "1909812694", 1760831999999, "16259386.0162400", 239809, "994654873", "8485454.7139180", "0"], [1760832000000, "0.0085090", "0.0095400", "0.0084680", "0.0094860", "1724160470", 1760835599999, "15470571.7347250", 180406, "873399166", "7837833.5386370", "0"], [1760835600000, "0.0094810", "0.0102300", "0.0088000", "0.0089420", "2164868527", 1760839199999, "20772434.8648530", 237677, "1050987603", "10111329.7136040", "0"], [1760839200000, "0.0089410", "0.0106500", "0.0086670", "0.0106060", "1893178595", 1760842799999, "18167942.4595650", 222949, "960590630", "9234486.9747540", "0"], [1760842800000, "0.0106040", "0.0110920", "0.0096570", "0.0104090", "2053596120", 1760846399999, "20969104.0963400", 250607, "1007696878", "10305479.8062110", "0"], [1760846400000, "0.0104060", "0.0121110", "0.0103640", "0.0119710", "2903645541", 1760849999999, "32728693.7765280", 368982, "1452896613", "16386782.7461750", "0"], [1760850000000, "0.0119680", "0.0127880", "0.0110100", "0.0116930", "2436962563", 1760853599999, "29331827.3621280", 350033, "1183799348", "14263584.7294720", "0"], [1760853600000, "0.0116970", "0.0119840", "0.0094500", "0.0103090", "2918867990", 1760857199999, "30517761.0923180", 374554, "1385259534", "14484189.6643950", "0"], [1760857200000, "0.0103010", "0.0113610", "0.0098830", "0.0104420", "1994286999", 1760860799999, "21158540.5444730", 247865, "991839207", "10532845.5157580", "0"], [1760860800000, "0.0104420", "0.0125990", "0.0102040", "0.0111960", "2885038444", 1760864399999, "33225823.6365560", 387838, "1458061678", "16822325.3853050", "0"], [1760864400000, "0.0112000", "0.0120060", "0.0106010", "0.0109830", "1858188527", 1760867999999, "20936754.5329560", 252168, "886859932", "10008605.8188750", "0"], [1760868000000, "0.0109870", "0.0111460", "0.0098590", "0.0099890", "1521954940", 1760871599999, "15956414.5272670", 197111, "684863385", "7195189.7779290", "0"], [1760871600000, "0.0099820", "0.0107980", "0.0095530", "0.0107120", "1261399490", 1760875199999, "12997614.9246550", 160184, "625506335", "6458626.0455100", "0"], [1760875200000, "0.0107130", "0.0111350", "0.0102690", "0.0103220", "1107161021", 1760878799999, "11809127.7584450", 141549, "534732068", "5716843.5910330", "0"], [1760878800000, "0.0103220", "0.0109620", "0.0099010", "0.0107290", "1368672206", 1760882399999, "14197706.0070330", 163590, "690429469", "7169706.7470200", "0"], [1760882400000, "0.0107260", "0.0115080", "0.0104280", "0.0111930", "1368298389", 1760885999999, "14952395.0659010", 175343, "682864940", "7466571.7878080", "0"], [1760886000000, "0.0112020", "0.0114380", "0.0104460", "0.0107080", "1058294816", 1760889599999, "11474935.6813730", 149118, "512560514", "5561134.5288620", "0"], [1760889600000, "0.0107040", "0.0125800", "0.0106630", "0.0125160", "2202526426", 1760893199999, "26350677.3876900", 259951, "1107821425", "13257785.8517550", "0"], [1760893200000, "0.0125150", "0.0127790", "0.0114860", "0.0126930", "2440642825", 1760896799999, "29967958.7328120", 290070, "1249865181", "15373196.9207190", "0"], [1760896800000, "0.0126840", "0.0146370", "0.0123620", "0.0139280", "3286392865", 1760900399999, "44322477.1042640", 416052, "1730016680", "23354772.6245800", "0"], [1760900400000, "0.0139280", "0.0149290", "0.0132210", "0.0138050", "2676144775", 1760903999999, "37701739.4714990", 384445, "1310890420", "18491112.6076600", "0"], [1760904000000, "0.0138070", "0.0146490", "0.0132780", "0.0139700", "1719538317", 1760907599999, "24165534.3385210", 248100, "849284246", "11943713.2079250", "0"], [1760907600000, "0.0139730", "0.0140150", "0.0098170", "0.0106680", "2504407627", 1760911199999, "29784157.0413240", 366742, "1095735057", "13019445.8592040", "0"], [1760911200000, "0.0106580", "0.0117000", "0.0102000", "0.0112720", "2030172274", 1760914799999, "22345233.2394920", 327794, "1047435179", "11534725.6353790", "0"], [1760914800000, "0.0112720", "0.0113010", "0.0101280", "0.0107750", "1231221388", 1760918399999, "13376806.6567600", 198268, "584182644", "6353276.2300640", "0"], [1760918400000, "0.0107690", "0.0121110", "0.0102590", "0.0108430", "1918447605", 1760921999999, "21291945.3694380", 292596, "945300168", "10497395.0339270", "0"], [1760922000000, "0.0108440", "0.0110470", "0.0105000", "0.0108840", "748124323", 1760925599999, "8080952.6120080", 131580, "371676082", "4017382.5766180", "0"], [1760925600000, "0.0108860", "0.0109590", "0.0098720", "0.0102910", "1133126740", 1760929199999, "11761681.1668500", 163944, "527808025", "5485221.5341890", "0"], [1760929200000, "0.0102910", "0.0113330", "0.0096600", "0.0112210", "1121954833", 1760932799999, "11948353.1880010", 149343, "536772520", "5736975.8953140", "0"], [1760932800000, "0.0112200", "0.0114600", "0.0110420", "0.0113270", "608449544", 1760936399999, "6860869.0688140", 89110, "290350518", "3275377.6438720", "0"], [1760936400000, "0.0113260", "0.0114200", "0.0110600", "0.0113540", "514788517", 1760939999999, "5787777.2775630", 71105, "245477139", "2760577.8564720", "0"], [1760940000000, "0.0113540", "0.0118360", "0.0110990", "0.0113400", "817119119", 1760943599999, "9407372.2672150", 105143, "396675296", "4570753.6080840", "0"], [1760943600000, "0.0113380", "0.0117130", "0.0112500", "0.0114880", "510185931", 1760947199999, "5874331.7581050", 74207, "245937980", "2832961.3936440", "0"], [1760947200000, "0.0114890", "0.0115800", "0.0106860", "0.0109690", "647878281", 1760950799999, "7189070.4697190", 86739, "285479778", "3169561.2225280", "0"], [1760950800000, "0.0109700", "0.0109880", "0.0102870", "0.0103720", "744384448", 1760954399999, "7851486.8684580", 94563, "346522204", "3652620.9055540", "0"], [1760954400000, "0.0103730", "0.0106440", "0.0100200", "0.0102220", "574111679", 1760957999999, "5947727.1120420", 73028, "275631205", "2859509.5940830", "0"], [1760958000000, "0.0102240", "0.0104500", "0.0100840", "0.0102360", "408000348", 1760961599999, "4183469.8626370", 52782, "208386446", "2138179.7708790", "0"], [1760961600000, "0.0102360", "0.0103070", "0.0092140", "0.0098950", "1181099751", 1760965199999, "11460509.9650650", 139965, "542415104", "5262949.4355720", "0"], [1760965200000, "0.0098910", "0.0100330", "0.0093800", "0.0094100", "633299942", 1760968799999, "6125468.9076910", 