{"_ts": 1761088738.5566883, "data": [[1760918400000, "0.0762000", "0.0762400", "0.0748500", "0.0756000", "7240743", 1760921999999, "546739.2493700", 7079, "2989279", "225974.9186700", "0"], [1760922000000, "0.0755900", "0.0758300", "0.0754000", "0.0755200", "1958207", 1760925599999, "148119.9273100", 2850, "938958", "71054.9520100", "0"], [1760925600000, "0.0755100", "0.0762500", "0.0751900", "0.0761400", "2148388", 1760929199999, "162651.0681300", 3367, "1065770", "80695.0766600", "0"], [1760929200000, "0.0761400", "0.0776100", "0.0760000", "0.0774300", "3279648", 1760932799999, "251792.0767000", 4242, "1674259", "128586.4037300", "0"], [1760932800000, "0.0774600", "0.0779000", "0.0772600", "0.0778600", "4035878", 1760936399999, "312765.5021000", 5036, "2050271", "158947.1247200", "0"], [1760936400000, "0.0778600", "0.0781300", "0.0774800", "0.0779400", "3365398", 1760939999999, "261631.2553500", 3527, "1382830", "107582.0215900", "0"], [1760940000000, "0.0779400", "0.0781100", "0.0776900", "0.0779300", "3905831", 1760943599999, "304355.9342700", 3994, "1554172", "121151.0556200", "0"], [1760943600000, "0.0779200", "0.0783000", "0.0777000", "0.0778900", "3787146", 1760947199999, "295441.1040300", 3948, "1759382", "137249.4262500", "0"], [1760947200000, "0.0779000", "0.0782600", "0.0773800", "0.0778600", "3062266", 1760950799999, "238239.3307000", 3587, "1100836", "85724.2430500", "0"], [1760950800000, "0.0778500", "0.0780800", "0.0776000", "0.0780500", "1683407", 1760954399999, "130984.7223900", 2484, "720716", "56092.3479200", "0"], [1760954400000, "0.0780600", "0.0782200", "0.0772500", "0.0776200", "4016602", 1760957999999, "312433.8878900", 4219, "1515184", "117951.3941000", "0"], [1760958000000, "0.0776100", "0.0779100", "0.0774400", "0.0778700", "2037225", 1760961599999, "158209.8531000", 3751, "853263", "66276.7856500", "0"], [1760961600000, "0.0778700", "0.0784400", "0.0776700", "0.0783300", "3412858", 1760965199999, "266573.9870500", 3649, "1711383", "133733.4745400", "0"], [1760965200000, "0.0783300", "0.0786600", "0.0781200", "0.0784200", "5153954", 1760968799999, "404274.0757000", 4866, "1695699", "133027.9864200", "0"], [1760968800000, "0.0784300", "0.0785200", "0.0777500", "0.0782400", "3400561", 1760972399999, "265810.8474500", 4178, "1522827", "119070.4585100", "0"], [1760972400000, "0.0782500", "0.0783600", "0.0774200", "0.0774800", "5025461", 1760975999999, "391259.0255700", 4250, "2467101", "192129.6842600", "0"], [1760976000000, "0.0775000", "0.0775000", "0.0763100", "0.0767900", "8064815", 1760979599999, "620138.9143800", 7730, "3844256", "295604.7763600", "0"], [1760979600000, "0.0768100", "0.0772700", "0.0765100", "0.0769100", "3487932", 1760983199999, "268277.3505700", 4150, "1599171", "122992.2002800", "0"], [1760983200000, "0.0769100", "0.0771200", "0.0765600", "0.0771200", "1956689", 1760986799999, "150310.5964000", 2981, "1065870", "81895.7103400", "0"], [1760986800000, "0.0771100", "0.0774900", "0.0767100", "0.0773400", "2436800", 1760990399999, "187756.9173900", 2885, "1135372", "87539.9420200", "0"], [1760990400000, "0.0773200", "0.0780100", "0.0772100", "0.0780100", "2396026", 1760993999999, "185818.2708900", 2559, "792155", "61450.6737200", "0"], [1760994000000, "0.0780300", "0.0780900", "0.0776400", "0.0780000", "2857044", 1760997599999, "222630.3658600", 2999, "1419956", "110643.1058300", "0"], [1760997600000, "0.0780000", "0.0782800", "0.0777600", "0.0778400", "1707902", 1761001199999, "133269.5563900", 2424, "715845", "55881.5855500", "0"], [1761001200000, "0.0778500", "0.0779500", "0.0775900", "0.0776300", "912772", 1761004799999, "70967.0993900", 1458, "410672", "31930.8181500", "0"], [1761004800000, "0.0776200", "0.0778200", "0.0774100", "0.0777800", "1724676", 1761008399999, "133865.7195100", 2728, "978891", "75991.1549800", "0"], [1761008400000, "0.0777800", "0.0779100", "0.0769800", "0.0772100", "4402543", 1761011999999, "341144.8789100", 4621, "1908855", "147943.0895800", "0"], [1761012000000, "0.0772000", "0.0772200", "0.0758100", "0.0759400", "7687151", 1761015599999, "587124.0908700", 7826, "2919637", "223138.7044000", "0"], [1761015600000, "0.0759500", "0.0760000", "0.0752800", "0.0753700", "5327248", 1761019199999, "402668.2534400", 5644, "3236595", "244698.4765800", "0"], [1761019200000, "0.0753600", "0.0755300", "0.0740600", "0.0741300", "8002043", 1761022799999, "597379.6009300", 9465, "3737846", "279126.6857000", "0"], [1761022800000, "0.0741400", "0.0746200", "0.0739000", "0.0743100", "6127465", 1761026399999, "455094.5990100", 7084, "3200450", "237739.8179500", "0"], [1761026400000, "0.0743200", "0.0747700", "0.0740500", "0.0745600", "6418933", 1761029999999, "477867.2978400", 6434, "4119897", "306845.2096200", "0"], [1761030000000, "0.0745600", "0.0747400", "0.0742300", "0.0746300", "4348445", 1761033599999, "323876.9421500", 4655, "2531066", "188529.9681000", "0"], [1761033600000, "0.0746200", "0.0746200", "0.0734100", "0.0738800", "8097255", 1761037199999, "599182.1333200", 6496, "4040995", "298912.0683600", "0"], [1761037200000, "0.0738800", "0.0740900", "0.0735900", "0.0737200", "5858365", 1761040799999, "432202.9398200", 5397, "3069419", "226504.6393300", "0"], [1761040800000, "0.0737200", "0.0746500", "0.0736700", "0.0743600", "4977786", 1761044399999, "368628.7738300", 5768, "3272352", "242218.1690600", "0"], [1761044400000, "0.0743600", "0.0747200", "0.0740300", "0.0745400", "7208542", 1761047999999, "536227.9458900", 5342, "4851840", "360900.5733200", "0"], [1761048000000, "0.0745600", "0.0752000", "0.0740400", "0.0740400", "9661623", 1761051599999, "720213.0072100", 7771, "3020408", "225288.9375200", "0"], [1761051600000, "0.0740700", "0.0743300", "0.0734100", "0.0739500", "10686994", 1761055199999, "789688.2793300", 10278, "5533482", "409024.9121900", "0"], [1761055200000, "0.0739500", "0.0767600", "0.0739000", "0.0767000", "18042971", 1761058799999, "1358353.6104200", 13344, "9312543", "700775.8101900", "0"], [1761058800000, "0.0767000", "0.0773100", "0.0760600", "0.0768600", "13505201", 1761062399999, "1036607.6654000", 10820, "5505852", "422843.5941800", "0"], [1761062400000, "0.0768300", "0.0772800", "0.0758500", "0.0760100", "11861233", 1761065999999, "910556.0162000", 9485, "5721063", "439388.6123400", "0"], [1761066000000, "0.0760200", "0.0765400", "0.0753800", "0.0762500", "8345914", 1761069599999, "634575.3660700", 7482, "3996692", "304024.8446300", "0"], [1761069600000, "0.0762500", "0.0766300", "0.0757500", "0.0763200", "5034531", 1761073199999, "383275.2489300", 6372, "2559691", "194868.1511800", "0"], [1761073200000, "0.0763100", "0.0771200", "0.0762600", "0.0766500", "5469529", 1761076799999, "419548.5335000", 6257, "2509198", "192500.9708700", "0"], [1761076800000, "0.0767100", "0.0767800", "0.0755500", "0.0761900", "5090379", 1761080399999, "387484.2336000", 6782, "2585963", "196845.9339700", "0"], [1761080400000, "0.0761300", "0.0765000", "0.0749600", "0.0757700", "5156752", 1761083999999, "390129.9863900", 5384, "2328305", "176191.6960100", "0"], [1761084000000, "0.0757600", "0.0757900", "0.0741400", "0.0743800", "10843326", 1761087599999, "810521.9962300", 9313, "4653925", "348096.5635200", "0"], [1761087600000, "0.0743800", "0.0745300", "0.0741500", "0.0743700", "2701645", 1761091199999, "200735.5391500", 2065, "981983", "73036.5482200", "0"]]}