{"_ts": 1761088516.8879743, "data": [[1760918400000, "0.0397700", "0.0397700", "0.0388200", "0.0394500", "7616774", 1760921999999, "299337.2227100", 4370, "3454590", "135674.1553500", "0"], [1760922000000, "0.0394600", "0.0396100", "0.0392900", "0.0394200", "2912603", 1760925599999, "114928.0960100", 2267, "1379026", "54426.5032500", "0"], [1760925600000, "0.0394300", "0.0398000", "0.0392300", "0.0397100", "2775255", 1760929199999, "109631.0678800", 2075, "1297269", "51259.1121000", "0"], [1760929200000, "0.0397100", "0.0408100", "0.0396200", "0.0406400", "4376380", 1760932799999, "175700.3011700", 2935, "2157846", "86674.2617000", "0"], [1760932800000, "0.0406600", "0.0408100", "0.0404500", "0.0407100", "3937273", 1760936399999, "159910.2223600", 2601, "1633680", "66337.1042900", "0"], [1760936400000, "0.0407100", "0.0408400", "0.0404500", "0.0407000", "1730218", 1760939999999, "70302.8886300", 1521, "782273", "31799.2644300", "0"], [1760940000000, "0.0407100", "0.0410400", "0.0406500", "0.0407600", "2632265", 1760943599999, "107512.9673800", 3253, "1042498", "42578.9173200", "0"], [1760943600000, "0.0407500", "0.0409600", "0.0405600", "0.0407500", "3647411", 1760947199999, "148744.2524300", 1876, "1503111", "61323.0053400", "0"], [1760947200000, "0.0407700", "0.0408800", "0.0405000", "0.0405500", "3088262", 1760950799999, "125710.7543300", 1552, "1952840", "79546.1115700", "0"], [1760950800000, "0.0405500", "0.0405800", "0.0402700", "0.0404800", "2139059", 1760954399999, "86443.7595500", 1517, "1074269", "43400.1625200", "0"], [1760954400000, "0.0404800", "0.0407100", "0.0402100", "0.0403400", "2798694", 1760957999999, "113328.1430400", 1897, "1341624", "54325.4593200", "0"], [1760958000000, "0.0403300", "0.0404400", "0.0401900", "0.0404100", "2297829", 1760961599999, "92630.7423700", 1901, "1219693", "49174.6661700", "0"], [1760961600000, "0.0404100", "0.0404900", "0.0401800", "0.0403100", "1749365", 1760965199999, "70548.4425500", 1261, "922362", "37204.8555400", "0"], [1760965200000, "0.0403300", "0.0406300", "0.0400500", "0.0405100", "4518326", 1760968799999, "182545.1006100", 2465, "2395049", "96776.2454100", "0"], [1760968800000, "0.0405200", "0.0406700", "0.0402100", "0.0405600", "3152604", 1760972399999, "127573.5442100", 2150, "1527597", "61795.9731100", "0"], [1760972400000, "0.0405600", "0.0406500", "0.0401700", "0.0401900", "5470980", 1760975999999, "221284.3084900", 2859, "2750205", "111248.4503400", "0"], [1760976000000, "0.0401900", "0.0402300", "0.0394000", "0.0399600", "7914346", 1760979599999, "315405.0294300", 5154, "3776640", "150458.0794900", "0"], [1760979600000, "0.0399500", "0.0402000", "0.0397300", "0.0399600", "2673235", 1760983199999, "106779.1122800", 2122, "1167045", "46626.5461200", "0"], [1760983200000, "0.0399500", "0.0400900", "0.0397100", "0.0400800", "3009314", 1760986799999, "120046.2253600", 2027, "1546629", "61684.4123900", "0"], [1760986800000, "0.0400800", "0.0404700", "0.0399200", "0.0403200", "2395706", 1760990399999, "96153.4231400", 1983, "1059949", "42560.0481700", "0"], [1760990400000, "0.0403100", "0.0404500", "0.0401600", "0.0403900", "1408734", 1760993999999, "56792.2821500", 2491, "723153", "29164.3361600", "0"], [1760994000000, "0.0403900", "0.0406200", "0.0402900", "0.0403700", "1783830", 1760997599999, "72195.2230800", 1742, "1062582", "43009.2412600", "0"], [1760997600000, "0.0403500", "0.0405800", "0.0402700", "0.0404300", "2431147", 1761001199999, "98316.9334200", 1716, "1338354", "54117.2036100", "0"], [1761001200000, "0.0404200", "0.0407300", "0.0403400", "0.0404100", "4683616", 1761004799999, "189812.2493400", 2598, "2389331", "96857.8672400", "0"], [1761004800000, "0.0404000", "0.0405600", "0.0402600", "0.0402800", "2290004", 1761008399999, "92488.2258800", 1982, "1139220", "46003.0664600", "0"], [1761008400000, "0.0402800", "0.0403500", "0.0398600", "0.0399900", "2553851", 1761011999999, "102292.7606200", 1876, "1563681", "62611.6427600", "0"], [1761012000000, "0.0399900", "0.0399900", "0.0396800", "0.0397300", "2998690", 1761015599999, "119441.7881100", 1587, "1004418", "40034.7996000", "0"], [1761015600000, "0.0397400", "0.0398900", "0.0395300", "0.0396200", "1811718", 1761019199999, "71896.3806000", 1551, "1053854", "41826.5551500", "0"], [1761019200000, "0.0396300", "0.0396300", "0.0388800", "0.0389500", "5611754", 1761022799999, "220599.3484700", 4443, "3019095", "118752.1018500", "0"], [1761022800000, "0.0389500", "0.0390100", "0.0386700", "0.0388700", "4120404", 1761026399999, "159866.7181600", 3071, "1464847", "56835.1471400", "0"], [1761026400000, "0.0388500", "0.0391100", "0.0386400", "0.0390400", "2101224", 1761029999999, "81758.3507600", 2032, "1153489", "44890.9925900", "0"], [1761030000000, "0.0390200", "0.0391600", "0.0386700", "0.0391500", "2284029", 1761033599999, "88881.3517900", 2160, "1266255", "49287.5577000", "0"], [1761033600000, "0.0391400", "0.0391400", "0.0386000", "0.0389100", "3227549", 1761037199999, "125429.0395700", 3567, "1312337", "50990.7091900", "0"], [1761037200000, "0.0389200", "0.0390000", "0.0387100", "0.0387900", "5003590", 1761040799999, "194297.0249300", 5966, "1887574", "73286.4294900", "0"], [1761040800000, "0.0387900", "0.0400200", "0.0387900", "0.0398900", "5182654", 1761044399999, "204267.9236300", 3606, "2773686", "109297.6166700", "0"], [1761044400000, "0.0399000", "0.0424900", "0.0398000", "0.0415200", "57097971", 1761047999999, "2351827.0386900", 22508, "31364898", "1291523.8298500", "0"], [1761048000000, "0.0415200", "0.0416900", "0.0406800", "0.0410400", "28443705", 1761051599999, "1168653.1542000", 11850, "15931236", "654601.2481300", "0"], [1761051600000, "0.0410800", "0.0553000", "0.0407600", "0.0491000", "1145543215", 1761055199999, "58029111.7477600", 322860, "582345885", "29490683.6665500", "0"], [1761055200000, "0.0491000", "0.0493800", "0.0454200", "0.0467300", "461460641", 1761058799999, "21701226.7412000", 127388, "224109253", "10545000.3207100", "0"], [1761058800000, "0.0467300", "0.0498500", "0.0460400", "0.0470600", "342154170", 1761062399999, "16310040.5687400", 87080, "178591842", "8521067.7364600", "0"], [1761062400000, "0.0470500", "0.0471600", "0.0442200", "0.0451700", "124175830", 1761065999999, "5735654.0530700", 46167, "55547915", "2573204.1137600", "0"], [1761066000000, "0.0451700", "0.0452900", "0.0440700", "0.0445100", "81826593", 1761069599999, "3666810.2774800", 34902, "35179394", "1577081.6431700", "0"], [1761069600000, "0.0444900", "0.0445400", "0.0434100", "0.0439600", "52137433", 1761073199999, "2287170.7678000", 22508, "23212501", "1018661.4381400", "0"], [1761073200000, "0.0439600", "0.0441600", "0.0435800", "0.0438600", "17693231", 1761076799999, "776226.9279600", 12021, "9698057", "425595.7657200", "0"], [1761076800000, "0.0438500", "0.0439500", "0.0429000", "0.0430800", "24440582", 1761080399999, "1061271.3976800", 13762, "10528442", "457535.4081400", "0"], [1761080400000, "0.0430800", "0.0432800", "0.0425100", "0.0431900", "20436530", 1761083999999, "876957.7681200", 11580, "10885968", "467408.7219200", "0"], [1761084000000, "0.0431900", "0.0432400", "0.0420000", "0.0428500", "29856984", 1761087599999, "1271064.1592700", 16375, "14331520", "610708.3340000", "0"], [1761087600000, "0.0428400", "0.0429200", "0.0419800", "0.0422800", "19930234", 1761091199999, "845633.7544100", 9699, "8504542", "361211.6231300", "0"]]}