{"_ts": 1761074016.2541535, "data": [[1760904000000, "0.0591200", "0.0593300", "0.0584600", "0.0588700", "12833931", 1760907599999, "756077.2570000", 6293, "6483583", "382305.0792700", "0"], [1760907600000, "0.0588600", "0.0588800", "0.0585900", "0.0588000", "1911155", 1760911199999, "112306.1946200", 1345, "898253", "52788.3561900", "0"], [1760911200000, "0.0587800", "0.0590900", "0.0586200", "0.0589300", "1699319", 1760914799999, "99945.3162300", 1387, "1149107", "67608.0515700", "0"], [1760914800000, "0.0589400", "0.0589400", "0.0585500", "0.0586600", "835320", 1760918399999, "49068.9562700", 1142, "357375", "20986.2790500", "0"], [1760918400000, "0.0586600", "0.0587400", "0.0581700", "0.0586900", "4047415", 1760921999999, "236614.6444700", 4188, "2179662", "127430.2192200", "0"], [1760922000000, "0.0586800", "0.0587400", "0.0583500", "0.0584300", "1559062", 1760925599999, "91231.4585900", 1739, "867441", "50753.2557200", "0"], [1760925600000, "0.0584200", "0.0587900", "0.0583700", "0.0586100", "1017497", 1760929199999, "59659.5027500", 1304, "639578", "37505.8992300", "0"], [1760929200000, "0.0586100", "0.0593600", "0.0584200", "0.0592600", "3028363", 1760932799999, "178388.4313200", 2148, "1929274", "113743.3887600", "0"], [1760932800000, "0.0592600", "0.0594500", "0.0590800", "0.0592400", "1531105", 1760936399999, "90774.5494700", 1849, "817957", "48504.2606000", "0"], [1760936400000, "0.0592400", "0.0593600", "0.0591300", "0.0592800", "3201157", 1760939999999, "189676.7523400", 1628, "879901", "52146.5975300", "0"], [1760940000000, "0.0592800", "0.0597900", "0.0592400", "0.0596800", "5564547", 1760943599999, "330494.0790700", 2565, "2045981", "121635.8842500", "0"], [1760943600000, "0.0596600", "0.0599600", "0.0592600", "0.0593600", "3495590", 1760947199999, "208306.8239900", 2501, "1566248", "93383.6086800", "0"], [1760947200000, "0.0593500", "0.0595300", "0.0591000", "0.0591500", "3761942", 1760950799999, "223036.9856900", 2221, "1762698", "104528.9200600", "0"], [1760950800000, "0.0591600", "0.0591800", "0.0588000", "0.0591000", "2103270", 1760954399999, "124054.6209500", 1952, "986199", "58197.8803600", "0"], [1760954400000, "0.0591000", "0.0592300", "0.0585100", "0.0588200", "2465257", 1760957999999, "145183.5262100", 2078, "966031", "56892.7078800", "0"], [1760958000000, "0.0588300", "0.0588600", "0.0585000", "0.0587600", "1779534", 1760961599999, "104460.6345800", 1951, "964975", "56642.3778000", "0"], [1760961600000, "0.0587600", "0.0589300", "0.0586500", "0.0587800", "1480281", 1760965199999, "87007.6832000", 1728, "746450", "43876.0372400", "0"], [1760965200000, "0.0587900", "0.0589200", "0.0585500", "0.0586800", "1354895", 1760968799999, "79603.8887900", 1595, "818020", "48059.2556200", "0"], [1760968800000, "0.0586800", "0.0592300", "0.0585200", "0.0591800", "4211620", 1760972399999, "248227.4557200", 3146, "1698173", "100067.8608700", "0"], [1760972400000, "0.0591900", "0.0593100", "0.0588000", "0.0588000", "4281965", 1760975999999, "253311.8655800", 3151, "1167969", "69092.3189600", "0"], [1760976000000, "0.0588100", "0.0588100", "0.0579900", "0.0582400", "12453775", 1760979599999, "726191.7316200", 8918, "7006155", "408566.8597600", "0"], [1760979600000, "0.0582400", "0.0584900", "0.0581300", "0.0581600", "6948832", 1760983199999, "404751.5918800", 3559, "4616703", "268884.8444500", "0"], [1760983200000, "0.0581600", "0.0585000", "0.0580400", "0.0583800", "4840193", 1760986799999, "281980.9006500", 2862, "2163949", "126098.3999200", "0"], [1760986800000, "0.0583900", "0.0585200", "0.0582400", "0.0584700", "2025740", 1760990399999, "118223.1929200", 1707, "970085", "56624.6506100", "0"], [1760990400000, "0.0584600", "0.0585300", "0.0583600", "0.0585300", "1061979", 1760993999999, "62062.5510400", 1258, "392118", "22918.2586200", "0"], [1760994000000, "0.0585300", "0.0587300", "0.0580100", "0.0582100", "2245669", 1760997599999, "131236.5614500", 2051, "944040", "55225.1757400", "0"], [1760997600000, "0.0582300", "0.0584200", "0.0581400", "0.0583400", "1254707", 1761001199999, "73117.6149800", 1468, "623205", "36321.5012900", "0"], [1761001200000, "0.0583300", "0.0583300", "0.0581200", "0.0582200", "667679", 1761004799999, "38881.4407600", 818, "321319", "18712.7484100", "0"], [1761004800000, "0.0582200", "0.0583600", "0.0582100", "0.0582400", "1201345", 1761008399999, "70033.3637300", 1317, "604295", "35229.7207600", "0"], [1761008400000, "0.0582300", "0.0583200", "0.0580300", "0.0582400", "1591487", 1761011999999, "92642.9405700", 1607, "823033", "47918.9007500", "0"], [1761012000000, "0.0582500", "0.0582500", "0.0580200", "0.0581300", "1134853", 1761015599999, "65959.0945200", 1840, "542155", "31509.7581100", "0"], [1761015600000, "0.0581300", "0.0582200", "0.0578900", "0.0581100", "1679782", 1761019199999, "97555.3955200", 2020, "610145", "35444.3069400", "0"], [1761019200000, "0.0581100", "0.0581600", "0.0578500", "0.0579700", "3936918", 1761022799999, "228477.5140800", 3097, "1989959", "115485.8183100", "0"], [1761022800000, "0.0579700", "0.0587100", "0.0578400", "0.0586700", "4539353", 1761026399999, "263822.0256900", 3608, "2866491", "166621.9100000", "0"], [1761026400000, "0.0586800", "0.0593300", "0.0586000", "0.0588300", "4795440", 1761029999999, "282683.3256200", 4208, "2705273", "159456.0600800", "0"], [1761030000000, "0.0588500", "0.0608800", "0.0587800", "0.0604000", "19379998", 1761033599999, "1161984.6352100", 11213, "11386312", "682434.9588800", "0"], [1761033600000, "0.0604600", "0.0620400", "0.0598000", "0.0605300", "38580681", 1761037199999, "2353700.0001900", 18164, "20043016", "1222614.6825200", "0"], [1761037200000, "0.0605200", "0.0610900", "0.0596800", "0.0610500", "18295226", 1761040799999, "1103769.3887900", 12640, "9437903", "569585.6117500", "0"], [1761040800000, "0.0610600", "0.0613200", "0.0602100", "0.0606300", "12290333", 1761044399999, "746034.0221000", 8113, "6087765", "369885.0625700", "0"], [1761044400000, "0.0606200", "0.0606300", "0.0598200", "0.0602300", "8253685", 1761047999999, "497270.4942900", 5180, "3735362", "225169.0539800", "0"], [1761048000000, "0.0602400", "0.0607200", "0.0597300", "0.0597600", "5342529", 1761051599999, "321753.9296000", 4220, "2296197", "138382.6561600", "0"], [1761051600000, "0.0597400", "0.0599000", "0.0590600", "0.0591900", "8812460", 1761055199999, "524056.0705500", 5614, "3649931", "217070.7886100", "0"], [1761055200000, "0.0592100", "0.0603000", "0.0591500", "0.0602400", "9387336", 1761058799999, "560670.7628800", 5957, "4718372", "281908.7526900", "0"], [1761058800000, "0.0602600", "0.0613400", "0.0600700", "0.0613200", "14905854", 1761062399999, "907073.2413900", 7434, "7368479", "448310.6976900", "0"], [1761062400000, "0.0613100", "0.0617000", "0.0610600", "0.0610800", "11188077", 1761065999999, "685985.7740800", 6340, "4541561", "278564.3540400", "0"], [1761066000000, "0.0611000", "0.0613500", "0.0597600", "0.0609400", "26145139", 1761069599999, "1591746.9806700", 7141, "7056241", "429373.3036400", "0"], [1761069600000, "0.0609400", "0.0610600", "0.0603400", "0.0604400", "4104164", 1761073199999, "248633.5693000", 3324, "1616434", "97995.4667500", "0"], [1761073200000, "0.0604500", "0.0604800", "0.0600300", "0.0601000", "1565169", 1761076799999, "94281.5940500", 932, "734655", "44267.2506900", "0"]]}