{"_ts": 1761081365.6792696, "data": [[1760911200000, "0.0165100", "0.0165900", "0.0164600", "0.0165100", "4046849", 1760914799999, "66881.3209100", 1904, "1614492", "26692.2194800", "0"], [1760914800000, "0.0165100", "0.0165200", "0.0161700", "0.0162700", "17412973", 1760918399999, "283914.5151100", 5021, "6710968", "109431.4105000", "0"], [1760918400000, "0.0162700", "0.0163100", "0.0160000", "0.0161400", "11118558", 1760921999999, "179284.6493300", 5001, "5267454", "84897.6993200", "0"], [1760922000000, "0.0161400", "0.0161600", "0.0160200", "0.0161100", "5360636", 1760925599999, "86312.1488500", 3687, "2800150", "45079.8956400", "0"], [1760925600000, "0.0161100", "0.0161900", "0.0160300", "0.0161600", "7369989", 1760929199999, "118646.5790200", 2202, "3677404", "59205.5715500", "0"], [1760929200000, "0.0161600", "0.0165900", "0.0161300", "0.0165300", "9964047", 1760932799999, "162879.7833100", 2024, "4666504", "76308.1243700", "0"], [1760932800000, "0.0165500", "0.0166500", "0.0165300", "0.0166400", "7481527", 1760936399999, "124006.9492700", 1775, "3342129", "55421.3787200", "0"], [1760936400000, "0.0166400", "0.0168000", "0.0165400", "0.0168000", "12725427", 1760939999999, "211868.4405900", 2196, "7521821", "125329.7208800", "0"], [1760940000000, "0.0167900", "0.0168400", "0.0167200", "0.0167800", "9315730", 1760943599999, "156278.5633600", 2364, "4859541", "81555.2042500", "0"], [1760943600000, "0.0167700", "0.0168700", "0.0167000", "0.0168500", "6897259", 1760947199999, "115876.4082500", 1831, "2758064", "46349.4490300", "0"], [1760947200000, "0.0168500", "0.0168800", "0.0167100", "0.0167700", "10156821", 1760950799999, "170604.6731100", 2012, "5164591", "86744.6367000", "0"], [1760950800000, "0.0167700", "0.0173700", "0.0166500", "0.0172000", "52090159", 1760954399999, "889462.6464700", 8246, "28592475", "488071.3226100", "0"], [1760954400000, "0.0172000", "0.0172800", "0.0168300", "0.0168800", "18068754", 1760957999999, "308585.0445300", 4009, "8612413", "147313.7235100", "0"], [1760958000000, "0.0168900", "0.0169200", "0.0168200", "0.0168600", "9097418", 1760961599999, "153489.9533700", 2055, "4093174", "69087.4844700", "0"], [1760961600000, "0.0168600", "0.0170500", "0.0168200", "0.0169000", "14837959", 1760965199999, "251573.0717700", 3567, "8741646", "148179.8233900", "0"], [1760965200000, "0.0169100", "0.0169800", "0.0168200", "0.0169700", "5801720", 1760968799999, "98032.1764700", 1846, "2981677", "50374.8924800", "0"], [1760968800000, "0.0169700", "0.0171400", "0.0169100", "0.0170100", "12049831", 1760972399999, "205053.8032300", 2469, "6759354", "115044.2885400", "0"], [1760972400000, "0.0170100", "0.0172400", "0.0168500", "0.0169500", "21587019", 1760975999999, "368207.6951700", 4019, "11089202", "189116.3609000", "0"], [1760976000000, "0.0169500", "0.0170300", "0.0167000", "0.0170200", "19371001", 1760979599999, "326801.8459700", 3869, "9563042", "161451.5116700", "0"], [1760979600000, "0.0170100", "0.0173300", "0.0170000", "0.0171900", "17612105", 1760983199999, "302091.4808100", 3973, "9410463", "161368.7124800", "0"], [1760983200000, "0.0171900", "0.0172800", "0.0169000", "0.0169900", "9276710", 1760986799999, "158257.8802100", 2615, "3471555", "59282.3480100", "0"], [1760986800000, "0.0170000", "0.0171300", "0.0169600", "0.0170700", "4633890", 1760990399999, "78996.3242800", 1468, "2439450", "41601.9812500", "0"], [1760990400000, "0.0170700", "0.0178200", "0.0170400", "0.0173900", "65940926", 1760993999999, "1154508.0702800", 12007, "31338200", "548717.7146400", "0"], [1760994000000, "0.0174000", "0.0182600", "0.0173800", "0.0177300", "79002609", 1760997599999, "1413411.0750700", 15512, "38208961", "683147.0577100", "0"], [1760997600000, "0.0177100", "0.0178800", "0.0174400", "0.0175900", "28001598", 1761001199999, "493309.8945900", 5979, "15893275", "280095.8329100", "0"], [1761001200000, "0.0175900", "0.0178700", "0.0174800", "0.0178000", "18752206", 1761004799999, "331712.1779000", 5013, "9933713", "175717.4950000", "0"], [1761004800000, "0.0178000", "0.0180000", "0.0174700", "0.0175400", "29138342", 1761008399999, "516504.2870600", 6411, "12462090", "221086.7007800", "0"], [1761008400000, "0.0175400", "0.0176600", "0.0170900", "0.0172000", "20747933", 1761011999999, "360325.0101100", 4300, "8312194", "144640.6607500", "0"], [1761012000000, "0.0172000", "0.0172100", "0.0168200", "0.0170200", "33813615", 1761015599999, "574263.6074100", 4934, "16163890", "274635.5579100", "0"], [1761015600000, "0.0170200", "0.0170500", "0.0166400", "0.0167400", "15465136", 1761019199999, "260408.9202900", 2486, "7139988", "120478.7729400", "0"], [1761019200000, "0.0167500", "0.0168200", "0.0162500", "0.0163800", "34844159", 1761022799999, "573800.9722900", 4233, "16606041", "273372.0448300", "0"], [1761022800000, "0.0163800", "0.0168500", "0.0162200", "0.0165600", "36169572", 1761026399999, "597628.4164300", 5574, "20718151", "342223.4014100", "0"], [1761026400000, "0.0165700", "0.0167000", "0.0164300", "0.0165300", "14144514", 1761029999999, "234070.5540300", 3129, "6306992", "104369.8706600", "0"], [1761030000000, "0.0165400", "0.0165400", "0.0163300", "0.0163800", "10671586", 1761033599999, "175028.4477100", 2856, "4041594", "66316.8098300", "0"], [1761033600000, "0.0163900", "0.0164100", "0.0162600", "0.0162800", "11432881", 1761037199999, "186469.3093500", 2717, "5204825", "84934.4592700", "0"], [1761037200000, "0.0163000", "0.0166500", "0.0162300", "0.0163600", "28632792", 1761040799999, "470454.7889500", 3759, "13762847", "226105.4844200", "0"], [1761040800000, "0.0163500", "0.0164300", "0.0162100", "0.0163200", "14497360", 1761044399999, "236240.9189300", 2623, "6027153", "98281.0234900", "0"], [1761044400000, "0.0163300", "0.0165600", "0.0163200", "0.0165000", "12675430", 1761047999999, "208631.8308300", 2528, "7528971", "123934.5956900", "0"], [1761048000000, "0.0165000", "0.0169500", "0.0164700", "0.0167200", "25153508", 1761051599999, "421669.8439800", 5084, "14956002", "250596.0383100", "0"], [1761051600000, "0.0167300", "0.0176700", "0.0165800", "0.0172300", "68564506", 1761055199999, "1181753.2345100", 10057, "35086660", "604804.2446800", "0"], [1761055200000, "0.0172100", "0.0174100", "0.0170300", "0.0173800", "38102662", 1761058799999, "655519.7788800", 7434, "18351442", "315700.6301200", "0"], [1761058800000, "0.0173900", "0.0175500", "0.0172700", "0.0174800", "22899052", 1761062399999, "398609.8261200", 4411, "11317251", "197111.8289300", "0"], [1761062400000, "0.0174800", "0.0174900", "0.0171500", "0.0171800", "22949310", 1761065999999, "398654.8095700", 4559, "10706107", "186117.3250500", "0"], [1761066000000, "0.0171800", "0.0172600", "0.0170200", "0.0171000", "15480186", 1761069599999, "265450.5899700", 3115, "6898269", "118361.6805800", "0"], [1761069600000, "0.0171200", "0.0172400", "0.0170300", "0.0171200", "7387792", 1761073199999, "126676.3412000", 1754, "3258735", "55893.1197400", "0"], [1761073200000, "0.0171100", "0.0171600", "0.0170200", "0.0170300", "5893833", 1761076799999, "100699.7601500", 1532, "2687355", "45928.9183000", "0"], [1761076800000, "0.0170300", "0.0170500", "0.0166700", "0.0167500", "17589455", 1761080399999, "296184.4504400", 4247, "7622137", "128249.5650900", "0"], [1761080400000, "0.0167500", "0.0168600", "0.0167200", "0.0167300", "3639136", 1761083999999, "61099.6168300", 1631, "2310432", "38787.7093000", "0"]]}