{"_ts": 1761088530.7734954, "data": [[1760918400000, "0.9477000", "0.9525000", "0.9253000", "0.9267000", "2250539", 1760921999999, "2114074.2940700", 24353, "1042125", "978891.7348600", "0"], [1760922000000, "0.9269000", "0.9444000", "0.9213000", "0.9304000", "1476769", 1760925599999, "1376172.7394600", 17851, "773528", "721174.7912600", "0"], [1760925600000, "0.9304000", "0.9428000", "0.9276000", "0.9348000", "1223372", 1760929199999, "1143837.7493000", 14022, "498917", "466454.2454000", "0"], [1760929200000, "0.9345000", "0.9660000", "0.9340000", "0.9631000", "2364926", 1760932799999, "2254157.2776000", 22517, "1381884", "1317159.9603800", "0"], [1760932800000, "0.9630000", "0.9711000", "0.9389000", "0.9489000", "2295908", 1760936399999, "2188902.6195500", 22209, "924215", "882551.3925200", "0"], [1760936400000, "0.9486000", "0.9682000", "0.9439000", "0.9619000", "1667081", 1760939999999, "1592607.7512100", 19668, "830241", "793956.3797700", "0"], [1760940000000, "0.9621000", "0.9993000", "0.9501000", "0.9545000", "3972863", 1760943599999, "3868485.3687600", 33633, "1780660", "1737537.2697800", "0"], [1760943600000, "0.9546000", "0.9642000", "0.9356000", "0.9398000", "2980050", 1760947199999, "2833180.3448100", 32782, "1320611", "1255935.9381700", "0"], [1760947200000, "0.9398000", "0.9510000", "0.9309000", "0.9356000", "1528244", 1760950799999, "1437171.1402900", 15593, "777099", "731232.7412000", "0"], [1760950800000, "0.9356000", "0.9399000", "0.9187000", "0.9278000", "1440850", 1760954399999, "1340257.6286600", 16048, "677577", "630323.8101000", "0"], [1760954400000, "0.9278000", "0.9417000", "0.9248000", "0.9389000", "1485896", 1760957999999, "1387710.8535800", 14953, "789663", "737781.5114200", "0"], [1760958000000, "0.9388000", "0.9538000", "0.9380000", "0.9489000", "1093384", 1760961599999, "1035525.7756900", 14029, "598078", "566496.0194900", "0"], [1760961600000, "0.9489000", "0.9633000", "0.9436000", "0.9475000", "1731155", 1760965199999, "1650077.7583400", 16893, "755865", "720608.4494500", "0"], [1760965200000, "0.9474000", "0.9523000", "0.9413000", "0.9437000", "698377", 1760968799999, "661002.7976000", 10392, "290367", "274900.5606000", "0"], [1760968800000, "0.9439000", "0.9642000", "0.9427000", "0.9558000", "1679658", 1760972399999, "1599586.3077800", 16774, "865136", "823414.9100900", "0"], [1760972400000, "0.9558000", "0.9667000", "0.9318100", "0.9358000", "2155103", 1760975999999, "2042003.2717100", 18922, "928565", "880119.9126300", "0"], [1760976000000, "0.9358000", "0.9552000", "0.9286000", "0.9443000", "1809460", 1760979599999, "1706919.3966500", 16708, "892919", "842686.8542900", "0"], [1760979600000, "0.9443000", "0.9508000", "0.9357000", "0.9388000", "757844", 1760983199999, "715097.3632600", 10757, "348087", "328504.3312000", "0"], [1760983200000, "0.9387000", "0.9470000", "0.9348000", "0.9463000", "583975", 1760986799999, "549033.8562200", 8575, "265456", "249610.6640200", "0"], [1760986800000, "0.9464000", "0.9572000", "0.9441000", "0.9475000", "708087", 1760990399999, "672979.0127600", 11361, "327002", "310829.5495400", "0"], [1760990400000, "0.9473000", "0.9725000", "0.9441000", "0.9657000", "974549", 1760993999999, "936152.1169700", 12192, "566685", "545134.7505700", "0"], [1760994000000, "0.9658000", "0.9695000", "0.9500000", "0.9606000", "805266", 1760997599999, "775451.0102400", 10737, "287563", "277020.1586000", "0"], [1760997600000, "0.9606000", "0.9690000", "0.9583000", "0.9665000", "645206", 1761001199999, "622534.3451200", 10299, "327618", "316155.6492200", "0"], [1761001200000, "0.9668000", "0.9838000", "0.9591000", "0.9763000", "2592159", 1761004799999, "2517614.5119700", 23982, "1253589", "1219312.8238400", "0"], [1761004800000, "0.9764000", "0.9775000", "0.9460000", "0.9520000", "1686430", 1761008399999, "1619448.6677900", 22181, "615980", "592239.0515000", "0"], [1761008400000, "0.9520000", "0.9668000", "0.9448000", "0.9456000", "1146337", 1761011999999, "1096472.5085300", 21005, "550116", "526336.3869400", "0"], [1761012000000, "0.9455000", "0.9455000", "0.9230000", "0.9250000", "1368580", 1761015599999, "1276323.4695500", 18576, "696135", "648815.8320000", "0"], [1761015600000, "0.9249000", "0.9293000", "0.8791000", "0.8793000", "2938521", 1761019199999, "2646711.5641600", 30722, "1165215", "1050074.3433000", "0"], [1761019200000, "0.8792000", "0.8924000", "0.8583000", "0.8601000", "2817305", 1761022799999, "2462497.5532800", 33861, "1437592", "1258994.4369700", "0"], [1761022800000, "0.8600000", "0.8685000", "0.8457000", "0.8468000", "2426573", 1761026399999, "2077302.4446400", 28780, "1179714", "1010782.3105800", "0"], [1761026400000, "0.8468000", "0.8504000", "0.8353000", "0.8389000", "1575160", 1761029999999, "1326795.7876000", 21281, "857889", "722736.1618000", "0"], [1761030000000, "0.8389000", "0.8776000", "0.8348000", "0.8475000", "2131961", 1761033599999, "1817558.4375800", 29034, "1206647", "1027992.4464400", "0"], [1761033600000, "0.8472000", "0.8733000", "0.8456000", "0.8569000", "1286373", 1761037199999, "1109906.8909000", 20580, "675395", "583135.7768000", "0"], [1761037200000, "0.8570000", "0.8594000", "0.8393000", "0.8428000", "922223", 1761040799999, "781751.2832200", 13186, "488738", "414096.0930600", "0"], [1761040800000, "0.8428000", "0.8484000", "0.8341000", "0.8367000", "1041522", 1761044399999, "874404.8227800", 15872, "453700", "381034.6558300", "0"], [1761044400000, "0.8367000", "0.8447000", "0.8298000", "0.8312000", "1237130", 1761047999999, "1033318.8423400", 16832, "563778", "471157.1094300", "0"], [1761048000000, "0.8312000", "0.8398000", "0.8009000", "0.8082000", "2952150", 1761051599999, "2420167.0741500", 23299, "1594768", "1306706.7618700", "0"], [1761051600000, "0.8080000", "0.8091000", "0.7920000", "0.8002000", "3495002", 1761055199999, "2794260.8771500", 33930, "1320692", "1056221.7410600", "0"], [1761055200000, "0.8003000", "0.8216000", "0.7948000", "0.8146000", "3565802", 1761058799999, "2890342.9321800", 31092, "1591388", "1289516.6840800", "0"], [1761058800000, "0.8150000", "0.8164000", "0.7972000", "0.7981000", "3131755", 1761062399999, "2521890.2871500", 26482, "1656445", "1334378.2497300", "0"], [1761062400000, "0.7980000", "0.8033000", "0.7517000", "0.7527000", "7346407", 1761065999999, "5704263.8095800", 51810, "2797450", "2172418.4918300", "0"], [1761066000000, "0.7528000", "0.7535000", "0.7074000", "0.7083000", "13589487", 1761069599999, "9884801.3386200", 97705, "6481682", "4710485.4352500", "0"], [1761069600000, "0.7079000", "0.7314000", "0.6744000", "0.7092000", "14826611", 1761073199999, "10381474.5816900", 104802, "7482470", "5243553.2804600", "0"], [1761073200000, "0.7091000", "0.7097000", "0.6656000", "0.6799000", "8286331", 1761076799999, "5664985.7457600", 66720, "4167576", "2847850.9006700", "0"], [1761076800000, "0.6799000", "0.7134000", "0.6785000", "0.6816000", "8272082", 1761080399999, "5747550.6788100", 64127, "4091552", "2843667.1889000", "0"], [1761080400000, "0.6814000", "0.6843000", "0.6575000", "0.6610000", "4052360", 1761083999999, "2716423.3754800", 33026, "2076382", "1392634.1680400", "0"], [1761084000000, "0.6610000", "0.6988000", "0.6590000", "0.6891000", "4548539", 1761087599999, "3068163.4194700", 39015, "2459730", "1660772.4589900", "0"], [1761087600000, "0.6888000", "0.6990000", "0.6838000", "0.6925000", "1510492", 1761091199999, "1042936.1300500", 13510, "805825", "556508.4893200", "0"]]}