{"_ts": 1761088520.841304, "data": [[1760918400000, "0.0222200", "0.0222360", "0.0218790", "0.0220600", "9881399", 1760921999999, "217658.7429430", 5794, "5225249", "115088.4635900", "0"], [1760922000000, "0.0220670", "0.0221360", "0.0219800", "0.0220460", "4124048", 1760925599999, "90999.5981960", 3631, "2228772", "49174.7516240", "0"], [1760925600000, "0.0220400", "0.0221600", "0.0219000", "0.0221450", "7960358", 1760929199999, "175372.4216960", 5276, "3983953", "87763.5144240", "0"], [1760929200000, "0.0221450", "0.0227150", "0.0220510", "0.0226510", "8669827", 1760932799999, "193872.5982210", 6478, "4408934", "98597.9246970", "0"], [1760932800000, "0.0226590", "0.0227110", "0.0224890", "0.0225680", "9050120", 1760936399999, "204294.8285070", 5738, "4582475", "103435.9290690", "0"], [1760936400000, "0.0225660", "0.0226190", "0.0224850", "0.0226100", "4696862", 1760939999999, "105866.3216600", 3458, "2406537", "54242.8225540", "0"], [1760940000000, "0.0226120", "0.0228460", "0.0225730", "0.0227950", "7881723", 1760943599999, "179077.9907790", 4716, "3729700", "84736.4461780", "0"], [1760943600000, "0.0227940", "0.0228810", "0.0226300", "0.0228400", "12900769", 1760947199999, "293725.9975100", 5686, "6695630", "152470.9674040", "0"], [1760947200000, "0.0228340", "0.0229170", "0.0227260", "0.0227520", "7561850", 1760950799999, "172429.4965240", 3986, "3162480", "72137.3887010", "0"], [1760950800000, "0.0227500", "0.0228580", "0.0226990", "0.0228170", "15701606", 1760954399999, "357668.0121720", 6098, "8881720", "202315.6642090", "0"], [1760954400000, "0.0228170", "0.0231220", "0.0228170", "0.0229580", "18478510", 1760957999999, "424389.7221750", 8854, "10328801", "237205.6644990", "0"], [1760958000000, "0.0229580", "0.0232510", "0.0229450", "0.0231320", "13345957", 1760961599999, "308329.1645180", 6916, "7207481", "166469.3143940", "0"], [1760961600000, "0.0231310", "0.0235190", "0.0230530", "0.0234330", "22810432", 1760965199999, "531899.1634080", 10928, "11936777", "278305.5237280", "0"], [1760965200000, "0.0234340", "0.0236520", "0.0233780", "0.0236150", "16303813", 1760968799999, "382976.3004320", 8874, "8179046", "192122.4589570", "0"], [1760968800000, "0.0236260", "0.0241400", "0.0234170", "0.0240140", "37978107", 1760972399999, "902972.2722110", 16240, "20934573", "497771.3931430", "0"], [1760972400000, "0.0240150", "0.0242490", "0.0237910", "0.0238490", "48408020", 1760975999999, "1161929.9099240", 21155, "22613459", "542907.5526720", "0"], [1760976000000, "0.0238490", "0.0239880", "0.0233480", "0.0235490", "47106430", 1760979599999, "1115210.5609960", 21584, "22271763", "527273.3102760", "0"], [1760979600000, "0.0235490", "0.0237630", "0.0233070", "0.0234600", "17809740", 1760983199999, "418320.9617370", 10615, "9078849", "213318.0635480", "0"], [1760983200000, "0.0234620", "0.0235270", "0.0233610", "0.0234850", "8703366", 1760986799999, "203966.8996540", 7757, "4617152", "108193.0725710", "0"], [1760986800000, "0.0234810", "0.0239250", "0.0234020", "0.0238250", "13864408", 1760990399999, "328264.9563310", 7504, "5985083", "141635.3761540", "0"], [1760990400000, "0.0238220", "0.0238670", "0.0236940", "0.0238090", "8566929", 1760993999999, "203575.9988030", 5723, "4028774", "95746.5598780", "0"], [1760994000000, "0.0238080", "0.0242640", "0.0237270", "0.0237550", "15888782", 1760997599999, "380500.2710900", 7662, "7925422", "189926.0405900", "0"], [1760997600000, "0.0237530", "0.0238410", "0.0236550", "0.0237340", "4977093", 1761001199999, "118213.3230750", 3550, "1942294", "46144.4008360", "0"], [1761001200000, "0.0237330", "0.0238370", "0.0236850", "0.0237970", "6070202", 1761004799999, "144105.6463110", 4113, "2960906", "70295.0620760", "0"], [1761004800000, "0.0238000", "0.0238000", "0.0235470", "0.0235600", "7171979", 1761008399999, "169779.0049070", 5201, "3183627", "75350.4225700", "0"], [1761008400000, "0.0235620", "0.0236070", "0.0234300", "0.0235360", "7438689", 1761011999999, "174967.1695510", 5496, "3945290", "92794.0212490", "0"], [1761012000000, "0.0235390", "0.0235390", "0.0232800", "0.0233170", "9967545", 1761015599999, "233669.2894450", 6323, "5392516", "126473.2761050", "0"], [1761015600000, "0.0233180", "0.0233290", "0.0231100", "0.0231490", "8120757", 1761019199999, "188677.1555560", 5883, "4199491", "97581.7528450", "0"], [1761019200000, "0.0231490", "0.0231660", "0.0226350", "0.0227250", "30282624", 1761022799999, "695529.1302210", 18408, "14767929", "339364.7820340", "0"], [1761022800000, "0.0227180", "0.0230080", "0.0226910", "0.0228750", "18862732", 1761026399999, "431155.9431370", 10949, "10315028", "235763.0431260", "0"], [1761026400000, "0.0228780", "0.0231220", "0.0227940", "0.0230760", "10303269", 1761029999999, "236591.3090200", 6207, "5587181", "128300.4090630", "0"], [1761030000000, "0.0230750", "0.0232630", "0.0229040", "0.0232190", "8561969", 1761033599999, "197619.6178690", 4909, "4015016", "92743.7299490", "0"], [1761033600000, "0.0232140", "0.0239980", "0.0231100", "0.0237210", "89946668", 1761037199999, "2128941.3277070", 28744, "43998156", "1041265.1674170", "0"], [1761037200000, "0.0237190", "0.0240930", "0.0232490", "0.0240020", "91698048", 1761040799999, "2169281.7147890", 33526, "44355696", "1049680.1490080", "0"], [1761040800000, "0.0240060", "0.0245460", "0.0237220", "0.0243940", "82575083", 1761044399999, "1986796.1386630", 34917, "39355056", "947622.7510330", "0"], [1761044400000, "0.0243930", "0.0249010", "0.0243200", "0.0248570", "118620267", 1761047999999, "2914269.6332970", 55189, "57068496", "1402918.4712380", "0"], [1761048000000, "0.0248550", "0.0254240", "0.0243680", "0.0250110", "128120120", 1761051599999, "3198781.5314690", 55859, "60102442", "1501185.8576270", "0"], [1761051600000, "0.0250120", "0.0260410", "0.0249470", "0.0259430", "280547109", 1761055199999, "7171005.1798490", 110040, "139965243", "3579015.4698480", "0"], [1761055200000, "0.0259380", "0.0284280", "0.0249300", "0.0282500", "594566065", 1761058799999, "15938582.8559430", 233798, "286155282", "7682379.9200860", "0"], [1761058800000, "0.0282670", "0.0298660", "0.0279500", "0.0290300", "706007869", 1761062399999, "20473647.4992780", 310323, "350906732", "10185072.7833030", "0"], [1761062400000, "0.0290330", "0.0319100", "0.0278830", "0.0279900", "746081004", 1761065999999, "22193067.8859170", 314533, "364548424", "10843099.8485230", "0"], [1761066000000, "0.0279820", "0.0290750", "0.0279440", "0.0281250", "266931932", 1761069599999, "7587175.3658170", 145136, "133695668", "3801180.4515020", "0"], [1761069600000, "0.0281280", "0.0281720", "0.0270510", "0.0272620", "171815075", 1761073199999, "4733332.8558370", 83214, "82453859", "2272277.5364690", "0"], [1761073200000, "0.0272630", "0.0275860", "0.0269190", "0.0271900", "107830109", 1761076799999, "2939261.6940020", 51945, "54504944", "1486868.0887910", "0"], [1761076800000, "0.0271890", "0.0274090", "0.0269070", "0.0272910", "98335679", 1761080399999, "2669000.4702470", 47350, "52018757", "1412421.2101610", "0"], [1761080400000, "0.0272920", "0.0274910", "0.0268890", "0.0271870", "86917186", 1761083999999, "2356101.5628180", 41126, "46920280", "1272301.8267880", "0"], [1761084000000, "0.0271910", "0.0278490", "0.0261810", "0.0262290", "226257799", 1761087599999, "6122439.1980170", 95623, "108125434", "2930679.6647410", "0"], [1761087600000, "0.0262270", "0.0265430", "0.0261180", "0.0262330", "43558221", 1761091199999, "1146552.3213270", 23943, "22684494", "597185.4864700", "0"]]}