{"_ts": 1761073980.0981996, "data": [[1760904000000, "0.5138000", "0.5148000", "0.5106000", "0.5139000", "618069", 1760907599999, "317144.0563000", 4351, "341828", "175427.2195000", "0"], [1760907600000, "0.5140000", "0.5145000", "0.5063000", "0.5092000", "681249", 1760911199999, "347053.7609000", 3871, "259722", "132284.2113000", "0"], [1760911200000, "0.5092000", "0.5143000", "0.5088000", "0.5114000", "791516", 1760914799999, "405127.7479000", 4867, "405716", "207710.3218000", "0"], [1760914800000, "0.5113000", "0.5115000", "0.5052000", "0.5057000", "953027", 1760918399999, "484485.9693000", 4707, "437308", "222392.9146000", "0"], [1760918400000, "0.5058000", "0.5058000", "0.4902000", "0.4980000", "3342772", 1760921999999, "1661325.6682000", 12005, "1651309", "820003.8122000", "0"], [1760922000000, "0.4981000", "0.5038000", "0.4962000", "0.4989000", "1303512", 1760925599999, "652004.2410000", 7053, "656625", "328612.5214000", "0"], [1760925600000, "0.4989000", "0.5082000", "0.4941000", "0.5053000", "1599343", 1760929199999, "803064.9823000", 8352, "849054", "426558.8277000", "0"], [1760929200000, "0.5053000", "0.5376000", "0.5053000", "0.5314000", "3982480", 1760932799999, "2082065.4352000", 16029, "2043313", "1066466.8888000", "0"], [1760932800000, "0.5315000", "0.5357000", "0.5236000", "0.5305000", "3645925", 1760936399999, "1930472.3563000", 15601, "1546503", "818649.5394000", "0"], [1760936400000, "0.5304000", "0.5387000", "0.5277000", "0.5297000", "1725919", 1760939999999, "918299.4635000", 9434, "847023", "450983.7325000", "0"], [1760940000000, "0.5297000", "0.5347000", "0.5290000", "0.5302000", "1671879", 1760943599999, "888527.2354000", 8729, "823975", "437970.7655000", "0"], [1760943600000, "0.5302000", "0.5348000", "0.5276000", "0.5336000", "1465251", 1760947199999, "778784.3538000", 6609, "769003", "408683.2517000", "0"], [1760947200000, "0.5335000", "0.5335000", "0.5249000", "0.5262000", "1806788", 1760950799999, "956882.6314000", 8717, "763056", "404242.5068000", "0"], [1760950800000, "0.5261000", "0.5297000", "0.5228000", "0.5258000", "990934", 1760954399999, "521044.2544000", 6103, "495115", "260333.3212000", "0"], [1760954400000, "0.5259000", "0.5283000", "0.5144000", "0.5170000", "1577086", 1760957999999, "822859.8312000", 8103, "665872", "348164.9398000", "0"], [1760958000000, "0.5170000", "0.5195000", "0.5129000", "0.5186000", "1441699", 1760961599999, "744188.6233000", 7948, "788920", "407409.2759000", "0"], [1760961600000, "0.5187000", "0.5283000", "0.5145000", "0.5221000", "1992858", 1760965199999, "1034394.4263000", 9904, "1152085", "598227.3030000", "0"], [1760965200000, "0.5221000", "0.5354000", "0.5212000", "0.5268000", "5815183", 1760968799999, "3074512.7881000", 24552, "3088637", "1632783.7026000", "0"], [1760968800000, "0.5269000", "0.5280000", "0.5180000", "0.5235000", "2281886", 1760972399999, "1192447.5841000", 10162, "1062659", "555439.6110000", "0"], [1760972400000, "0.5235000", "0.5249000", "0.5165000", "0.5166000", "1540609", 1760975999999, "802017.4834000", 8866, "679572", "353874.7109000", "0"], [1760976000000, "0.5166000", "0.5166000", "0.5000000", "0.5035000", "6025484", 1760979599999, "3058750.1362000", 21521, "2717621", "1379315.7131000", "0"], [1760979600000, "0.5034000", "0.5088000", "0.4952000", "0.4987000", "3261455", 1760983199999, "1634350.5015000", 13003, "1687171", "845328.2778000", "0"], [1760983200000, "0.4988000", "0.5039000", "0.4964000", "0.5030000", "2325759", 1760986799999, "1164241.8902000", 9747, "1350263", "675958.3500000", "0"], [1760986800000, "0.5029000", "0.5087000", "0.5014000", "0.5075000", "1541932", 1760990399999, "778747.3289000", 7970, "747953", "377679.2171000", "0"], [1760990400000, "0.5074000", "0.5090000", "0.5047000", "0.5081000", "1151625", 1760993999999, "583615.2782000", 7002, "573611", "290662.3899000", "0"], [1760994000000, "0.5081000", "0.5131000", "0.5052000", "0.5058000", "1365713", 1760997599999, "695318.3900000", 6770, "639918", "325834.5668000", "0"], [1760997600000, "0.5056000", "0.5081000", "0.5017000", "0.5051000", "1343971", 1761001199999, "679128.5446000", 6556, "687164", "347452.5691000", "0"], [1761001200000, "0.5050000", "0.5068000", "0.5032000", "0.5046000", "700905", 1761004799999, "353765.9967000", 4605, "398535", "201144.3098000", "0"], [1761004800000, "0.5046000", "0.5072000", "0.5020000", "0.5064000", "936264", 1761008399999, "472177.4669000", 5269, "576540", "290794.7491000", "0"], [1761008400000, "0.5064000", "0.5292000", "0.5063000", "0.5157000", "6753632", 1761011999999, "3508119.0560000", 26003, "3316345", "1720908.3831000", "0"], [1761012000000, "0.5157000", "0.5237000", "0.5084000", "0.5104000", "4247616", 1761015599999, "2190484.0975000", 19932, "2037887", "1051634.7110000", "0"], [1761015600000, "0.5102000", "0.5129000", "0.5023000", "0.5035000", "2196894", 1761019199999, "1115814.4844000", 11731, "1098899", "558386.3135000", "0"], [1761019200000, "0.5035000", "0.5045000", "0.4918000", "0.4933000", "4223766", 1761022799999, "2099593.6681000", 16616, "2030151", "1008865.0045000", "0"], [1761022800000, "0.4933000", "0.4952000", "0.4901000", "0.4919000", "2043784", 1761026399999, "1006596.3128000", 9607, "1157694", "570196.3760000", "0"], [1761026400000, "0.4918000", "0.4987000", "0.4915000", "0.4923000", "2264124", 1761029999999, "1119557.2926000", 10065, "1209614", "598343.6835000", "0"], [1761030000000, "0.4921000", "0.4962000", "0.4879000", "0.4937000", "2370433", 1761033599999, "1166809.3678000", 9576, "1140630", "561878.8494000", "0"], [1761033600000, "0.4936000", "0.4950000", "0.4895000", "0.4929000", "1699592", 1761037199999, "836233.6107000", 7619, "812814", "399987.5002000", "0"], [1761037200000, "0.4927000", "0.4946000", "0.4900000", "0.4911000", "1750601", 1761040799999, "860933.9464000", 7532, "894563", "439920.1743000", "0"], [1761040800000, "0.4910000", "0.5020000", "0.4900000", "0.4988000", "2275229", 1761044399999, "1126675.7055000", 10089, "1132087", "560766.9073000", "0"], [1761044400000, "0.4987000", "0.5037000", "0.4956000", "0.4988000", "1632962", 1761047999999, "814954.0101000", 8640, "726169", "362251.7765000", "0"], [1761048000000, "0.4988000", "0.5036000", "0.4928000", "0.4937000", "2298453", 1761051599999, "1145948.7409000", 10255, "992816", "495228.5166000", "0"], [1761051600000, "0.4938000", "0.4987000", "0.4906000", "0.4924000", "2165193", 1761055199999, "1070831.4626000", 12105, "1046161", "517497.8636000", "0"], [1761055200000, "0.4924000", "0.5245000", "0.4921000", "0.5220000", "5440409", 1761058799999, "2764352.2214000", 21384, "2560121", "1301081.1631000", "0"], [1761058800000, "0.5223000", "0.5321000", "0.5218000", "0.5252000", "7025371", 1761062399999, "3698275.8481000", 27833, "3034937", "1597885.6891000", "0"], [1761062400000, "0.5251000", "0.5311000", "0.5156000", "0.5186000", "5274041", 1761065999999, "2767591.3225000", 21485, "2564352", "1346051.8351000", "0"], [1761066000000, "0.5187000", "0.5268000", "0.5130000", "0.5229000", "4010785", 1761069599999, "2087678.9070000", 17486, "1966910", "1024146.5670000", "0"], [1761069600000, "0.5230000", "0.5288000", "0.5175000", "0.5228000", "2229311", 1761073199999, "1165656.2467000", 10097, "1053125", "550789.6035000", "0"], [1761073200000, "0.5227000", "0.5231000", "0.5212000", "0.5230000", "169710", 1761076799999, "88620.7472000", 1246, "95402", "49813.6407000", "0"]]}