{"_ts": 1761081337.260348, "data": [[1760911200000, "0.0372900", "0.0375200", "0.0371800", "0.0372100", "4031132", 1760914799999, "150708.7522200", 2187, "1946659", "72799.2965000", "0"], [1760914800000, "0.0371900", "0.0371900", "0.0367300", "0.0368200", "3835699", 1760918399999, "141746.3026800", 1866, "1405499", "51978.5531800", "0"], [1760918400000, "0.0368100", "0.0368400", "0.0362400", "0.0367200", "10503714", 1760921999999, "384127.9382600", 4847, "4745155", "173591.5437500", "0"], [1760922000000, "0.0367200", "0.0368000", "0.0364200", "0.0365300", "4195437", 1760925599999, "153489.7265000", 2178, "1521008", "55656.2863000", "0"], [1760925600000, "0.0365300", "0.0367300", "0.0362000", "0.0366200", "6414274", 1760929199999, "233675.1903100", 2900, "2975520", "108419.5444300", "0"], [1760929200000, "0.0366200", "0.0376900", "0.0365100", "0.0375100", "7873931", 1760932799999, "291163.2941500", 3600, "4437499", "164032.5580600", "0"], [1760932800000, "0.0375100", "0.0377700", "0.0374700", "0.0375900", "5415432", 1760936399999, "203678.7471800", 3498, "2410860", "90688.8832200", "0"], [1760936400000, "0.0376000", "0.0378100", "0.0374000", "0.0376800", "3690784", 1760939999999, "138746.3745600", 1945, "1800639", "67648.2888100", "0"], [1760940000000, "0.0376700", "0.0380100", "0.0375300", "0.0378900", "3786293", 1760943599999, "143067.4934700", 2000, "2435818", "91984.7349200", "0"], [1760943600000, "0.0378900", "0.0379400", "0.0376300", "0.0377700", "3567193", 1760947199999, "134872.3005200", 1777, "1710692", "64734.4039500", "0"], [1760947200000, "0.0377700", "0.0379500", "0.0375200", "0.0375400", "3480881", 1760950799999, "131186.4822100", 1689, "2079075", "78365.5373700", "0"], [1760950800000, "0.0375400", "0.0378200", "0.0374200", "0.0377000", "5252227", 1760954399999, "197835.9069800", 2412, "2492654", "93888.3135800", "0"], [1760954400000, "0.0377100", "0.0381400", "0.0375600", "0.0377600", "6220348", 1760957999999, "235695.9409400", 2574, "3391403", "128530.8519600", "0"], [1760958000000, "0.0377600", "0.0377700", "0.0374600", "0.0377500", "6792676", 1760961599999, "255541.8068700", 2685, "3517797", "132339.0212800", "0"], [1760961600000, "0.0377400", "0.0379400", "0.0375700", "0.0379400", "3334614", 1760965199999, "125855.2399000", 1969, "1527909", "57701.3344800", "0"], [1760965200000, "0.0379400", "0.0382200", "0.0377300", "0.0381300", "6793205", 1760968799999, "258110.1068900", 3156, "3595797", "136710.9753000", "0"], [1760968800000, "0.0381200", "0.0386900", "0.0379200", "0.0385700", "14308995", 1760972399999, "549043.3168800", 5081, "7008083", "268946.3701400", "0"], [1760972400000, "0.0385600", "0.0390200", "0.0382200", "0.0382800", "13185223", 1760975999999, "508244.0604100", 6180, "5845125", "225475.9743500", "0"], [1760976000000, "0.0382700", "0.0382700", "0.0370400", "0.0376300", "26816792", 1760979599999, "1011348.0370900", 8671, "11430507", "431762.6897700", "0"], [1760979600000, "0.0376300", "0.0379600", "0.0375100", "0.0379600", "6758022", 1760983199999, "254938.1432200", 3205, "3555174", "134171.4147100", "0"], [1760983200000, "0.0379500", "0.0382600", "0.0376300", "0.0382300", "8372917", 1760986799999, "317850.5491500", 3158, "4477844", "169981.3642900", "0"], [1760986800000, "0.0382100", "0.0383300", "0.0378200", "0.0381600", "7970180", 1760990399999, "303411.6580400", 3462, "4221008", "160624.5921000", "0"], [1760990400000, "0.0381500", "0.0383800", "0.0380100", "0.0383500", "3980592", 1760993999999, "152031.0444200", 2834, "1483685", "56705.2418900", "0"], [1760994000000, "0.0383500", "0.0395000", "0.0380900", "0.0382600", "17291925", 1760997599999, "670887.5695400", 6901, "8198707", "318202.5265400", "0"], [1760997600000, "0.0382500", "0.0382900", "0.0379100", "0.0379800", "6537046", 1761001199999, "249220.3048100", 3174, "2333955", "89001.1833500", "0"], [1761001200000, "0.0379800", "0.0383300", "0.0378300", "0.0379500", "7631105", 1761004799999, "290673.0614900", 4035, "4742782", "180696.4928500", "0"], [1761004800000, "0.0379500", "0.0379600", "0.0377600", "0.0378700", "4736481", 1761008399999, "179347.3452800", 2472, "2380725", "90148.3354000", "0"], [1761008400000, "0.0378600", "0.0379000", "0.0375300", "0.0376000", "9042194", 1761011999999, "340986.0367300", 4001, "5375240", "202714.7680800", "0"], [1761012000000, "0.0376000", "0.0376300", "0.0370800", "0.0372300", "9640645", 1761015599999, "359948.3753500", 4394, "4593565", "171559.7393600", "0"], [1761015600000, "0.0372300", "0.0372800", "0.0368200", "0.0369600", "3729885", 1761019199999, "138212.3281200", 2100, "1505882", "55808.2027000", "0"], [1761019200000, "0.0369600", "0.0370200", "0.0361200", "0.0361600", "10374916", 1761022799999, "379284.7457500", 5754, "4638226", "169569.5883500", "0"], [1761022800000, "0.0361700", "0.0364200", "0.0360000", "0.0360800", "6851019", 1761026399999, "248075.8927000", 3226, "3673242", "133138.3157700", "0"], [1761026400000, "0.0360800", "0.0363700", "0.0358800", "0.0362900", "7178803", 1761029999999, "259218.6872800", 3431, "3949087", "142606.5678500", "0"], [1761030000000, "0.0362800", "0.0366100", "0.0360100", "0.0365200", "6102147", 1761033599999, "221570.3949800", 2543, "3135387", "113907.1127600", "0"], [1761033600000, "0.0365300", "0.0365300", "0.0360100", "0.0362900", "6146937", 1761037199999, "222686.2494900", 2917, "2936499", "106349.7820400", "0"], [1761037200000, "0.0362800", "0.0365800", "0.0361800", "0.0363800", "7853764", 1761040799999, "285520.3674800", 3575, "5020164", "182543.1315700", "0"], [1761040800000, "0.0363800", "0.0368600", "0.0362400", "0.0366500", "9749559", 1761044399999, "355786.9078500", 4137, "5451215", "198965.6174600", "0"], [1761044400000, "0.0366400", "0.0384700", "0.0364000", "0.0384400", "30506578", 1761047999999, "1138436.5824300", 12504, "18432359", "687336.2118200", "0"], [1761048000000, "0.0384400", "0.0384500", "0.0368000", "0.0369400", "30246493", 1761051599999, "1138702.5236000", 12566, "13388535", "504369.3897100", "0"], [1761051600000, "0.0369300", "0.0372900", "0.0366200", "0.0370100", "14510463", 1761055199999, "535718.5799100", 6563, "7164636", "264497.6037900", "0"], [1761055200000, "0.0370100", "0.0385800", "0.0369200", "0.0385400", "26029356", 1761058799999, "987015.7509400", 10248, "15365458", "582447.0998900", "0"], [1761058800000, "0.0385300", "0.0394800", "0.0383300", "0.0394600", "17247418", 1761062399999, "672757.5505200", 7425, "8636034", "336888.7832300", "0"], [1761062400000, "0.0394500", "0.0412400", "0.0393500", "0.0394800", "62196597", 1761065999999, "2509766.7705000", 22444, "33841760", "1366436.1689400", "0"], [1761066000000, "0.0394900", "0.0399200", "0.0389400", "0.0396000", "16986135", 1761069599999, "671189.5791600", 7910, "7544386", "298403.8600400", "0"], [1761069600000, "0.0396000", "0.0397000", "0.0392400", "0.0395200", "4663665", 1761073199999, "184008.4046400", 3008, "2203586", "86970.2209900", "0"], [1761073200000, "0.0394900", "0.0420700", "0.0394500", "0.0413900", "83238914", 1761076799999, "3433683.8992000", 30968, "44191468", "1821806.0013800", "0"], [1761076800000, "0.0413800", "0.0415800", "0.0396800", "0.0402100", "43669534", 1761080399999, "1768192.4823100", 17608, "20352890", "824130.8506300", "0"], [1761080400000, "0.0402200", "0.0402200", "0.0397100", "0.0397700", "4886525", 1761083999999, "195075.3293100", 2014, "2457889", "98136.6089900", "0"]]}