{"_ts": 1761088563.4625328, "data": [[1760918400000, "0.1142000", "0.1144000", "0.1122000", "0.1134000", "5898986.3", 1760921999999, "667940.08040000", 5190, "2857045.3", "323551.76941000", "0"], [1760922000000, "0.1134000", "0.1144000", "0.1129000", "0.1138000", "5306617.0", 1760925599999, "604024.96014000", 3926, "3293742.8", "374974.58171000", "0"], [1760925600000, "0.1137000", "0.1146000", "0.1129000", "0.1142000", "4448900.9", 1760929199999, "506730.91833000", 3630, "2668188.2", "304043.43025000", "0"], [1760929200000, "0.1141000", "0.1175000", "0.1136000", "0.1170000", "4992451.5", 1760932799999, "576603.46285000", 4414, "2705304.1", "312180.62886000", "0"], [1760932800000, "0.1171000", "0.1177000", "0.1156000", "0.1159000", "7889548.6", 1760936399999, "919070.10934000", 5477, "3373639.7", "393404.97147000", "0"], [1760936400000, "0.1158000", "0.1171000", "0.1155000", "0.1167000", "4675442.9", 1760939999999, "542505.40567000", 4073, "2947689.8", "341995.49831000", "0"], [1760940000000, "0.1168000", "0.1202000", "0.1167000", "0.1193000", "13019886.3", 1760943599999, "1547688.89993000", 6872, "6775007.8", "805357.99582000", "0"], [1760943600000, "0.1193000", "0.1195000", "0.1178000", "0.1184000", "7303785.1", 1760947199999, "867272.98320000", 4265, "2209813.5", "262211.98609000", "0"], [1760947200000, "0.1183000", "0.1188000", "0.1171000", "0.1178000", "7135923.2", 1760950799999, "841070.42198000", 5077, "3394873.4", "400144.24303000", "0"], [1760950800000, "0.1179000", "0.1185000", "0.1170000", "0.1180000", "5406216.6", 1760954399999, "636115.08025000", 3921, "2678009.3", "315242.79957000", "0"], [1760954400000, "0.1179000", "0.1225000", "0.1179000", "0.1221000", "40635156.8", 1760957999999, "4905095.84954000", 17119, "21348579.8", "2577276.25286000", "0"], [1760958000000, "0.1220000", "0.1266000", "0.1219000", "0.1254000", "50140566.1", 1760961599999, "6240806.62058000", 27276, "19286406.4", "2400603.85416000", "0"], [1760961600000, "0.1254000", "0.1318000", "0.1251000", "0.1282000", "73282161.5", 1760965199999, "9416053.81965000", 37785, "35980554.3", "4620675.76933000", "0"], [1760965200000, "0.1281000", "0.1308000", "0.1259000", "0.1302000", "32092474.8", 1760968799999, "4108891.28746000", 19149, "15817853.7", "2025918.95553000", "0"], [1760968800000, "0.1302000", "0.1354000", "0.1298000", "0.1331000", "68897476.4", 1760972399999, "9114474.31256000", 32114, "32957263.6", "4359242.18225000", "0"], [1760972400000, "0.1330000", "0.1341000", "0.1315000", "0.1320000", "42189056.3", 1760975999999, "5593096.06548000", 22748, "18417446.5", "2442257.43414000", "0"], [1760976000000, "0.1320000", "0.1328000", "0.1271000", "0.1295000", "72742975.5", 1760979599999, "9461471.34513000", 30144, "30556287.9", "3977009.59911000", "0"], [1760979600000, "0.1295000", "0.1304000", "0.1273000", "0.1278000", "16167968.1", 1760983199999, "2076911.47516000", 10216, "8057591.0", "1034998.39600000", "0"], [1760983200000, "0.1279000", "0.1285000", "0.1271000", "0.1280000", "9944243.4", 1760986799999, "1270540.57371000", 8062, "5248398.5", "670927.56283000", "0"], [1760986800000, "0.1279000", "0.1308000", "0.1273000", "0.1291000", "16551016.0", 1760990399999, "2135710.29893000", 9472, "9388172.8", "1211311.77311000", "0"], [1760990400000, "0.1291000", "0.1292000", "0.1273000", "0.1288000", "15796365.8", 1760993999999, "2024585.98506000", 10711, "6254281.9", "802348.49644000", "0"], [1760994000000, "0.1288000", "0.1299000", "0.1280000", "0.1287000", "7338804.4", 1760997599999, "947195.35466000", 6191, "3383742.2", "436835.14896000", "0"], [1760997600000, "0.1287000", "0.1287000", "0.1274000", "0.1284000", "7025800.4", 1761001199999, "899906.74405000", 5663, "3254773.0", "417060.18543000", "0"], [1761001200000, "0.1284000", "0.1294000", "0.1279000", "0.1289000", "6885281.1", 1761004799999, "886522.58952000", 4776, "3755588.2", "483678.90910000", "0"], [1761004800000, "0.1288000", "0.1304000", "0.1284000", "0.1299000", "10527573.5", 1761008399999, "1363049.95927000", 8100, "5522935.4", "715539.59580000", "0"], [1761008400000, "0.1299000", "0.1301000", "0.1278000", "0.1287000", "8736452.5", 1761011999999, "1123245.88059000", 6774, "4447054.0", "571848.05637000", "0"], [1761012000000, "0.1286000", "0.1287000", "0.1229000", "0.1246000", "49186862.9", 1761015599999, "6155804.79582000", 18321, "24193776.4", "3023016.26694000", "0"], [1761015600000, "0.1245000", "0.1252000", "0.1237000", "0.1243000", "7979318.3", 1761019199999, "993549.34227000", 5696, "3700700.3", "460970.45535000", "0"], [1761019200000, "0.1243000", "0.1245000", "0.1209000", "0.1214000", "21742107.6", 1761022799999, "2662004.20382000", 10726, "10014788.8", "1226510.95420000", "0"], [1761022800000, "0.1215000", "0.1224000", "0.1211000", "0.1214000", "7388138.2", 1761026399999, "899372.87396000", 5430, "3926577.3", "478076.92819000", "0"], [1761026400000, "0.1215000", "0.1224000", "0.1206000", "0.1218000", "9153138.6", 1761029999999, "1113382.99629000", 5327, "4313801.3", "525278.88299000", "0"], [1761030000000, "0.1218000", "0.1235000", "0.1209000", "0.1224000", "8376207.6", 1761033599999, "1023912.27909000", 5991, "4216589.7", "515557.37685000", "0"], [1761033600000, "0.1225000", "0.1227000", "0.1202000", "0.1208000", "11618144.6", 1761037199999, "1408539.71913000", 6723, "5229641.6", "633927.52665000", "0"], [1761037200000, "0.1207000", "0.1212000", "0.1200000", "0.1207000", "6148434.7", 1761040799999, "740982.72247000", 5231, "2995884.0", "361160.05343000", "0"], [1761040800000, "0.1207000", "0.1226000", "0.1204000", "0.1218000", "8426070.0", 1761044399999, "1023826.53416000", 6408, "5318227.7", "646168.01812000", "0"], [1761044400000, "0.1218000", "0.1229000", "0.1214000", "0.1221000", "5621026.1", 1761047999999, "686240.63345000", 5129, "2727542.0", "333150.50844000", "0"], [1761048000000, "0.1220000", "0.1235000", "0.1215000", "0.1220000", "6637476.0", 1761051599999, "813801.47539000", 6003, "2781056.9", "341273.46426000", "0"], [1761051600000, "0.1220000", "0.1224000", "0.1206000", "0.1212000", "9972904.1", 1761055199999, "1211653.54746000", 6911, "4593542.9", "558306.77464000", "0"], [1761055200000, "0.1213000", "0.1268000", "0.1210000", "0.1266000", "23885970.4", 1761058799999, "2963824.92878000", 12031, "13437826.2", "1668364.56429000", "0"], [1761058800000, "0.1266000", "0.1287000", "0.1246000", "0.1274000", "26557261.8", 1761062399999, "3371513.22876000", 12945, "14129730.8", "1795533.20876000", "0"], [1761062400000, "0.1275000", "0.1304000", "0.1265000", "0.1271000", "27205927.0", 1761065999999, "3498927.99413000", 15553, "12854610.1", "1654216.26653000", "0"], [1761066000000, "0.1272000", "0.1281000", "0.1246000", "0.1259000", "24295899.2", 1761069599999, "3077233.76851000", 11805, "8200241.9", "1038795.24477000", "0"], [1761069600000, "0.1258000", "0.1265000", "0.1247000", "0.1263000", "5869345.8", 1761073199999, "737229.27155000", 5015, "2873023.4", "360842.10188000", "0"], [1761073200000, "0.1263000", "0.1265000", "0.1251000", "0.1255000", "5872665.4", 1761076799999, "738669.46052000", 4162, "2803361.6", "352569.36398000", "0"], [1761076800000, "0.1256000", "0.1258000", "0.1236000", "0.1245000", "8539135.7", 1761080399999, "1063874.57695000", 6744, "3979719.7", "495914.39833000", "0"], [1761080400000, "0.1245000", "0.1251000", "0.1222000", "0.1240000", "7275352.0", 1761083999999, "898855.81722000", 5595, "3458699.1", "427575.81244000", "0"], [1761084000000, "0.1240000", "0.1240000", "0.1208000", "0.1213000", "9954203.0", 1761087599999, "1214716.77029000", 7230, "4320688.1", "527300.18412000", "0"], [1761087600000, "0.1213000", "0.1216000", "0.1210000", "0.1213000", "1547774.6", 1761091199999, "187824.61344000", 1310, "690453.0", "83812.70370000", "0"]]}