{"_ts": 1761078600.3463607, "data": [[1760907600000, "0.1065600", "0.1113200", "0.1047600", "0.1096400", "42205105", 1760911199999, "4575984.7850000", 48101, "20919566", "2268980.3516300", "0"], [1760911200000, "0.1096400", "0.1110300", "0.1050100", "0.1052600", "35613807", 1760914799999, "3850547.2059700", 53255, "15585854", "1687044.5936900", "0"], [1760914800000, "0.1052300", "0.1067000", "0.1020000", "0.1028100", "32839111", 1760918399999, "3431687.0023700", 40817, "13995592", "1465149.3180300", "0"], [1760918400000, "0.1028100", "0.1031700", "0.0971200", "0.1003900", "52895286", 1760921999999, "5272212.7329300", 62476, "23727583", "2364231.4609200", "0"], [1760922000000, "0.1004000", "0.1023400", "0.0995300", "0.1003100", "30018404", 1760925599999, "3027214.3487100", 38944, "16435625", "1658353.4582700", "0"], [1760925600000, "0.1003000", "0.1038600", "0.0995900", "0.1015600", "30062018", 1760929199999, "3050664.2890800", 48327, "15325425", "1556361.0539100", "0"], [1760929200000, "0.1015600", "0.1106500", "0.1007900", "0.1100800", "67943996", 1760932799999, "7218380.0406800", 95259, "36746936", "3903726.5244100", "0"], [1760932800000, "0.1100900", "0.1188700", "0.1085000", "0.1179300", "111819434", 1760936399999, "12665901.6807900", 168288, "56226717", "6374605.6768100", "0"], [1760936400000, "0.1179500", "0.1216200", "0.1136000", "0.1189100", "118937016", 1760939999999, "13992165.6021500", 169561, "59128082", "6963005.2468600", "0"], [1760940000000, "0.1189200", "0.1249600", "0.1050200", "0.1106000", "276843612", 1760943599999, "32192095.1436400", 383160, "129092032", "15024528.8381400", "0"], [1760943600000, "0.1105900", "0.1163800", "0.1092300", "0.1134600", "106803662", 1760947199999, "12081625.1477000", 166479, "52917984", "5987633.9639600", "0"], [1760947200000, "0.1134900", "0.1141500", "0.1092500", "0.1104100", "71590426", 1760950799999, "7965232.4668300", 104549, "32748056", "3644931.0029100", "0"], [1760950800000, "0.1104500", "0.1123600", "0.1099500", "0.1117700", "34081680", 1760954399999, "3787233.0228300", 65509, "16589919", "1844507.8723700", "0"], [1760954400000, "0.1117400", "0.1138200", "0.1075400", "0.1083600", "62738940", 1760957999999, "6942057.2361500", 92898, "28242697", "3129782.7572600", "0"], [1760958000000, "0.1083500", "0.1153200", "0.1073900", "0.1151700", "56231823", 1760961599999, "6224700.0409700", 82436, "29374955", "3254338.0163200", "0"], [1760961600000, "0.1151600", "0.1187000", "0.1133100", "0.1142700", "65813919", 1760965199999, "7628712.5733600", 108292, "30210945", "3506537.4567300", "0"], [1760965200000, "0.1142800", "0.1153800", "0.1102100", "0.1107200", "40524619", 1760968799999, "4567866.1295000", 70400, "18894238", "2131475.3511800", "0"], [1760968800000, "0.1107300", "0.1122100", "0.1086800", "0.1105600", "35574678", 1760972399999, "3931510.9348400", 60390, "17079442", "1888952.2647400", "0"], [1760972400000, "0.1105600", "0.1120100", "0.1082200", "0.1084800", "35666734", 1760975999999, "3929137.2490000", 66492, "16384983", "1806214.7165300", "0"], [1760976000000, "0.1085100", "0.1087800", "0.1030300", "0.1061400", "72559335", 1760979599999, "7652984.4926500", 89965, "33354505", "3518608.2210700", "0"], [1760979600000, "0.1061300", "0.1075000", "0.1041800", "0.1058300", "24682096", 1760983199999, "2612017.0708900", 41447, "13237366", "1401580.4318300", "0"], [1760983200000, "0.1058400", "0.1087800", "0.1041300", "0.1074500", "26891198", 1760986799999, "2863291.9667100", 44136, "13860135", "1475949.5043300", "0"], [1760986800000, "0.1074500", "0.1089000", "0.1049500", "0.1078900", "18878816", 1760990399999, "2010455.9759800", 34516, "9242520", "984950.5245000", "0"], [1760990400000, "0.1079000", "0.1089200", "0.1067900", "0.1074600", "12817056", 1760993999999, "1378620.6688600", 30244, "6146757", "661416.6145800", "0"], [1760994000000, "0.1074400", "0.1125900", "0.1071100", "0.1108200", "15112228", 1760997599999, "1657964.7298700", 27309, "7856570", "862159.8887000", "0"], [1760997600000, "0.1108000", "0.1125200", "0.1098300", "0.1117800", "12960401", 1761001199999, "1440808.6694300", 34019, "6478213", "720428.9966100", "0"], [1761001200000, "0.1117900", "0.1157400", "0.1117900", "0.1143100", "17819241", 1761004799999, "2028875.3856400", 38726, "8612421", "980747.5518600", "0"], [1761004800000, "0.1143000", "0.1147800", "0.1109200", "0.1133800", "23495924", 1761008399999, "2653312.5093300", 51835, "11778171", "1331156.2338400", "0"], [1761008400000, "0.1133700", "0.1143900", "0.1083000", "0.1090300", "25639684", 1761011999999, "2851825.7167800", 46819, "11058646", "1231614.5662900", "0"], [1761012000000, "0.1090300", "0.1107700", "0.1075600", "0.1087400", "21789355", 1761015599999, "2382820.7728300", 46076, "10889087", "1192131.6453000", "0"], [1761015600000, "0.1087500", "0.1094700", "0.1073500", "0.1076900", "11807656", 1761019199999, "1277788.0263800", 30307, "6188387", "669947.7295000", "0"], [1761019200000, "0.1076900", "0.1083000", "0.1038900", "0.1047100", "31736742", 1761022799999, "3349867.8916100", 58517, "14624643", "1543742.9611500", "0"], [1761022800000, "0.1047100", "0.1074000", "0.1035800", "0.1057500", "22876794", 1761026399999, "2419487.2816900", 40856, "12889798", "1364016.6076700", "0"], [1761026400000, "0.1057500", "0.1072400", "0.1055500", "0.1070400", "15102028", 1761029999999, "1603828.6644800", 30420, "7992555", "848883.1782800", "0"], [1761030000000, "0.1070300", "0.1105900", "0.1060300", "0.1098500", "17918347", 1761033599999, "1953698.0666300", 39452, "9233606", "1005906.5203900", "0"], [1761033600000, "0.1098700", "0.1136800", "0.1096300", "0.1131000", "25890319", 1761037199999, "2897521.0544200", 48088, "12694596", "1421043.6775000", "0"], [1761037200000, "0.1131000", "0.1131000", "0.1103400", "0.1113100", "14797226", 1761040799999, "1651851.6330100", 29729, "6502901", "726133.0052100", "0"], [1761040800000, "0.1112700", "0.1122000", "0.1086400", "0.1100400", "18584750", 1761044399999, "2052307.5195200", 33245, "8701145", "960928.6151000", "0"], [1761044400000, "0.1100400", "0.1153100", "0.1094200", "0.1149400", "21951701", 1761047999999, "2485784.2358100", 41475, "11953393", "1353643.4694700", "0"], [1761048000000, "0.1149200", "0.1184100", "0.1143500", "0.1164300", "29863069", 1761051599999, "3482401.8169600", 58045, "14153601", "1650671.7910500", "0"], [1761051600000, "0.1164200", "0.1231000", "0.1160500", "0.1169800", "47178872", 1761055199999, "5614146.7857900", 89023, "23552334", "2804814.9267900", "0"], [1761055200000, "0.1170000", "0.1298900", "0.1170000", "0.1271800", "73219043", 1761058799999, "9110600.0757500", 132149, "37608991", "4680152.9984700", "0"], [1761058800000, "0.1272400", "0.1297200", "0.1246000", "0.1272100", "46722167", 1761062399999, "5952397.6506200", 88780, "21619346", "2758086.9737700", "0"], [1761062400000, "0.1272500", "0.1289700", "0.1192900", "0.1203300", "43132238", 1761065999999, "5385521.9859400", 72023, "19290534", "2412890.7009300", "0"], [1761066000000, "0.1202900", "0.1321400", "0.1200200", "0.1316400", "59702527", 1761069599999, "7473881.8729200", 91725, "33143532", "4160728.9362800", "0"], [1761069600000, "0.1316100", "0.1347800", "0.1306000", "0.1309500", "46824348", 1761073199999, "6191676.1239700", 91678, "22093675", "2922959.8628900", "0"], [1761073200000, "0.1309500", "0.1336200", "0.1271000", "0.1326800", "31088303", 1761076799999, "4055937.9607700", 63112, "14958864", "1952598.1942500", "0"], [1761076800000, "0.1326500", "0.1332900", "0.1198000", "0.1236600", "33337322", 1761080399999, "4209415.0159500", 50865, "14990289", "1890635.8050700", "0"]]}