{"_ts": 1761088467.0115495, "data": [[1760918400000, "438.58", "439.42", "430.01", "436.36", "43566.844", 1760921999999, "18890977.40994", 94914, "20882.010", "9054055.30323", "0"], [1760922000000, "436.36", "438.70", "431.45", "432.79", "21021.369", 1760925599999, "9152090.18039", 60873, "9667.220", "4210780.45365", "0"], [1760925600000, "432.79", "432.98", "426.02", "429.77", "34827.363", 1760929199999, "14955441.08993", 85386, "16623.644", "7141323.76208", "0"], [1760929200000, "429.79", "437.00", "426.78", "434.51", "35410.699", 1760932799999, "15297262.75618", 79096, "20639.823", "8922698.16969", "0"], [1760932800000, "434.51", "448.57", "434.03", "446.20", "58781.503", 1760936399999, "25919405.36310", 137466, "33168.976", "14624041.27062", "0"], [1760936400000, "446.20", "454.43", "442.92", "454.19", "42959.627", 1760939999999, "19283072.69063", 134815, "21466.505", "9642921.37217", "0"], [1760940000000, "454.20", "456.12", "447.49", "450.96", "39878.963", 1760943599999, "18030832.04060", 116444, "19424.957", "8785631.66109", "0"], [1760943600000, "450.99", "450.99", "439.00", "441.26", "41705.140", 1760947199999, "18540263.36668", 95097, "17738.332", "7890613.20529", "0"], [1760947200000, "441.26", "444.31", "437.56", "439.82", "36071.802", 1760950799999, "15888039.84677", 91859, "18647.869", "8216077.27861", "0"], [1760950800000, "439.82", "440.21", "432.74", "437.15", "30961.612", 1760954399999, "13497948.74740", 81835, "15354.018", "6693991.95803", "0"], [1760954400000, "437.15", "437.90", "431.50", "435.76", "25346.571", 1760957999999, "11018874.53443", 70515, "13229.008", "5753332.72366", "0"], [1760958000000, "435.72", "438.65", "433.53", "437.67", "19208.753", 1760961599999, "8381009.33131", 58572, "10117.573", "4415958.89000", "0"], [1760961600000, "437.67", "441.70", "434.12", "438.06", "40361.749", 1760965199999, "17702311.81835", 90043, "18752.696", "8224476.00268", "0"], [1760965200000, "438.05", "447.33", "435.39", "443.02", "36814.918", 1760968799999, "16272429.96877", 93942, "19636.433", "8684133.21040", "0"], [1760968800000, "443.04", "443.77", "431.58", "438.38", "46414.696", 1760972399999, "20305371.74698", 94650, "23207.485", "10161600.23169", "0"], [1760972400000, "438.37", "441.39", "434.00", "434.73", "31547.207", 1760975999999, "13791589.57293", 82378, "14791.460", "6467032.45912", "0"], [1760976000000, "434.73", "434.78", "426.67", "431.52", "70073.472", 1760979599999, "30152124.39188", 136052, "32697.456", "14072592.23790", "0"], [1760979600000, "431.52", "434.78", "425.35", "428.79", "33707.472", 1760983199999, "14502964.99067", 87708, "16747.046", "7209488.54339", "0"], [1760983200000, "428.79", "429.88", "417.81", "424.37", "45005.619", 1760986799999, "19046461.13651", 89803, "19365.898", "8199202.43569", "0"], [1760986800000, "424.35", "424.96", "420.21", "422.09", "18561.222", 1760990399999, "7844613.04115", 52728, "9106.090", "3849172.29805", "0"], [1760990400000, "422.10", "425.91", "420.01", "424.60", "14214.096", 1760993999999, "6016303.05829", 42547, "7522.036", "3183909.64287", "0"], [1760994000000, "424.60", "427.49", "422.61", "424.06", "17222.595", 1760997599999, "7328577.82099", 34770, "8002.831", "3405188.75687", "0"], [1760997600000, "424.06", "427.28", "421.79", "426.57", "12888.158", 1761001199999, "5479196.24495", 40131, "6444.460", "2739915.07634", "0"], [1761001200000, "426.57", "426.62", "422.24", "422.60", "9970.653", 1761004799999, "4225628.17932", 32178, "4526.354", "1918640.92727", "0"], [1761004800000, "422.60", "427.81", "420.00", "424.83", "22140.045", 1761008399999, "9387536.38382", 57292, "11231.130", "4764219.72945", "0"], [1761008400000, "424.82", "426.75", "422.00", "424.53", "17570.007", 1761011999999, "7450749.93404", 52913, "8628.967", "3659496.96085", "0"], [1761012000000, "424.53", "425.50", "411.00", "413.82", "60687.567", 1761015599999, "25232792.63937", 116537, "25387.664", "10556319.18354", "0"], [1761015600000, "413.83", "418.04", "413.14", "415.52", "19347.938", 1761019199999, "8035989.86518", 54430, "9805.898", "4073775.04671", "0"], [1761019200000, "415.52", "416.12", "406.19", "407.50", "48071.012", 1761022799999, "19722677.19691", 112792, "19466.152", "7988433.48237", "0"], [1761022800000, "407.50", "411.44", "403.00", "407.08", "37809.318", 1761026399999, "15394790.20119", 82294, "18252.884", "7437215.50694", "0"], [1761026400000, "407.10", "409.29", "402.65", "408.47", "30944.630", 1761029999999, "12581015.61138", 69313, "15659.606", "6369469.78243", "0"], [1761030000000, "408.48", "413.04", "405.37", "412.76", "24665.774", 1761033599999, "10104767.02030", 60431, "14332.794", "5874373.03486", "0"], [1761033600000, "412.76", "412.92", "405.48", "406.81", "22544.319", 1761037199999, "9198034.73923", 51839, "9367.884", "3823313.95926", "0"], [1761037200000, "406.81", "407.82", "403.58", "404.51", "14572.031", 1761040799999, "5912641.29573", 38498, "6485.544", "2632450.94751", "0"], [1761040800000, "404.51", "405.48", "398.56", "401.70", "51827.338", 1761044399999, "20819293.66148", 91872, "22996.040", "9240707.82433", "0"], [1761044400000, "401.69", "404.48", "400.69", "403.17", "18169.204", 1761047999999, "7311328.88827", 44787, "9417.385", "3789712.91693", "0"], [1761048000000, "403.17", "408.64", "400.01", "400.60", "39595.840", 1761051599999, "16022746.76732", 93481, "19470.201", "7883594.56926", "0"], [1761051600000, "400.59", "404.76", "395.73", "398.96", "39806.313", 1761055199999, "15925956.89858", 97132, "17455.171", "6987418.31132", "0"], [1761055200000, "398.97", "420.68", "398.83", "420.26", "74836.013", 1761058799999, "30699328.59416", 144238, "41237.709", "16918111.05426", "0"], [1761058800000, "420.27", "423.95", "414.08", "421.96", "81341.069", 1761062399999, "34091920.20904", 193391, "39898.673", "16727296.90917", "0"], [1761062400000, "421.97", "433.97", "413.52", "415.81", "100134.475", 1761065999999, "42531296.08670", 226329, "47559.638", "20204938.35709", "0"], [1761066000000, "415.81", "418.15", "403.21", "407.77", "97103.713", 1761069599999, "39808987.36601", 174172, "44889.060", "18405296.75944", "0"], [1761069600000, "407.76", "410.34", "402.47", "406.92", "27197.152", 1761073199999, "11049223.19933", 80096, "12724.586", "5170462.08378", "0"], [1761073200000, "406.91", "407.83", "403.90", "404.77", "13355.031", 1761076799999, "5417810.53002", 47863, "6537.807", "2652259.15426", "0"], [1761076800000, "404.77", "405.73", "394.95", "397.64", "38152.882", 1761080399999, "15244209.01404", 89662, "14572.574", "5823047.90065", "0"], [1761080400000, "397.64", "400.99", "388.11", "396.54", "37648.020", 1761083999999, "14850313.42719", 55516, "15745.765", "6221314.10142", "0"], [1761084000000, "396.54", "397.30", "386.35", "388.44", "39155.249", 1761087599999, "15282719.77576", 84541, "16417.884", "6405147.70684", "0"], [1761087600000, "388.45", "389.23", "387.27", "387.67", "4797.866", 1761091199999, "1862086.70870", 15672, "2428.383", "942653.89441", "0"]]}