{"_ts": 1761088736.0198147, "data": [[1760918400000, "0.0003365", "0.0003372", "0.0003251", "0.0003290", "615015669", 1760921999999, "202728.2605313", 2815, "252952678", "83397.6174131", "0"], [1760922000000, "0.0003289", "0.0003310", "0.0003232", "0.0003282", "199052647", 1760925599999, "65204.6941389", 1422, "84790373", "27811.6127053", "0"], [1760925600000, "0.0003282", "0.0003309", "0.0003241", "0.0003293", "257197377", 1760929199999, "84330.8771959", 1885, "131251509", "43064.2321048", "0"], [1760929200000, "0.0003292", "0.0003376", "0.0003271", "0.0003355", "284220477", 1760932799999, "94641.1045894", 1872, "141020778", "47011.9472757", "0"], [1760932800000, "0.0003355", "0.0003425", "0.0003345", "0.0003394", "418299600", 1760936399999, "141689.9610752", 2492, "170342480", "57657.0830187", "0"], [1760936400000, "0.0003389", "0.0003396", "0.0003318", "0.0003355", "392387444", 1760939999999, "131821.1911639", 1592, "171010005", "57513.7130535", "0"], [1760940000000, "0.0003352", "0.0003371", "0.0003325", "0.0003343", "295023872", 1760943599999, "98845.6495365", 1099, "159743674", "53567.1723946", "0"], [1760943600000, "0.0003346", "0.0003356", "0.0003296", "0.0003320", "348326938", 1760947199999, "115663.1138605", 1617, "162047983", "53876.6250454", "0"], [1760947200000, "0.0003319", "0.0003336", "0.0003263", "0.0003283", "390384878", 1760950799999, "128615.7638289", 1788, "205619921", "67782.6072883", "0"], [1760950800000, "0.0003278", "0.0003299", "0.0003265", "0.0003291", "205372744", 1760954399999, "67409.9874919", 1241, "86068276", "28278.0601663", "0"], [1760954400000, "0.0003288", "0.0003317", "0.0003259", "0.0003265", "262732708", 1760957999999, "86346.4319086", 1572, "102466923", "33715.0835839", "0"], [1760958000000, "0.0003267", "0.0003303", "0.0003262", "0.0003283", "166286070", 1760961599999, "54615.2283561", 994, "58815759", "19323.5073877", "0"], [1760961600000, "0.0003281", "0.0003281", "0.0003220", "0.0003237", "293046187", 1760965199999, "95175.6409109", 1314, "130957166", "42592.0377945", "0"], [1760965200000, "0.0003234", "0.0003280", "0.0003175", "0.0003242", "815282478", 1760968799999, "263123.7450756", 2663, "409608075", "132548.8010117", "0"], [1760968800000, "0.0003242", "0.0003375", "0.0003207", "0.0003360", "621940006", 1760972399999, "204827.1946773", 2280, "370160401", "122117.7820396", "0"], [1760972400000, "0.0003362", "0.0003423", "0.0003333", "0.0003365", "712761947", 1760975999999, "241198.2914391", 2496, "284707447", "96443.1174977", "0"], [1760976000000, "0.0003368", "0.0003371", "0.0003216", "0.0003281", "1533657507", 1760979599999, "504371.2346994", 4963, "716714429", "235789.2120852", "0"], [1760979600000, "0.0003277", "0.0003336", "0.0003256", "0.0003314", "270080204", 1760983199999, "88997.4350710", 1449, "119006616", "39260.5485103", "0"], [1760983200000, "0.0003315", "0.0003376", "0.0003292", "0.0003352", "207647941", 1760986799999, "69294.2806898", 950, "83779861", "27966.6739803", "0"], [1760986800000, "0.0003357", "0.0003357", "0.0003256", "0.0003325", "463374449", 1760990399999, "153152.3840589", 1623, "182359228", "60263.2456164", "0"], [1760990400000, "0.0003323", "0.0003368", "0.0003317", "0.0003340", "186977595", 1760993999999, "62538.3433446", 927, "77776450", "26053.8603145", "0"], [1760994000000, "0.0003341", "0.0003423", "0.0003331", "0.0003382", "293178781", 1760997599999, "99205.9322381", 1514, "158385903", "53624.7351396", "0"], [1760997600000, "0.0003378", "0.0003388", "0.0003343", "0.0003364", "111187357", 1761001199999, "37440.4903133", 798, "48465682", "16322.1210042", "0"], [1761001200000, "0.0003365", "0.0003390", "0.0003331", "0.0003370", "140267894", 1761004799999, "47084.5833339", 838, "59789335", "20117.6772174", "0"], [1761004800000, "0.0003370", "0.0003395", "0.0003364", "0.0003368", "83414617", 1761008399999, "28228.3339807", 897, "35654767", "12073.2348390", "0"], [1761008400000, "0.0003374", "0.0003409", "0.0003339", "0.0003369", "233231442", 1761011999999, "78692.1850503", 1245, "106552860", "35951.2740060", "0"], [1761012000000, "0.0003373", "0.0003444", "0.0003353", "0.0003418", "291887185", 1761015599999, "99494.2056249", 1488, "139675265", "47624.1084964", "0"], [1761015600000, "0.0003418", "0.0003473", "0.0003367", "0.0003385", "289287980", 1761019199999, "99069.0065956", 1646, "157869436", "54100.8301967", "0"], [1761019200000, "0.0003385", "0.0003447", "0.0003277", "0.0003417", "872514024", 1761022799999, "293361.3779130", 3425, "409557771", "137690.2914448", "0"], [1761022800000, "0.0003416", "0.0003470", "0.0003359", "0.0003456", "541566454", 1761026399999, "185069.9550888", 2220, "293835107", "100511.7559260", "0"], [1761026400000, "0.0003455", "0.0003499", "0.0003395", "0.0003467", "531141170", 1761029999999, "183033.7932663", 2477, "283861458", "97814.4742422", "0"], [1761030000000, "0.0003467", "0.0003700", "0.0003432", "0.0003685", "1840920947", 1761033599999, "658498.1299453", 8026, "1003322894", "359201.1019219", "0"], [1761033600000, "0.0003681", "0.0003728", "0.0003368", "0.0003457", "2725367394", 1761037199999, "965114.8605981", 11475, "1188679341", "421109.6424763", "0"], [1761037200000, "0.0003460", "0.0003602", "0.0003387", "0.0003564", "1701113068", 1761040799999, "594854.9642046", 9753, "826826770", "289001.8976033", "0"], [1761040800000, "0.0003564", "0.0003662", "0.0003564", "0.0003596", "1031612895", 1761044399999, "373071.7178686", 5506, "432956739", "156586.6491590", "0"], [1761044400000, "0.0003596", "0.0003655", "0.0003545", "0.0003609", "813439600", 1761047999999, "292927.1250588", 5394, "384968381", "138681.8423680", "0"], [1761048000000, "0.0003607", "0.0003934", "0.0003565", "0.0003865", "3031798741", 1761051599999, "1148971.8920942", 14960, "1521484303", "575689.7380760", "0"], [1761051600000, "0.0003869", "0.0004048", "0.0003732", "0.0003907", "5255084656", 1761055199999, "2054386.4221609", 39204, "2544373425", "995551.6686347", "0"], [1761055200000, "0.0003907", "0.0004027", "0.0003888", "0.0003948", "2020507656", 1761058799999, "801253.4915696", 12655, "951050647", "377330.3330915", "0"], [1761058800000, "0.0003949", "0.0004100", "0.0003842", "0.0004066", "3103810827", 1761062399999, "1233059.8263023", 14534, "1494462699", "594788.5953803", "0"], [1761062400000, "0.0004074", "0.0004234", "0.0003960", "0.0004022", "3000094384", 1761065999999, "1234207.8412228", 14788, "1442658330", "594132.9133999", "0"], [1761066000000, "0.0004024", "0.0004125", "0.0003947", "0.0004036", "1868510677", 1761069599999, "755944.6188602", 7720, "930038994", "376460.0418432", "0"], [1761069600000, "0.0004038", "0.0004096", "0.0003963", "0.0004056", "890579670", 1761073199999, "358805.5770098", 4167, "438645406", "176858.5665434", "0"], [1761073200000, "0.0004051", "0.0004323", "0.0004044", "0.0004229", "1677244356", 1761076799999, "704847.0883048", 7816, "820182320", "344319.2179105", "0"], [1761076800000, "0.0004228", "0.0004304", "0.0004134", "0.0004260", "1419969169", 1761080399999, "600138.6922305", 5875, "718697444", "303980.2527637", "0"], [1761080400000, "0.0004259", "0.0004425", "0.0004219", "0.0004238", "2691014882", 1761083999999, "1160650.5217565", 12749, "1317214465", "568272.4782378", "0"], [1761084000000, "0.0004240", "0.0004313", "0.0003960", "0.0003986", "2520429036", 1761087599999, "1037482.3671058", 13152, "1158933509", "477813.4604597", "0"], [1761087600000, "0.0003986", "0.0004045", "0.0003976", "0.0004016", "505014460", 1761091199999, "202412.8224169", 2388, "230245948", "92300.9749294", "0"]]}