{"_ts": 1761073991.0978537, "data": [[1760904000000, "0.5703", "0.5708", "0.5678", "0.5702", "348977.4", 1760907599999, "198644.97221", 2967, "189261.1", "107730.47807", "0"], [1760907600000, "0.5705", "0.5706", "0.5642", "0.5667", "375596.7", 1760911199999, "212931.47712", 3256, "177348.2", "100510.45181", "0"], [1760911200000, "0.5669", "0.5697", "0.5662", "0.5669", "659039.1", 1760914799999, "374269.28410", 4340, "342627.9", "194612.70978", "0"], [1760914800000, "0.5668", "0.5668", "0.5603", "0.5617", "663817.2", 1760918399999, "373704.44728", 4752, "267308.7", "150543.52411", "0"], [1760918400000, "0.5616", "0.5624", "0.5511", "0.5579", "1716488.8", 1760921999999, "954421.03353", 10161, "779692.0", "433531.11321", "0"], [1760922000000, "0.5579", "0.5604", "0.5560", "0.5578", "647121.5", 1760925599999, "361185.95981", 4947, "286838.7", "160102.44673", "0"], [1760925600000, "0.5577", "0.5618", "0.5540", "0.5599", "745868.0", 1760929199999, "416639.94785", 5561, "402622.1", "225020.31815", "0"], [1760929200000, "0.5598", "0.5771", "0.5581", "0.5736", "997274.8", 1760932799999, "566222.31201", 7007, "590437.1", "335325.39065", "0"], [1760932800000, "0.5736", "0.5757", "0.5687", "0.5705", "1153564.6", 1760936399999, "659622.06649", 7862, "551057.5", "315141.86375", "0"], [1760936400000, "0.5704", "0.5712", "0.5667", "0.5700", "590523.5", 1760939999999, "335829.38596", 4942, "331417.5", "188478.79262", "0"], [1760940000000, "0.5700", "0.5759", "0.5687", "0.5737", "732132.6", 1760943599999, "419790.00461", 4894, "437729.8", "250922.77291", "0"], [1760943600000, "0.5738", "0.5758", "0.5685", "0.5711", "1238566.4", 1760947199999, "709357.37175", 5486, "803415.3", "460397.63163", "0"], [1760947200000, "0.5711", "0.5745", "0.5676", "0.5708", "880968.3", 1760950799999, "502263.53515", 5502, "409478.7", "233479.73901", "0"], [1760950800000, "0.5707", "0.5708", "0.5652", "0.5675", "1244971.6", 1760954399999, "706289.80082", 6075, "533422.3", "302658.40160", "0"], [1760954400000, "0.5675", "0.5717", "0.5618", "0.5644", "2171354.2", 1760957999999, "1230561.79229", 9687, "1173727.1", "665359.86848", "0"], [1760958000000, "0.5645", "0.5654", "0.5602", "0.5641", "1237592.2", 1760961599999, "696997.40531", 6039, "617372.4", "347891.57248", "0"], [1760961600000, "0.5641", "0.5669", "0.5619", "0.5655", "681037.0", 1760965199999, "384364.73457", 4307, "363370.4", "205095.22058", "0"], [1760965200000, "0.5656", "0.5720", "0.5636", "0.5683", "784958.9", 1760968799999, "445776.86813", 5206, "384847.1", "218440.20388", "0"], [1760968800000, "0.5684", "0.5692", "0.5613", "0.5659", "1027344.4", 1760972399999, "580735.23599", 5294, "531667.0", "300576.07517", "0"], [1760972400000, "0.5660", "0.5693", "0.5591", "0.5594", "803228.0", 1760975999999, "453058.66288", 5069, "352011.4", "198715.00169", "0"], [1760976000000, "0.5593", "0.5601", "0.5484", "0.5531", "2927328.3", 1760979599999, "1622207.05279", 12572, "1392174.2", "771851.77294", "0"], [1760979600000, "0.5530", "0.5564", "0.5499", "0.5539", "787158.8", 1760983199999, "435345.59744", 4798, "361480.5", "199917.64586", "0"], [1760983200000, "0.5539", "0.5561", "0.5515", "0.5553", "472076.0", 1760986799999, "261604.45637", 3654, "227548.0", "126064.80576", "0"], [1760986800000, "0.5552", "0.5612", "0.5534", "0.5591", "682323.3", 1760990399999, "379964.39969", 4155, "347357.4", "193622.71126", "0"], [1760990400000, "0.5590", "0.5635", "0.5575", "0.5630", "591576.5", 1760993999999, "331484.45566", 4581, "248017.1", "138981.57792", "0"], [1760994000000, "0.5630", "0.5657", "0.5600", "0.5614", "421895.6", 1760997599999, "237633.56932", 3751, "201289.9", "113388.20972", "0"], [1760997600000, "0.5612", "0.5634", "0.5591", "0.5622", "404126.6", 1761001199999, "226981.77025", 2844, "222838.0", "125200.28442", "0"], [1761001200000, "0.5620", "0.5627", "0.5593", "0.5598", "377232.1", 1761004799999, "211593.32629", 2651, "124704.3", "69964.83335", "0"], [1761004800000, "0.5598", "0.5617", "0.5575", "0.5585", "457467.1", 1761008399999, "255940.19329", 3687, "227105.7", "127086.81603", "0"], [1761008400000, "0.5587", "0.5590", "0.5512", "0.5534", "669203.2", 1761011999999, "371558.41907", 4232, "302365.5", "167929.37646", "0"], [1761012000000, "0.5536", "0.5541", "0.5499", "0.5511", "499715.3", 1761015599999, "275753.41597", 3357, "264295.3", "145881.38348", "0"], [1761015600000, "0.5511", "0.5526", "0.5458", "0.5478", "467491.1", 1761019199999, "256638.70972", 2902, "184035.3", "101080.99106", "0"], [1761019200000, "0.5476", "0.5482", "0.5369", "0.5376", "2262696.8", 1761022799999, "1225698.29483", 8973, "960185.4", "520346.83521", "0"], [1761022800000, "0.5377", "0.5413", "0.5358", "0.5395", "962080.0", 1761026399999, "518324.80561", 4858, "549749.4", "296234.47335", "0"], [1761026400000, "0.5396", "0.5430", "0.5371", "0.5419", "499672.6", 1761029999999, "270156.28032", 3746, "265734.6", "143670.37128", "0"], [1761030000000, "0.5416", "0.5454", "0.5383", "0.5451", "413075.4", 1761033599999, "223904.67138", 3021, "212263.1", "115121.25263", "0"], [1761033600000, "0.5450", "0.5450", "0.5369", "0.5413", "459023.1", 1761037199999, "248065.64274", 3217, "225542.9", "121920.98476", "0"], [1761037200000, "0.5412", "0.5435", "0.5397", "0.5429", "436932.0", 1761040799999, "236729.95654", 3369, "196123.8", "106273.74760", "0"], [1761040800000, "0.5430", "0.5503", "0.5423", "0.5469", "868865.0", 1761044399999, "474564.85982", 5346, "426468.0", "232888.36838", "0"], [1761044400000, "0.5468", "0.5508", "0.5456", "0.5495", "489564.7", 1761047999999, "268137.61071", 3243, "204859.1", "112204.23752", "0"], [1761048000000, "0.5495", "0.5566", "0.5481", "0.5517", "828371.6", 1761051599999, "458002.73895", 4419, "456871.6", "252515.39065", "0"], [1761051600000, "0.5518", "0.5579", "0.5471", "0.5539", "1307564.4", 1761055199999, "722988.72039", 6991, "624349.8", "345429.72211", "0"], [1761055200000, "0.5539", "0.5852", "0.5538", "0.5845", "3997091.0", 1761058799999, "2281954.70795", 16823, "1952989.8", "1115759.09750", "0"], [1761058800000, "0.5843", "0.5973", "0.5799", "0.5958", "3186880.9", 1761062399999, "1881764.74964", 15417, "1579114.9", "932339.58784", "0"], [1761062400000, "0.5959", "0.6009", "0.5871", "0.5890", "3837143.9", 1761065999999, "2286196.48156", 14283, "1976776.1", "1178426.99897", "0"], [1761066000000, "0.5891", "0.5938", "0.5820", "0.5869", "3090933.0", 1761069599999, "1818595.82861", 13447, "1604085.3", "943498.24637", "0"], [1761069600000, "0.5870", "0.5883", "0.5809", "0.5848", "1425748.7", 1761073199999, "831762.60882", 7001, "598431.4", "349260.91527", "0"], [1761073200000, "0.5847", "0.5857", "0.5841", "0.5856", "183751.0", 1761076799999, "107468.07402", 1202, "83794.3", "49011.60418", "0"]]}