{"_ts": 1761073874.9404352, "data": [[1760904000000, "1.0426000", "1.0437000", "1.0355000", "1.0391000", "2994540", 1760907599999, "3111982.8776000", 14759, "1423548", "1479274.0642000", "0"], [1760907600000, "1.0392000", "1.0400000", "1.0279000", "1.0317000", "2350794", 1760911199999, "2427308.1267000", 11827, "1068333", "1103313.3548000", "0"], [1760911200000, "1.0317000", "1.0362000", "1.0303000", "1.0309000", "1547861", 1760914799999, "1598572.0545000", 13603, "797621", "823773.1319000", "0"], [1760914800000, "1.0310000", "1.0310000", "1.0159000", "1.0182000", "2563000", 1760918399999, "2619790.3349000", 14377, "1143068", "1168328.4710000", "0"], [1760918400000, "1.0182000", "1.0191000", "0.9977000", "1.0101000", "4883997", 1760921999999, "4919986.8824000", 30171, "2408862", "2427055.9506000", "0"], [1760922000000, "1.0101000", "1.0144000", "1.0045000", "1.0080000", "2415929", 1760925599999, "2438474.5201000", 22128, "1231656", "1243039.2665000", "0"], [1760925600000, "1.0080000", "1.0201000", "1.0013000", "1.0181000", "2651544", 1760929199999, "2682051.1971000", 21680, "1454517", "1471327.4999000", "0"], [1760929200000, "1.0181000", "1.0507000", "1.0158000", "1.0446000", "4208424", 1760932799999, "4346033.7424000", 26409, "2070778", "2137946.8603000", "0"], [1760932800000, "1.0447000", "1.0496000", "1.0399000", "1.0487000", "3262299", 1760936399999, "3407124.9492000", 24312, "1666330", "1740215.5569000", "0"], [1760936400000, "1.0488000", "1.0565000", "1.0428000", "1.0550000", "2735853", 1760939999999, "2868876.8863000", 19953, "1452126", "1523065.3443000", "0"], [1760940000000, "1.0551000", "1.0643000", "1.0531000", "1.0584000", "4122399", 1760943599999, "4363718.4712000", 27444, "2080711", "2203080.0810000", "0"], [1760943600000, "1.0585000", "1.0632000", "1.0482000", "1.0536000", "3641035", 1760947199999, "3846349.2322000", 20568, "1676479", "1771249.1401000", "0"], [1760947200000, "1.0537000", "1.0605000", "1.0484000", "1.0538000", "3422572", 1760950799999, "3603351.4613000", 19494, "1565122", "1648232.6240000", "0"], [1760950800000, "1.0537000", "1.0540000", "1.0474000", "1.0519000", "2370309", 1760954399999, "2489463.5375000", 15096, "1186111", "1245761.8655000", "0"], [1760954400000, "1.0519000", "1.0594000", "1.0447000", "1.0520000", "3949144", 1760957999999, "4157295.9612000", 23643, "1836365", "1933418.4050000", "0"], [1760958000000, "1.0519000", "1.0541000", "1.0461000", "1.0523000", "2448028", 1760961599999, "2572730.5446000", 17788, "1241139", "1304468.3658000", "0"], [1760961600000, "1.0524000", "1.0585000", "1.0485000", "1.0547000", "2201426", 1760965199999, "2317988.7807000", 14990, "1081872", "1139280.2785000", "0"], [1760965200000, "1.0548000", "1.0600000", "1.0449000", "1.0583000", "4706339", 1760968799999, "4958599.7177000", 23427, "2214020", "2334178.2567000", "0"], [1760968800000, "1.0583000", "1.0597000", "1.0463000", "1.0559000", "2853892", 1760972399999, "3010540.3995000", 18217, "1307402", "1379008.1789000", "0"], [1760972400000, "1.0560000", "1.0573000", "1.0394000", "1.0397000", "3953019", 1760975999999, "4145348.9081000", 20562, "1746575", "1831825.5060000", "0"], [1760976000000, "1.0396000", "1.0399000", "1.0167000", "1.0287000", "10407996", 1760979599999, "10707989.6958000", 45689, "4876712", "5017176.6544000", "0"], [1760979600000, "1.0286000", "1.0359000", "1.0184000", "1.0266000", "4222387", 1760983199999, "4334087.8104000", 22412, "2022522", "2076731.9571000", "0"], [1760983200000, "1.0267000", "1.0299000", "1.0216000", "1.0287000", "2783101", 1760986799999, "2856281.4446000", 14883, "1381343", "1417622.8852000", "0"], [1760986800000, "1.0286000", "1.0357000", "1.0230000", "1.0318000", "2613709", 1760990399999, "2687518.6348000", 15746, "1376542", "1415794.2756000", "0"], [1760990400000, "1.0317000", "1.0355000", "1.0272000", "1.0322000", "2203545", 1760993999999, "2273449.3550000", 14185, "1016861", "1049108.5688000", "0"], [1760994000000, "1.0322000", "1.0378000", "1.0220000", "1.0241000", "2192796", 1760997599999, "2257794.8503000", 11711, "1074122", "1106290.5257000", "0"], [1760997600000, "1.0242000", "1.0288000", "1.0202000", "1.0244000", "2027261", 1761001199999, "2077578.8788000", 12678, "1071075", "1097926.7918000", "0"], [1761001200000, "1.0245000", "1.0271000", "1.0207000", "1.0222000", "1503069", 1761004799999, "1538711.0190000", 10615, "807849", "827061.9219000", "0"], [1761004800000, "1.0221000", "1.0249000", "1.0156000", "1.0200000", "2390320", 1761008399999, "2438059.1969000", 15821, "1090386", "1112486.1759000", "0"], [1761008400000, "1.0200000", "1.0217000", "1.0060000", "1.0121000", "2722985", 1761011999999, "2760243.1831000", 17506, "1223319", "1240234.2865000", "0"], [1761012000000, "1.0122000", "1.0140000", "1.0076000", "1.0089000", "2026301", 1761015599999, "2048002.1322000", 14743, "967318", "977744.0921000", "0"], [1761015600000, "1.0090000", "1.0122000", "1.0012000", "1.0031000", "2373774", 1761019199999, "2390999.7477000", 15082, "1093148", "1101282.2110000", "0"], [1761019200000, "1.0031000", "1.0044000", "0.9875000", "0.9900000", "7494954", 1761022799999, "7455263.9084000", 36575, "3677707", "3657965.2165000", "0"], [1761022800000, "0.9900000", "0.9965000", "0.9873000", "0.9918000", "3581442", 1761026399999, "3553907.8918000", 21006, "1844759", "1830598.9673000", "0"], [1761026400000, "0.9918000", "0.9982000", "0.9883000", "0.9946000", "3110592", 1761029999999, "3092908.4684000", 16058, "1709916", "1700260.5450000", "0"], [1761030000000, "0.9946000", "1.0016000", "0.9901000", "1.0004000", "2142550", 1761033599999, "2132754.4813000", 11946, "1120283", "1115356.3183000", "0"], [1761033600000, "1.0004000", "1.0004000", "0.9883000", "0.9958000", "3003794", 1761037199999, "2985790.8750000", 16335, "1457519", "1448874.5007000", "0"], [1761037200000, "0.9958000", "0.9980000", "0.9921000", "0.9957000", "1966114", 1761040799999, "1957368.8066000", 11396, "922366", "918217.9660000", "0"], [1761040800000, "0.9958000", "1.0148000", "0.9933000", "1.0076000", "3990822", 1761044399999, "4005021.2139000", 17715, "2089767", "2098130.0259000", "0"], [1761044400000, "1.0075000", "1.0084000", "1.0019000", "1.0050000", "2297587", 1761047999999, "2310208.7192000", 12064, "1127414", "1133617.6218000", "0"], [1761048000000, "1.0051000", "1.0248000", "1.0032000", "1.0177000", "3582491", 1761051599999, "3637515.7908000", 21084, "1752454", "1779103.7770000", "0"], [1761051600000, "1.0177000", "1.0213000", "1.0008000", "1.0043000", "7771062", 1761055199999, "7855346.0391000", 38888, "3787394", "3827704.9304000", "0"], [1761055200000, "1.0044000", "1.0610000", "1.0040000", "1.0592000", "11759478", 1761058799999, "12133216.6450000", 57647, "6191450", "6384293.8174000", "0"], [1761058800000, "1.0593000", "1.0854000", "1.0531000", "1.0809000", "11045992", 1761062399999, "11827368.4502000", 51602, "5277945", "5651747.3891000", "0"], [1761062400000, "1.0809000", "1.0949000", "1.0664000", "1.0703000", "9324367", 1761065999999, "10115457.5090000", 47459, "4257531", "4618785.8300000", "0"], [1761066000000, "1.0704000", "1.0857000", "1.0657000", "1.0749000", "9963226", 1761069599999, "10732234.0616000", 56699, "4765936", "5133785.5942000", "0"], [1761069600000, "1.0748000", "1.0776000", "1.0645000", "1.0755000", "4049840", 1761073199999, "4336957.2859000", 26108, "2100937", "2250309.8590000", "0"], [1761073200000, "1.0755000", "1.0767000", "1.0718000", "1.0727000", "467488", 1761076799999, "501892.0534000", 2704, "218264", "234285.2830000", "0"]]}