{"_ts": 1761088555.5925975, "data": [[1760918400000, "2.2101000", "2.2101000", "2.1729000", "2.1940000", "1091193.0", 1760921999999, "2390693.67734000", 18469, "578051.6", "1266231.29013000", "0"], [1760922000000, "2.1940000", "2.1998000", "2.1854000", "2.1879000", "449135.9", 1760925599999, "984689.22561000", 10968, "202504.0", "443951.48826000", "0"], [1760925600000, "2.1878000", "2.2029000", "2.1779000", "2.1989000", "379667.0", 1760929199999, "832052.43871000", 9821, "198293.3", "434581.51398000", "0"], [1760929200000, "2.1990000", "2.2458000", "2.1975000", "2.2414000", "667382.0", 1760932799999, "1480622.92424000", 14073, "337203.7", "748188.22694000", "0"], [1760932800000, "2.2416000", "2.2480000", "2.2367000", "2.2474000", "498707.0", 1760936399999, "1118042.79909000", 12173, "234076.1", "524827.58959000", "0"], [1760936400000, "2.2474000", "2.2568000", "2.2391000", "2.2541000", "599257.4", 1760939999999, "1347007.40442000", 11775, "339639.0", "763631.66998000", "0"], [1760940000000, "2.2541000", "2.2934000", "2.2503000", "2.2811000", "1570959.3", 1760943599999, "3574958.71609000", 22917, "871126.7", "1982878.47357000", "0"], [1760943600000, "2.2813000", "2.2960000", "2.2743000", "2.2866000", "1219670.0", 1760947199999, "2787340.36291000", 14892, "762678.1", "1743668.61783000", "0"], [1760947200000, "2.2868000", "2.2869000", "2.2626000", "2.2626000", "876305.8", 1760950799999, "1994452.18538000", 13915, "422570.3", "961722.90316000", "0"], [1760950800000, "2.2626000", "2.2729000", "2.2552000", "2.2715000", "616190.5", 1760954399999, "1394152.45575000", 10214, "317609.6", "718575.09842000", "0"], [1760954400000, "2.2715000", "2.2811000", "2.2587000", "2.2662000", "559860.7", 1760957999999, "1272122.61557000", 11616, "272223.7", "618485.32753000", "0"], [1760958000000, "2.2663000", "2.2665000", "2.2479000", "2.2572000", "519263.5", 1760961599999, "1171420.18072000", 10532, "268361.7", "605403.90744000", "0"], [1760961600000, "2.2572000", "2.2643000", "2.2475000", "2.2540000", "523335.8", 1760965199999, "1180662.16536000", 9271, "244471.2", "551618.17106000", "0"], [1760965200000, "2.2542000", "2.2597000", "2.2432000", "2.2575000", "675262.1", 1760968799999, "1521127.85133000", 13264, "318408.4", "717394.16113000", "0"], [1760968800000, "2.2576000", "2.2599000", "2.2375000", "2.2478000", "774795.6", 1760972399999, "1740677.39309000", 12952, "376380.5", "845726.77493000", "0"], [1760972400000, "2.2478000", "2.2560000", "2.2333000", "2.2343000", "812792.4", 1760975999999, "1824826.48216000", 13644, "445215.1", "999664.97718000", "0"], [1760976000000, "2.2343000", "2.2382000", "2.2025000", "2.2257000", "2111883.9", 1760979599999, "4694391.40092000", 28335, "958431.8", "2129547.61158000", "0"], [1760979600000, "2.2257000", "2.2323000", "2.2108000", "2.2188000", "633168.6", 1760983199999, "1406017.53855000", 11938, "348726.0", "774311.20618000", "0"], [1760983200000, "2.2189000", "2.2322000", "2.2126000", "2.2311000", "545522.9", 1760986799999, "1212068.76592000", 9777, "276087.9", "613170.37381000", "0"], [1760986800000, "2.2313000", "2.2498000", "2.2193000", "2.2392000", "1245221.4", 1760990399999, "2777910.32718000", 15528, "572964.1", "1278626.86191000", "0"], [1760990400000, "2.2393000", "2.2460000", "2.2351000", "2.2417000", "611210.6", 1760993999999, "1369159.28418000", 10524, "240191.7", "538104.46006000", "0"], [1760994000000, "2.2418000", "2.2495000", "2.2292000", "2.2359000", "366503.9", 1760997599999, "821432.81954000", 7637, "152552.3", "341945.68773000", "0"], [1760997600000, "2.2359000", "2.2431000", "2.2286000", "2.2393000", "285450.1", 1761001199999, "638521.89029000", 6067, "106875.1", "239094.51987000", "0"], [1761001200000, "2.2394000", "2.2404000", "2.2320000", "2.2342000", "312878.3", 1761004799999, "699512.24855000", 5488, "116300.9", "260028.09814000", "0"], [1761004800000, "2.2341000", "2.2418000", "2.2294000", "2.2365000", "463187.3", 1761008399999, "1035025.70118000", 8731, "175710.6", "392635.81797000", "0"], [1761008400000, "2.2365000", "2.2426000", "2.2284000", "2.2346000", "469423.1", 1761011999999, "1049411.00843000", 9842, "223681.9", "499905.27067000", "0"], [1761012000000, "2.2347000", "2.2350000", "2.2230000", "2.2247000", "452659.5", 1761015599999, "1009128.80251000", 9917, "207791.3", "463245.80024000", "0"], [1761015600000, "2.2248000", "2.2289000", "2.2133000", "2.2170000", "358705.6", 1761019199999, "797154.08133000", 8702, "166085.7", "369073.90427000", "0"], [1761019200000, "2.2169000", "2.2178000", "2.1909000", "2.1929000", "1315080.0", 1761022799999, "2898561.24315000", 25875, "612221.4", "1349492.88397000", "0"], [1761022800000, "2.1929000", "2.2013000", "2.1859000", "2.1879000", "553060.3", 1761026399999, "1213315.58874000", 14145, "282781.1", "620364.28331000", "0"], [1761026400000, "2.1880000", "2.2000000", "2.1814000", "2.1922000", "545179.0", 1761029999999, "1193772.41593000", 12339, "267150.9", "585040.71929000", "0"], [1761030000000, "2.1920000", "2.2043000", "2.1843000", "2.2026000", "344047.2", 1761033599999, "755592.10338000", 7834, "155654.1", "341745.24352000", "0"], [1761033600000, "2.2026000", "2.2028000", "2.1826000", "2.1928000", "455490.0", 1761037199999, "997682.42098000", 8953, "194158.2", "425281.54640000", "0"], [1761037200000, "2.1928000", "2.1956000", "2.1854000", "2.1884000", "331512.8", 1761040799999, "726028.50232000", 6809, "135595.6", "296967.58142000", "0"], [1761040800000, "2.1885000", "2.2076000", "2.1819000", "2.2010000", "621773.3", 1761044399999, "1363839.59098000", 10554, "290009.5", "636130.13362000", "0"], [1761044400000, "2.2009000", "2.2152000", "2.1960000", "2.2089000", "599730.9", 1761047999999, "1322257.15724000", 9889, "254251.6", "560474.85115000", "0"], [1761048000000, "2.2091000", "2.2301000", "2.2037000", "2.2191000", "659136.3", 1761051599999, "1462635.14987000", 12241, "286062.3", "634739.21437000", "0"], [1761051600000, "2.2190000", "2.2393000", "2.2087000", "2.2278000", "858577.9", 1761055199999, "1909889.75052000", 18652, "429416.7", "955429.51855000", "0"], [1761055200000, "2.2279000", "2.2907000", "2.2270000", "2.2873000", "1947295.8", 1761058799999, "4407501.81898000", 30220, "920789.8", "2082945.94085000", "0"], [1761058800000, "2.2873000", "2.3165000", "2.2802000", "2.2993000", "2058405.7", 1761062399999, "4727444.46873000", 29461, "1046812.9", "2404060.30768000", "0"], [1761062400000, "2.2992000", "2.3051000", "2.2349000", "2.2402000", "2505953.7", 1761065999999, "5708724.12432000", 27821, "1282638.9", "2921846.95566000", "0"], [1761066000000, "2.2403000", "2.2493000", "2.2214000", "2.2411000", "2980727.7", 1761069599999, "6669320.02021000", 34484, "1628003.1", "3642196.64548000", "0"], [1761069600000, "2.2412000", "2.2485000", "2.2266000", "2.2398000", "675080.4", 1761073199999, "1509671.78863000", 14442, "331180.1", "740766.17754000", "0"], [1761073200000, "2.2396000", "2.2428000", "2.2271000", "2.2271000", "381722.3", 1761076799999, "853805.24960000", 9431, "214719.7", "480263.23099000", "0"], [1761076800000, "2.2275000", "2.2298000", "2.2018000", "2.2025000", "931366.7", 1761080399999, "2060625.10761000", 18002, "459862.7", "1017429.97230000", "0"], [1761080400000, "2.2026000", "2.2055000", "2.1706000", "2.1876000", "1490535.4", 1761083999999, "3259314.60317000", 17696, "749786.4", "1639139.33656000", "0"], [1761084000000, "2.1876000", "2.1876000", "2.1400000", "2.1495000", "2056715.2", 1761087599999, "4439624.54103000", 28136, "995050.8", "2147162.44377000", "0"], [1761087600000, "2.1495000", "2.1547000", "2.1454000", "2.1498000", "366674.1", 1761091199999, "788790.68563000", 4020, "158538.3", "340932.35605000", "0"]]}