{"_ts": 1761088528.7919118, "data": [[1760918400000, "0.1618000", "0.1619000", "0.1578000", "0.1600000", "3131848", 1760921999999, "499680.4000000", 4843, "1114212", "177694.4286000", "0"], [1760922000000, "0.1600000", "0.1608000", "0.1585000", "0.1590000", "1252915", 1760925599999, "200184.2976000", 2460, "607165", "97063.9505000", "0"], [1760925600000, "0.1589000", "0.1603000", "0.1572000", "0.1599000", "1738034", 1760929199999, "275973.6051000", 3218, "948020", "150635.1276000", "0"], [1760929200000, "0.1598000", "0.1657000", "0.1590000", "0.1648000", "3161645", 1760932799999, "514201.4733000", 5383, "1807120", "293282.8845000", "0"], [1760932800000, "0.1648000", "0.1658000", "0.1639000", "0.1656000", "2266398", 1760936399999, "373540.4969000", 4087, "1277925", "210740.0334000", "0"], [1760936400000, "0.1656000", "0.1669000", "0.1648000", "0.1665000", "1565805", 1760939999999, "259459.9501000", 3292, "790217", "130979.4622000", "0"], [1760940000000, "0.1665000", "0.1694000", "0.1658000", "0.1683000", "1736602", 1760943599999, "290626.2391000", 3573, "984089", "164785.5659000", "0"], [1760943600000, "0.1683000", "0.1689000", "0.1657000", "0.1664000", "1871795", 1760947199999, "313248.2324000", 3472, "666397", "111574.4985000", "0"], [1760947200000, "0.1663000", "0.1674000", "0.1650000", "0.1660000", "1488627", 1760950799999, "247026.4367000", 3096, "744362", "123598.0764000", "0"], [1760950800000, "0.1659000", "0.1661000", "0.1645000", "0.1652000", "2325025", 1760954399999, "383996.6445000", 4040, "1058645", "174923.6042000", "0"], [1760954400000, "0.1653000", "0.1671000", "0.1639000", "0.1647000", "3755002", 1760957999999, "621958.8219000", 6799, "1915180", "317497.2235000", "0"], [1760958000000, "0.1648000", "0.1655000", "0.1637000", "0.1650000", "2445524", 1760961599999, "402054.6131000", 4122, "1099588", "180831.8377000", "0"], [1760961600000, "0.1651000", "0.1656000", "0.1643000", "0.1649000", "1353718", 1760965199999, "223136.3445000", 2494, "737783", "121607.7918000", "0"], [1760965200000, "0.1649000", "0.1666000", "0.1639000", "0.1663000", "1580503", 1760968799999, "261323.3458000", 3401, "876702", "145008.4641000", "0"], [1760968800000, "0.1664000", "0.1669000", "0.1645000", "0.1661000", "2371929", 1760972399999, "393468.3677000", 3905, "1178703", "195719.4855000", "0"], [1760972400000, "0.1662000", "0.1672000", "0.1643000", "0.1645000", "3395915", 1760975999999, "562140.0365000", 5040, "1417872", "234977.6772000", "0"], [1760976000000, "0.1644000", "0.1655000", "0.1608000", "0.1652000", "7573761", 1760979599999, "1241871.9345000", 10003, "3510692", "576087.2649000", "0"], [1760979600000, "0.1652000", "0.1663000", "0.1622000", "0.1637000", "2353724", 1760983199999, "385952.7649000", 3775, "1068625", "175235.9282000", "0"], [1760983200000, "0.1637000", "0.1644000", "0.1628000", "0.1642000", "1108453", 1760986799999, "181337.1779000", 2020, "528383", "86444.8604000", "0"], [1760986800000, "0.1642000", "0.1722000", "0.1635000", "0.1709000", "5173629", 1760990399999, "874099.2803000", 8318, "2895174", "488974.2579000", "0"], [1760990400000, "0.1709000", "0.1777000", "0.1680000", "0.1772000", "26745796", 1760993999999, "4624819.4704000", 28671, "14267005", "2465224.2657000", "0"], [1760994000000, "0.1771000", "0.2429000", "0.1763000", "0.1948000", "182648491", 1760997599999, "37688204.9352000", 315375, "89762222", "18528820.8747000", "0"], [1760997600000, "0.1948000", "0.1948000", "0.1788000", "0.1796000", "47936531", 1761001199999, "8928529.7459000", 74278, "23701420", "4416277.3204000", "0"], [1761001200000, "0.1796000", "0.1828000", "0.1766000", "0.1815000", "23238692", 1761004799999, "4183187.5607000", 35999, "12195493", "2197687.5803000", "0"], [1761004800000, "0.1815000", "0.2040000", "0.1791000", "0.2028000", "62116664", 1761008399999, "11919545.3902000", 93170, "30957446", "5940501.4861000", "0"], [1761008400000, "0.2029000", "0.2068000", "0.1931000", "0.1980000", "52387891", 1761011999999, "10463752.6905000", 79875, "25877261", "5172380.5004000", "0"], [1761012000000, "0.1980000", "0.1988000", "0.1801000", "0.1809000", "35763719", 1761015599999, "6666240.3591000", 46699, "16422501", "3055747.3360000", "0"], [1761015600000, "0.1810000", "0.1850000", "0.1742000", "0.1791000", "29742823", 1761019199999, "5314170.0176000", 38706, "14373992", "2571466.8379000", "0"], [1761019200000, "0.1791000", "0.1843000", "0.1758000", "0.1772000", "29261275", 1761022799999, "5258017.8411000", 36522, "14326042", "2577075.4141000", "0"], [1761022800000, "0.1773000", "0.1837000", "0.1761000", "0.1780000", "21785974", 1761026399999, "3915047.0529000", 33471, "10802743", "1941779.7127000", "0"], [1761026400000, "0.1779000", "0.1782000", "0.1686000", "0.1725000", "20497082", 1761029999999, "3541964.3640000", 28309, "9131482", "1578661.8480000", "0"], [1761030000000, "0.1726000", "0.1728000", "0.1675000", "0.1689000", "11660630", 1761033599999, "1975311.1679000", 16569, "5789679", "980878.3571000", "0"], [1761033600000, "0.1690000", "0.1693000", "0.1654000", "0.1673000", "9603047", 1761037199999, "1605070.6792000", 13586, "4619994", "772585.6739000", "0"], [1761037200000, "0.1673000", "0.1694000", "0.1658000", "0.1673000", "8724524", 1761040799999, "1461942.0003000", 11640, "4559013", "764219.8298000", "0"], [1761040800000, "0.1673000", "0.1698000", "0.1666000", "0.1689000", "9302608", 1761044399999, "1564273.6775000", 12257, "4887089", "822173.9785000", "0"], [1761044400000, "0.1688000", "0.1737000", "0.1684000", "0.1724000", "9762290", 1761047999999, "1670952.8759000", 14776, "5691356", "973954.1473000", "0"], [1761048000000, "0.1725000", "0.1777000", "0.1704000", "0.1708000", "17795297", 1761051599999, "3094397.7208000", 25747, "8446950", "1469987.0205000", "0"], [1761051600000, "0.1708000", "0.1721000", "0.1685000", "0.1695000", "9629082", 1761055199999, "1641005.8695000", 16727, "4907468", "836596.2735000", "0"], [1761055200000, "0.1694000", "0.1747000", "0.1691000", "0.1744000", "11294076", 1761058799999, "1946351.0000000", 17025, "5495444", "946999.3419000", "0"], [1761058800000, "0.1745000", "0.1776000", "0.1739000", "0.1774000", "10333556", 1761062399999, "1817551.7553000", 17131, "4987804", "877902.7577000", "0"], [1761062400000, "0.1774000", "0.1830000", "0.1760000", "0.1768000", "15440372", 1761065999999, "2765109.1504000", 20640, "7033395", "1259084.5369000", "0"], [1761066000000, "0.1769000", "0.1787000", "0.1747000", "0.1776000", "8550645", 1761069599999, "1513846.8077000", 14364, "3788278", "671326.2802000", "0"], [1761069600000, "0.1777000", "0.1780000", "0.1756000", "0.1763000", "4437496", 1761073199999, "784687.6494000", 8485, "2295205", "405954.3757000", "0"], [1761073200000, "0.1762000", "0.1794000", "0.1758000", "0.1782000", "4001468", 1761076799999, "711634.7399000", 6731, "2317538", "412264.2882000", "0"], [1761076800000, "0.1783000", "0.1792000", "0.1750000", "0.1767000", "5704693", 1761080399999, "1008463.5283000", 9468, "2816832", "497889.5084000", "0"], [1761080400000, "0.1766000", "0.1770000", "0.1724000", "0.1740000", "4983916", 1761083999999, "868674.9376000", 8671, "2272291", "396128.5819000", "0"], [1761084000000, "0.1741000", "0.1746000", "0.1688000", "0.1704000", "8758590", 1761087599999, "1503527.8118000", 14245, "4231337", "726292.5046000", "0"], [1761087600000, "0.1704000", "0.1711000", "0.1699000", "0.1707000", "1522114", 1761091199999, "259616.7928000", 3011, "789447", "134670.0249000", "0"]]}