{"_ts": 1761088875.9315016, "data": [[1759320000000, "0.0100000", "0.0184499", "0.0100000", "0.0140030", "18318491730", 1759334399999, "270764331.9788733", 2483429, "9130011313", "135155690.6808263", "0"], [1759334400000, "0.0140020", "0.0153280", "0.0128000", "0.0135220", "6917711746", 1759348799999, "97589246.1528423", 947469, "3405397644", "48083715.9019819", "0"], [1759348800000, "0.0135280", "0.0147300", "0.0126120", "0.0146550", "3105759336", 1759363199999, "42194478.2705611", 443947, "1548215103", "21048576.8387660", "0"], [1759363200000, "0.0146610", "0.0191970", "0.0131200", "0.0184990", "4628360813", 1759377599999, "70858601.6702664", 648055, "2382680782", "36642397.0568298", "0"], [1759377600000, "0.0185100", "0.0208370", "0.0155650", "0.0160170", "8660615417", 1759391999999, "156536294.2739049", 1299494, "4318357850", "78204924.9580459", "0"], [1759392000000, "0.0160170", "0.0174500", "0.0127410", "0.0129280", "5351012344", 1759406399999, "80233201.3073581", 799244, "2593952656", "39003302.7531345", "0"], [1759406400000, "0.0129310", "0.0139230", "0.0122060", "0.0133800", "2317026818", 1759420799999, "30199509.0955998", 333591, "1150144889", "15010468.4228509", "0"], [1759420800000, "0.0133810", "0.0141620", "0.0125810", "0.0137680", "1388030589", 1759435199999, "18456018.8562560", 247573, "675531832", "8984084.6002590", "0"], [1759435200000, "0.0137660", "0.0142650", "0.0128910", "0.0131690", "825922358", 1759449599999, "11076925.1594253", 182037, "409169800", "5487842.2273056", "0"], [1759449600000, "0.0131640", "0.0153280", "0.0130300", "0.0133180", "1749386218", 1759463999999, "24817641.2831414", 459634, "814032729", "11557836.4644670", "0"], [1759464000000, "0.0133160", "0.0144550", "0.0129000", "0.0142200", "1009533168", 1759478399999, "13869518.0095834", 251420, "483154598", "6641911.9786262", "0"], [1759478400000, "0.0142140", "0.0159050", "0.0138360", "0.0157620", "1513671717", 1759492799999, "22378605.6178929", 409062, "755355537", "11178927.2852215", "0"], [1759492800000, "0.0157600", "0.0167530", "0.0145120", "0.0162060", "2388182259", 1759507199999, "37184042.9057067", 642755, "1176805647", "18320402.9036717", "0"], [1759507200000, "0.0162060", "0.0172800", "0.0148830", "0.0151360", "1771245278", 1759521599999, "28647243.8356113", 498454, "861996758", "13947721.2401902", "0"], [1759521600000, "0.0151350", "0.0154620", "0.0145450", "0.0148770", "530992751", 1759535999999, "7977865.9384769", 167081, "260838652", "3922918.6867008", "0"], [1759536000000, "0.0148800", "0.0179730", "0.0146090", "0.0178440", "1206107270", 1759550399999, "20046718.3852282", 402424, "603675272", "10034714.2132721", "0"], [1759550400000, "0.0178470", "0.0181650", "0.0155260", "0.0160400", "1797415603", 1759564799999, "30199057.2515826", 498720, "883276004", "14823376.7942403", "0"], [1759564800000, "0.0160430", "0.0168790", "0.0157380", "0.0166990", "737377082", 1759579199999, "11917006.4160779", 204301, "360665486", "5831676.8899852", "0"], [1759579200000, "0.0167000", "0.0174390", "0.0143930", "0.0145640", "1228992459", 1759593599999, "19751457.2545938", 296312, "560443416", "9012852.0339241", "0"], [1759593600000, "0.0145640", "0.0148690", "0.0141080", "0.0146570", "522782813", 1759607999999, "7567906.1128026", 130195, "266723476", "3863381.5607393", "0"], [1759608000000, "0.0146560", "0.0155750", "0.0146380", "0.0150590", "428460273", 1759622399999, "6493511.0056080", 120834, "210769859", "3196578.9863280", "0"], [1759622400000, "0.0150570", "0.0157830", "0.0147120", "0.0149490", "371524559", 1759636799999, "5661673.3178690", 114995, "178651581", "2721556.8634760", "0"], [1759636800000, "0.0149440", "0.0168020", "0.0145700", "0.0163340", "690172743", 1759651199999, "10606893.3013070", 195608, "355395712", "5465898.3665210", "0"], [1759651200000, "0.0163340", "0.0163640", "0.0141540", "0.0143360", "730238685", 1759665599999, "11116941.9623550", 237538, "341075736", "5185580.0280080", "0"], [1759665600000, "0.0143410", "0.0152610", "0.0142500", "0.0145510", "572869421", 1759679999999, "8432711.2088730", 178579, "272007996", "4003332.3615460", "0"], [1759680000000, "0.0145490", "0.0145570", "0.0134400", "0.0136800", "511324074", 1759694399999, "7119499.6262270", 142492, "241524510", "3359751.5054970", "0"], [1759694400000, "0.0136810", "0.0138480", "0.0132790", "0.0133760", "290650434", 1759708799999, "3937204.1643920", 79018, "140727528", "1907533.4449430", "0"], [1759708800000, "0.0133820", "0.0136620", "0.0130030", "0.0131560", "437502726", 1759723199999, "5805552.2612580", 114710, "209400278", "2779920.3455190", "0"], [1759723200000, "0.0131580", "0.0143870", "0.0130830", "0.0138130", "457911873", 1759737599999, "6314821.5953560", 132424, "219788618", "3031357.3111180", "0"], [1759737600000, "0.0138140", "0.0145510", "0.0136190", "0.0142430", "446067527", 1759751999999, "6236718.7153610", 111267, "220697067", "3088226.4161230", "0"], [1759752000000, "0.0142480", "0.0159000", "0.0139150", "0.0158780", "671181930", 1759766399999, "9961537.9343190", 168639, "325045424", "4830283.5367980", "0"], [1759766400000, "0.0158650", "0.0163860", "0.0144930", "0.0158200", "1014921319", 1759780799999, "15829038.7046430", 243304, "484399452", "7562850.7756930", "0"], [1759780800000, "0.0158160", "0.0177420", "0.0156970", "0.0158770", "880684651", 1759795199999, "14643218.0334200", 250363, "435027447", "7238612.8012340", "0"], [1759795200000, "0.0158750", "0.0170000", "0.0153510", "0.0167750", "500084012", 1759809599999, "8020158.3910250", 158616, "257392744", "4132256.2757550", "0"], [1759809600000, "0.0167620", "0.0174620", "0.0146000", "0.0149460", "990485200", 1759823999999, "15847324.9821210", 285900, "452533137", "7251746.4384760", "0"], [1759824000000, "0.0149490", "0.0160940", "0.0142930", "0.0153700", "631160940", 1759838399999, "9693551.4713440", 195894, "291268305", "4478818.1648650", "0"], [1759838400000, "0.0153690", "0.0157250", "0.0147670", "0.0150690", "364736663", 1759852799999, "5558400.7982680", 104096, "167869649", "2561599.3348730", "0"], [1759852800000, "0.0150690", "0.0153630", "0.0146160", "0.0148160", "220485193", 1759867199999, "3289960.1753630", 68110, "112634668", "1680732.9446330", "0"], [1759867200000, "0.0148150", "0.0152580", "0.0146500", "0.0150960", "159117487", 1759881599999, "2392406.2808260", 53082, "75613803", "1137990.1216960", "0"], [1759881600000, "0.0150980", "0.0157790", "0.0147400", "0.0149970", "304954670", 1759895999999, "4641680.0112900", 103793, "148099662", "2253174.9718280", "0"], [1759896000000, "0.0149990", "0.0159750", "0.0148120", "0.0153150", "247244229", 1759910399999, "3770928.4791150", 93424, "123623741", "1886657.1680170", "0"], [1759910400000, "0.0153150", "0.0159500", "0.0141460", "0.0144230", "505523845", 1759924799999, "7608602.2757320", 139320, "235354279", "3544229.9824450", "0"], [1759924800000, "0.0144260", "0.0147740", "0.0136680", "0.0143240", "336078781", 1759939199999, "4783410.4340320", 110644, "154519717", "2201490.2071900", "0"], [1759939200000, "0.0143250", "0.0146400", "0.0138460", "0.0140420", "228643353", 1759953599999, "3255971.7292000", 77752, "97499461", "1388824.1104570", "0"], [1759953600000, "0.0140420", "0.0140980", "0.0134530", "0.0136580", "223907609", 1759967999999, "3082119.9960360", 61158, "97272288", "1339773.0706580", "0"], [1759968000000, "0.0136590", "0.0141820", "0.0122280", "0.0127700", "571338870", 1759982399999, "7549807.0539540", 127030, "251487400", "3331910.6449780", "0"], [1759982400000, "0.0127710", "0.0130090", "0.0124210", "0.0126220", "319925185", 1759996799999, "4078391.4596310", 80949, "149022971", "1901495.1444920", "0"], [1759996800000, "0.0126220", "0.0137030", "0.0124070", "0.0133940", "356247724", 1760011199999, "4622443.5834430", 87012, "169480677", "2200024.9667890", "0"], [1760011200000, "0.0133950", "0.0134180", "0.0126620", "0.0127090", "300661701", 1760025599999, "3883937.3499870", 85345, "131761642", "1701982.2430810", "0"], [1760025600000, 