{"_ts": 1761085278.274797, "data": [[1760914800000, "0.0136990", "0.0141310", "0.0136890", "0.0140360", "28061676", 1760918399999, "391455.8617180", 9282, "11726305", "163465.5643110", "0"], [1760918400000, "0.0140410", "0.0140410", "0.0132680", "0.0133430", "72782983", 1760921999999, "991143.8403520", 17768, "30689524", "417710.3213870", "0"], [1760922000000, "0.0133370", "0.0134150", "0.0128170", "0.0132520", "61979144", 1760925599999, "817437.6991420", 17929, "31594419", "416894.3362710", "0"], [1760925600000, "0.0132450", "0.0133900", "0.0131650", "0.0132650", "35485345", 1760929199999, "471548.2670960", 12897, "18113819", "240681.0959570", "0"], [1760929200000, "0.0132590", "0.0143090", "0.0132500", "0.0141860", "72348706", 1760932799999, "1006006.4142590", 21856, "32749594", "454193.1037980", "0"], [1760932800000, "0.0141850", "0.0146450", "0.0141460", "0.0141760", "51928394", 1760936399999, "745110.8609540", 17834, "24814931", "356572.8532470", "0"], [1760936400000, "0.0141720", "0.0142790", "0.0140600", "0.0141090", "32232048", 1760939999999, "456528.4733560", 11620, "15434785", "218603.7851360", "0"], [1760940000000, "0.0141080", "0.0144160", "0.0140940", "0.0142160", "27875201", 1760943599999, "397224.6898150", 11565, "12905212", "183904.8191740", "0"], [1760943600000, "0.0142210", "0.0144220", "0.0141290", "0.0141690", "33571754", 1760947199999, "478775.6299360", 12270, "15140594", "215970.8453300", "0"], [1760947200000, "0.0141690", "0.0141860", "0.0137300", "0.0137670", "31940025", 1760950799999, "445613.1129290", 10714, "13719967", "191338.8748440", "0"], [1760950800000, "0.0137660", "0.0141770", "0.0137270", "0.0140880", "52890727", 1760954399999, "736009.5459140", 13528, "25656189", "356949.1201070", "0"], [1760954400000, "0.0140850", "0.0144810", "0.0139760", "0.0144480", "54806742", 1760957999999, "776965.9943370", 14557, "26154800", "371058.9179640", "0"], [1760958000000, "0.0144440", "0.0146100", "0.0141540", "0.0142720", "52656836", 1760961599999, "755646.4126740", 15517, "25990341", "372871.6119490", "0"], [1760961600000, "0.0142660", "0.0149600", "0.0142150", "0.0146300", "61454897", 1760965199999, "897112.9481030", 17444, "30017759", "438129.3542660", "0"], [1760965200000, "0.0146340", "0.0146660", "0.0142780", "0.0143760", "53801981", 1760968799999, "777861.8659330", 18037, "22497562", "325520.6661700", "0"], [1760968800000, "0.0143760", "0.0145160", "0.0142080", "0.0142510", "35117038", 1760972399999, "503795.7680720", 12209, "17055917", "244829.6711790", "0"], [1760972400000, "0.0142460", "0.0142660", "0.0139000", "0.0139260", "35124172", 1760975999999, "494143.6985920", 10201, "16569815", "233129.8765590", "0"], [1760976000000, "0.0139250", "0.0139400", "0.0132600", "0.0133720", "69229883", 1760979599999, "943218.9352990", 16155, "34725884", "473243.4085000", "0"], [1760979600000, "0.0133740", "0.0137330", "0.0133130", "0.0134830", "47246658", 1760983199999, "638385.6396110", 12742, "26285982", "355222.8908090", "0"], [1760983200000, "0.0134830", "0.0134930", "0.0132560", "0.0133630", "32925329", 1760986799999, "440143.5938140", 8738, "17100310", "228598.8231520", "0"], [1760986800000, "0.0133660", "0.0134160", "0.0132720", "0.0133460", "14621441", 1760990399999, "195017.5937040", 6087, "7026978", "93718.1970430", "0"], [1760990400000, "0.0133460", "0.0134540", "0.0132540", "0.0134090", "22104382", 1760993999999, "295208.2044120", 7264, "11464435", "153121.7988870", "0"], [1760994000000, "0.0134090", "0.0134230", "0.0130450", "0.0130890", "20169536", 1760997599999, "267055.7974670", 6096, "8028982", "106411.3549970", "0"], [1760997600000, "0.0130900", "0.0132270", "0.0129330", "0.0131770", "27933488", 1761001199999, "365158.7470770", 7668, "12881537", "168616.0019570", "0"], [1761001200000, "0.0131760", "0.0136460", "0.0130430", "0.0135880", "24989055", 1761004799999, "332444.1853160", 7528, "12764328", "169995.4724200", "0"], [1761004800000, "0.0135870", "0.0136380", "0.0131110", "0.0131540", "40852945", 1761008399999, "543683.9352600", 10463, "16488243", "219662.9744310", "0"], [1761008400000, "0.0131540", "0.0133740", "0.0131540", "0.0133660", "18073022", 1761011999999, "239508.6936850", 6467, "9269329", "122889.2832630", "0"], [1761012000000, "0.0133650", "0.0140390", "0.0133130", "0.0138550", "44864750", 1761015599999, "612871.7772810", 11557, "23819201", "324994.0837600", "0"], [1761015600000, "0.0138520", "0.0145940", "0.0134710", "0.0145610", "59904525", 1761019199999, "837481.4286910", 18153, "26791676", "374922.7181700", "0"], [1761019200000, "0.0145600", "0.0147590", "0.0142450", "0.0144380", "105243459", 1761022799999, "1521820.5824620", 29885, "48581422", "702591.1742400", "0"], [1761022800000, "0.0144280", "0.0145870", "0.0141600", "0.0143630", "52376479", 1761026399999, "754073.6319840", 15802, "25161716", "362370.7665300", "0"], [1761026400000, "0.0143630", "0.0144240", "0.0141580", "0.0142780", "24807114", 1761029999999, "354508.1154610", 8796, "11886758", "169969.4202970", "0"], [1761030000000, "0.0142810", "0.0146930", "0.0142010", "0.0144610", "39620982", 1761033599999, "572758.2668830", 12978, "21373095", "309104.9972190", "0"], [1761033600000, "0.0144460", "0.0146860", "0.0140590", "0.0142930", "48281462", 1761037199999, "697048.1288220", 13990, "21190216", "306209.2647010", "0"], [1761037200000, "0.0142980", "0.0146140", "0.0140420", "0.0142560", "61454443", 1761040799999, "879646.8097130", 14646, "30344375", "434505.5761820", "0"], [1761040800000, "0.0142540", "0.0144530", "0.0141870", "0.0143280", "27036426", 1761044399999, "386590.9160590", 9036, "13040209", "186545.7195350", "0"], [1761044400000, "0.0143260", "0.0146000", "0.0142260", "0.0145520", "20534581", 1761047999999, "296800.9059980", 7988, "9980314", "144321.6942810", "0"], [1761048000000, "0.0145520", "0.0155320", "0.0145140", "0.0153080", "94722702", 1761051599999, "1428187.9358170", 27037, "50325348", "758923.8344930", "0"], [1761051600000, "0.0153090", "0.0158290", "0.0152620", "0.0155980", "94731062", 1761055199999, "1469163.4491090", 29529, "44156185", "685095.7303540", "0"], [1761055200000, "0.0155960", "0.0167470", "0.0155890", "0.0165230", "141196764", 1761058799999, "2292056.2269780", 39596, "70595533", "1146315.5205550", "0"], [1761058800000, "0.0165230", "0.0173000", "0.0163570", "0.0169400", "172187857", 1761062399999, "2905895.2661350", 45256, "87192113", "1472243.7142520", "0"], [1761062400000, "0.0169420", "0.0170160", "0.0150150", "0.0151330", "230117922", 1761065999999, "3635510.7451710", 57748, "109435171", "1727668.3012870", "0"], [1761066000000, "0.0151410", "0.0155610", "0.0149580", "0.0150460", "81219585", 1761069599999, "1236282.1645910", 25410, "40413807", "615221.2002720", "0"], [1761069600000, "0.0150460", "0.0152920", "0.0148520", "0.0150870", "55859764", 1761073199999, "841219.7336800", 17599, "29216827", "440104.0197250", "0"], [1761073200000, "0.0150850", "0.0157780", "0.0150780", "0.0156560", "58855727", 1761076799999, "911388.4400360", 19079, "33711855", "521931.6305650", "0"], [1761076800000, "0.0156550", "0.0158610", "0.0151200", "0.0153720", "51914021", 1761080399999, "805762.0249860", 16591, "24422405", "379499.0293710", "0"], [1761080400000, "0.0153690", "0.0155340", "0.0152190", "0.0153420", "26542434", 1761083999999, "407602.5619200", 7472, "12084046", "185561.5536920", "0"], [1761084000000, "0.0153390", "0.0154240", "0.0151170", "0.0151810", "10974806", 1761087599999, "167421.6333350", 3653, "4669577", "71309.7679960", "0"]]}