{"_ts": 1761088741.0730848, "data": [[1760918400000, "0.0261200", "0.0262600", "0.0255200", "0.0258700", "26483405", 1760921999999, "684500.7273200", 9540, "12039673", "310896.7699900", "0"], [1760922000000, "0.0258700", "0.0262300", "0.0258200", "0.0260400", "14484652", 1760925599999, "377179.7921700", 5894, "7162354", "186519.9066900", "0"], [1760925600000, "0.0260400", "0.0261800", "0.0258200", "0.0260600", "11719344", 1760929199999, "304520.2834300", 5129, "5878337", "152809.9950700", "0"], [1760929200000, "0.0260500", "0.0269300", "0.0259300", "0.0268000", "14789582", 1760932799999, "391020.4943600", 6687, "7747238", "204988.6186900", "0"], [1760932800000, "0.0268000", "0.0269700", "0.0265500", "0.0266500", "19402899", 1760936399999, "518880.9039600", 7489, "8587328", "229731.3777600", "0"], [1760936400000, "0.0266500", "0.0268100", "0.0264800", "0.0267900", "10419766", 1760939999999, "277319.8306500", 4586, "5295207", "141009.4952900", "0"], [1760940000000, "0.0268000", "0.0270200", "0.0267100", "0.0267900", "17624826", 1760943599999, "472928.2645400", 6014, "8681586", "233036.1508100", "0"], [1760943600000, "0.0267800", "0.0268700", "0.0265100", "0.0266700", "14194757", 1760947199999, "378710.1551200", 5316, "6287492", "167747.8907200", "0"], [1760947200000, "0.0266800", "0.0269300", "0.0264600", "0.0268000", "14652037", 1760950799999, "391135.1855600", 5286, "6507373", "173757.4445200", "0"], [1760950800000, "0.0267700", "0.0268300", "0.0265300", "0.0266600", "11572071", 1760954399999, "308716.6166800", 4512, "5948745", "158724.2505000", "0"], [1760954400000, "0.0266600", "0.0268200", "0.0263700", "0.0264100", "13707633", 1760957999999, "364730.8357300", 5134, "5813003", "154762.4260800", "0"], [1760958000000, "0.0264200", "0.0264500", "0.0260900", "0.0262300", "16999747", 1760961599999, "446554.4130400", 6578, "8012377", "210537.6815200", "0"], [1760961600000, "0.0262200", "0.0263600", "0.0260400", "0.0263100", "11958194", 1760965199999, "313308.7980200", 5615, "6111517", "160176.9157200", "0"], [1760965200000, "0.0263100", "0.0267000", "0.0261000", "0.0266100", "16712842", 1760968799999, "440467.3547500", 7094, "7751083", "204311.3454800", "0"], [1760968800000, "0.0266100", "0.0267700", "0.0262100", "0.0263500", "15272757", 1760972399999, "404221.7952300", 6479, "6864559", "181751.3040500", "0"], [1760972400000, "0.0263500", "0.0264900", "0.0259400", "0.0259900", "17270863", 1760975999999, "452798.1495000", 6101, "6643601", "174030.5790900", "0"], [1760976000000, "0.0259800", "0.0260000", "0.0252400", "0.0254800", "40071090", 1760979599999, "1025158.8847500", 12785, "20692608", "529191.8829200", "0"], [1760979600000, "0.0254800", "0.0257500", "0.0252800", "0.0254300", "17245856", 1760983199999, "440152.5512500", 6555, "8195460", "209245.1417100", "0"], [1760983200000, "0.0254200", "0.0255100", "0.0252700", "0.0254500", "10793939", 1760986799999, "273975.3035500", 4725, "5195882", "131936.5136200", "0"], [1760986800000, "0.0254400", "0.0256400", "0.0253900", "0.0255200", "9623086", 1760990399999, "245416.4958500", 4501, "4502957", "114861.8185600", "0"], [1760990400000, "0.0255100", "0.0255900", "0.0252800", "0.0253400", "9903438", 1760993999999, "251677.6213500", 4843, "5134803", "130456.5640300", "0"], [1760994000000, "0.0253500", "0.0258500", "0.0253300", "0.0256800", "11190589", 1760997599999, "286067.6988200", 5718, "4916188", "125598.4580300", "0"], [1760997600000, "0.0256700", "0.0257400", "0.0254600", "0.0256400", "8455463", 1761001199999, "216389.4289200", 3561, "4258420", "108989.7806500", "0"], [1761001200000, "0.0256300", "0.0257900", "0.0254700", "0.0255400", "13894690", 1761004799999, "356415.4776500", 3693, "7716084", "197988.3873300", "0"], [1761004800000, "0.0255300", "0.0256000", "0.0253200", "0.0255000", "7361051", 1761008399999, "187368.1248300", 3032, "3206117", "81616.7110600", "0"], [1761008400000, "0.0254900", "0.0258300", "0.0253000", "0.0256000", "11128020", 1761011999999, "285050.1855000", 5167, "5614094", "143801.1584800", "0"], [1761012000000, "0.0256000", "0.0256200", "0.0250000", "0.0250500", "17395399", 1761015599999, "439164.0820600", 6004, "7181384", "181493.1308000", "0"], [1761015600000, "0.0250400", "0.0252000", "0.0248700", "0.0250300", "13384630", 1761019199999, "334885.5085800", 3624, "6592356", "164970.3284300", "0"], [1761019200000, "0.0250400", "0.0250900", "0.0244900", "0.0245700", "29673130", 1761022799999, "733404.2610300", 8025, "13623008", "336898.2586200", "0"], [1761022800000, "0.0245700", "0.0248600", "0.0244300", "0.0244500", "18935561", 1761026399999, "466541.0738200", 5537, "9866896", "243242.6380600", "0"], [1761026400000, "0.0244600", "0.0246900", "0.0242900", "0.0246000", "20230217", 1761029999999, "496125.3838800", 5638, "9791259", "240141.4598100", "0"], [1761030000000, "0.0245900", "0.0246800", "0.0242500", "0.0244800", "12070557", 1761033599999, "295655.1536100", 3833, "4971529", "121808.7694300", "0"], [1761033600000, "0.0244800", "0.0244800", "0.0240000", "0.0242600", "19682487", 1761037199999, "476499.8588100", 5956, "10127261", "245168.9837400", "0"], [1761037200000, "0.0242600", "0.0245300", "0.0239800", "0.0244200", "23821793", 1761040799999, "577509.8250700", 5176, "13411934", "324902.4810700", "0"], [1761040800000, "0.0244200", "0.0248200", "0.0242700", "0.0246100", "24079892", 1761044399999, "590567.5189300", 6413, "12068621", "296075.7618300", "0"], [1761044400000, "0.0246000", "0.0246400", "0.0243800", "0.0243800", "14823978", 1761047999999, "363562.5130400", 3676, "7188954", "176357.3855500", "0"], [1761048000000, "0.0243800", "0.0246800", "0.0243100", "0.0243300", "18002792", 1761051599999, "440820.5888000", 5005, "8485155", "207775.1751400", "0"], [1761051600000, "0.0243300", "0.0246000", "0.0241600", "0.0243700", "22025163", 1761055199999, "536281.9749000", 5383, "11222869", "273262.7666000", "0"], [1761055200000, "0.0243700", "0.0255800", "0.0243400", "0.0254900", "45494016", 1761058799999, "1137468.5877200", 11273, "22225884", "555380.4809800", "0"], [1761058800000, "0.0255000", "0.0257500", "0.0253900", "0.0255900", "36363016", 1761062399999, "929834.5606400", 8208, "17114601", "437847.5393700", "0"], [1761062400000, "0.0255700", "0.0257600", "0.0250500", "0.0251400", "29745124", 1761065999999, "759489.8993000", 7441, "13408894", "342508.4352500", "0"], [1761066000000, "0.0251500", "0.0252500", "0.0247200", "0.0250900", "32231929", 1761069599999, "806299.9238900", 7965, "15379312", "384750.5077700", "0"], [1761069600000, "0.0250800", "0.0252800", "0.0249500", "0.0251400", "12462892", 1761073199999, "312991.8787900", 4265, "5937159", "149135.6746800", "0"], [1761073200000, "0.0251400", "0.0251400", "0.0249000", "0.0249500", "8353775", 1761076799999, "209048.4071500", 3231, "3732086", "93398.9602300", "0"], [1761076800000, "0.0249500", "0.0250800", "0.0244300", "0.0244800", "20781617", 1761080399999, "512712.4784100", 6250, "10192313", "251663.1097200", "0"], [1761080400000, "0.0244700", "0.0246000", "0.0241300", "0.0243600", "21087914", 1761083999999, "513170.5818700", 5299, "10162418", "247340.8103200", "0"], [1761084000000, "0.0243600", "0.0244200", "0.0234500", "0.0236700", "55293806", 1761087599999, "1313445.6269300", 12052, "26138585", "620442.8410200", "0"], [1761087600000, "0.0236600", "0.0237900", "0.0235700", "0.0236800", "7941576", 1761091199999, "188099.7980500", 2053, "4474394", "106002.2981600", "0"]]}