{"_ts": 1761088665.9845955, "data": [[1760918400000, "0.0025336", "0.0025364", "0.0024697", "0.0024958", "314866579", 1760921999999, "786824.0539161", 18726, "139555108", "348760.2504434", "0"], [1760922000000, "0.0024962", "0.0025116", "0.0024805", "0.0024991", "168451039", 1760925599999, "421160.3203353", 11420, "93872467", "234727.6495822", "0"], [1760925600000, "0.0024990", "0.0025265", "0.0024797", "0.0025170", "172255226", 1760929199999, "431269.6882707", 12240, "88692766", "222075.9852400", "0"], [1760929200000, "0.0025168", "0.0025956", "0.0025039", "0.0025837", "230158626", 1760932799999, "586809.9174429", 14931, "118366863", "301648.3876094", "0"], [1760932800000, "0.0025839", "0.0025946", "0.0025704", "0.0025861", "328504412", 1760936399999, "848115.8654476", 17439, "160666283", "414799.3593362", "0"], [1760936400000, "0.0025870", "0.0026190", "0.0025740", "0.0026160", "168015060", 1760939999999, "435465.3928790", 11365, "83733593", "217092.1375465", "0"], [1760940000000, "0.0026168", "0.0026598", "0.0026114", "0.0026421", "310194889", 1760943599999, "817784.4138416", 16876, "165943390", "437543.7372654", "0"], [1760943600000, "0.0026423", "0.0026505", "0.0026224", "0.0026370", "152998269", 1760947199999, "403188.7359922", 9663, "75107543", "197961.0826533", "0"], [1760947200000, "0.0026366", "0.0026676", "0.0026219", "0.0026364", "187939629", 1760950799999, "495911.8060708", 12203, "100135848", "264217.3003699", "0"], [1760950800000, "0.0026366", "0.0026393", "0.0026118", "0.0026327", "222402093", 1760954399999, "584200.7588337", 11838, "112579518", "295767.7341838", "0"], [1760954400000, "0.0026328", "0.0026659", "0.0026236", "0.0026415", "333211505", 1760957999999, "880852.2097396", 18881, "156856823", "414854.9556415", "0"], [1760958000000, "0.0026411", "0.0026428", "0.0026220", "0.0026378", "147668204", 1760961599999, "388941.9077297", 9200, "75192605", "198120.9875366", "0"], [1760961600000, "0.0026384", "0.0026484", "0.0026295", "0.0026413", "151034772", 1760965199999, "398295.8215681", 9316, "71458106", "188458.0945451", "0"], [1760965200000, "0.0026415", "0.0026548", "0.0026133", "0.0026494", "270474632", 1760968799999, "713497.4360957", 16785, "137644323", "363203.8546248", "0"], [1760968800000, "0.0026497", "0.0026562", "0.0026100", "0.0026461", "253812529", 1760972399999, "669931.3127299", 15614, "137488383", "363068.7062390", "0"], [1760972400000, "0.0026463", "0.0026665", "0.0026187", "0.0026201", "261582452", 1760975999999, "692319.9061644", 14978, "118533287", "313793.2253758", "0"], [1760976000000, "0.0026198", "0.0026203", "0.0025574", "0.0025876", "545361770", 1760979599999, "1411517.9880445", 29700, "247139211", "639698.9005421", "0"], [1760979600000, "0.0025874", "0.0026115", "0.0025687", "0.0025896", "230900785", 1760983199999, "598078.3173464", 13941, "115261000", "298609.1735990", "0"], [1760983200000, "0.0025899", "0.0026032", "0.0025807", "0.0026004", "119214785", 1760986799999, "309117.9821569", 8099, "67539890", "175149.5729667", "0"], [1760986800000, "0.0026005", "0.0026306", "0.0025839", "0.0026195", "135915771", 1760990399999, "354272.5427064", 9404, "72262973", "188372.9261973", "0"], [1760990400000, "0.0026196", "0.0026325", "0.0026052", "0.0026208", "107673017", 1760993999999, "282066.9133233", 9461, "49770742", "130394.6961134", "0"], [1760994000000, "0.0026209", "0.0026412", "0.0026064", "0.0026129", "85281989", 1760997599999, "223677.3166780", 5148, "44123001", "115706.0019521", "0"], [1760997600000, "0.0026128", "0.0026285", "0.0026067", "0.0026204", "56406450", 1761001199999, "147651.3664690", 5168, "27963260", "73193.1480775", "0"], [1761001200000, "0.0026206", "0.0026220", "0.0026039", "0.0026089", "68470255", 1761004799999, "178892.5730574", 5069, "32256804", "84297.5142565", "0"], [1761004800000, "0.0026086", "0.0026187", "0.0025963", "0.0026087", "75653014", 1761008399999, "197281.4073576", 5631, "39027142", "101757.6312593", "0"], [1761008400000, "0.0026088", "0.0026139", "0.0025717", "0.0025821", "141749721", 1761011999999, "367133.8163720", 11918, "69360575", "179620.7130054", "0"], [1761012000000, "0.0025829", "0.0025857", "0.0025420", "0.0025444", "225716435", 1761015599999, "578157.2722159", 12226, "118477764", "303465.5357068", "0"], [1761015600000, "0.0025445", "0.0025587", "0.0025311", "0.0025392", "124156963", 1761019199999, "316383.0797054", 9341, "56395126", "143798.8001856", "0"], [1761019200000, "0.0025392", "0.0025427", "0.0024701", "0.0024764", "323058170", 1761022799999, "809190.5486627", 23789, "156754520", "392633.2485530", "0"], [1761022800000, "0.0024765", "0.0024932", "0.0024652", "0.0024675", "240543328", 1761026399999, "595943.4648685", 15223, "107356961", "265972.3197892", "0"], [1761026400000, "0.0024678", "0.0024900", "0.0024537", "0.0024855", "195566078", 1761029999999, "483690.1665725", 13420, "100679637", "249099.2757790", "0"], [1761030000000, "0.0024855", "0.0024954", "0.0024686", "0.0024910", "136474817", 1761033599999, "338987.1387864", 9848, "69050291", "171539.3668700", "0"], [1761033600000, "0.0024910", "0.0024910", "0.0024472", "0.0024672", "142978747", 1761037199999, "352970.7259135", 9439, "68507159", "169091.9105065", "0"], [1761037200000, "0.0024674", "0.0024674", "0.0024490", "0.0024529", "141388826", 1761040799999, "347412.8865259", 8765, "69090255", "169795.4190315", "0"], [1761040800000, "0.0024534", "0.0024877", "0.0024463", "0.0024714", "243626841", 1761044399999, "600565.0247518", 13827, "133316270", "328600.6642812", "0"], [1761044400000, "0.0024714", "0.0024823", "0.0024593", "0.0024745", "208712019", 1761047999999, "515334.0708422", 10092, "112621036", "278063.7919480", "0"], [1761048000000, "0.0024744", "0.0025125", "0.0024656", "0.0024779", "202017747", 1761051599999, "503508.3217681", 13872, "97648140", "243339.2869522", "0"], [1761051600000, "0.0024780", "0.0024945", "0.0024590", "0.0024748", "304304415", 1761055199999, "753033.1693813", 19507, "151705553", "375527.7599856", "0"], [1761055200000, "0.0024748", "0.0026405", "0.0024746", "0.0026379", "589232296", 1761058799999, "1506303.8226490", 38188, "297042884", "759613.0750327", "0"], [1761058800000, "0.0026380", "0.0026924", "0.0026207", "0.0026291", "817439190", 1761062399999, "2169200.6458466", 45159, "406781673", "1079560.1251353", "0"], [1761062400000, "0.0026287", "0.0026706", "0.0025969", "0.0026090", "539980324", 1761065999999, "1426526.4546857", 28266, "253445026", "669734.6952602", "0"], [1761066000000, "0.0026091", "0.0026364", "0.0025714", "0.0026168", "423686784", 1761069599999, "1104821.4917996", 29907, "210502231", "548837.4985240", "0"], [1761069600000, "0.0026166", "0.0026226", "0.0025784", "0.0025893", "207157951", 1761073199999, "537642.8585997", 14858, "112708652", "292538.0052397", "0"], [1761073200000, "0.0025890", "0.0025962", "0.0025764", "0.0025764", "140971062", 1761076799999, "364933.9874098", 9414, "70797895", "183268.3060633", "0"], [1761076800000, "0.0025774", "0.0025851", "0.0025144", "0.0025214", "342367609", 1761080399999, "869016.9405601", 19839, "149731760", "380150.9674072", "0"], [1761080400000, "0.0025221", "0.0025305", "0.0024694", "0.0025125", "295645043", 1761083999999, "737847.4035903", 12660, "142811220", "356463.1167332", "0"], [1761084000000, "0.0025130", "0.0025130", "0.0024375", "0.0024466", "418104993", 1761087599999, "1031464.7289723", 23578, "213576982", "526958.9678583", "0"], [1761087600000, "0.0024467", "0.0024532", "0.0024259", "0.0024430", "153658525", 1761091199999, "374693.8474340", 6444, "61593568", "150374.0072006", "0"]]}