{"_ts": 1761088727.4080875, "data": [[1760918400000, "1.351700", "1.352200", "1.330000", "1.340900", "515663", 1760921999999, "690117.146300", 12920, "201731", "270123.345200", "0"], [1760922000000, "1.340900", "1.346500", "1.338600", "1.344400", "184443", 1760925599999, "247801.279800", 6276, "85584", "114979.344000", "0"], [1760925600000, "1.344400", "1.349500", "1.337500", "1.342400", "202049", 1760929199999, "271754.907200", 7642, "89457", "120348.094900", "0"], [1760929200000, "1.342400", "1.368200", "1.334700", "1.358600", "453994", 1760932799999, "612816.968300", 12829, "216148", "292083.768900", "0"], [1760932800000, "1.358600", "1.362400", "1.337900", "1.338600", "492750", 1760936399999, "663623.224800", 12819, "219628", "296055.301800", "0"], [1760936400000, "1.338400", "1.338700", "1.320200", "1.322100", "516225", 1760939999999, "686378.746600", 11037, "193917", "257901.186100", "0"], [1760940000000, "1.322300", "1.344500", "1.318600", "1.341300", "710135", 1760943599999, "945245.547700", 15440, "401984", "535372.897000", "0"], [1760943600000, "1.341100", "1.342600", "1.331900", "1.339200", "240127", 1760947199999, "321448.240500", 7086, "108360", "145093.655900", "0"], [1760947200000, "1.339100", "1.342900", "1.326300", "1.331800", "714876", 1760950799999, "954197.170000", 14302, "362485", "484074.715300", "0"], [1760950800000, "1.332000", "1.338200", "1.325400", "1.334500", "286626", 1760954399999, "381806.244400", 6949, "133789", "178269.803500", "0"], [1760954400000, "1.334600", "1.348800", "1.331500", "1.335400", "512389", 1760957999999, "686220.980800", 10634, "283477", "379905.214800", "0"], [1760958000000, "1.335400", "1.336800", "1.329000", "1.336600", "130897", 1760961599999, "174452.239700", 5465, "51377", "68478.841400", "0"], [1760961600000, "1.336500", "1.343500", "1.333900", "1.338100", "479165", 1760965199999, "641072.668800", 8695, "234008", "313118.054700", "0"], [1760965200000, "1.338100", "1.342100", "1.325800", "1.340400", "310761", 1760968799999, "414493.606700", 8903, "145562", "194316.759300", "0"], [1760968800000, "1.340400", "1.342100", "1.328800", "1.336000", "284236", 1760972399999, "379504.860700", 7717, "128733", "171877.829000", "0"], [1760972400000, "1.335800", "1.338000", "1.319000", "1.319300", "355749", 1760975999999, "472702.031600", 7873, "147109", "195538.510400", "0"], [1760976000000, "1.319700", "1.320200", "1.287000", "1.297900", "1431872", 1760979599999, "1867577.741000", 22424, "552778", "721588.190000", "0"], [1760979600000, "1.297900", "1.308100", "1.290800", "1.301900", "581799", 1760983199999, "756635.360000", 9884, "287759", "374514.026600", "0"], [1760983200000, "1.301900", "1.306900", "1.295100", "1.306200", "238587", 1760986799999, "310168.667100", 5148, "116401", "151410.520500", "0"], [1760986800000, "1.305800", "1.319900", "1.302000", "1.316000", "227719", 1760990399999, "298534.025500", 6577, "119568", "156846.216800", "0"], [1760990400000, "1.315900", "1.320200", "1.311000", "1.320000", "288622", 1760993999999, "379616.701000", 6516, "123923", "163040.209800", "0"], [1760994000000, "1.319900", "1.321100", "1.306000", "1.307200", "185519", 1760997599999, "243906.204100", 5304, "84652", "111368.125800", "0"], [1760997600000, "1.307200", "1.318700", "1.305200", "1.314000", "104726", 1761001199999, "137380.254300", 3714, "61252", "80370.989200", "0"], [1761001200000, "1.314000", "1.317400", "1.310400", "1.312900", "91838", 1761004799999, "120624.868800", 4692, "34361", "45139.558500", "0"], [1761004800000, "1.312900", "1.320800", "1.311400", "1.316900", "161223", 1761008399999, "212167.635000", 8319, "67869", "89306.691100", "0"], [1761008400000, "1.317000", "1.321900", "1.308800", "1.311600", "239899", 1761011999999, "315336.068800", 8239, "100768", "132453.598700", "0"], [1761012000000, "1.311600", "1.311900", "1.295000", "1.300100", "244900", 1761015599999, "319130.450500", 6384, "79463", "103468.874500", "0"], [1761015600000, "1.300300", "1.302600", "1.286700", "1.291900", "182964", 1761019199999, "236998.617900", 4529, "73694", "95569.774000", "0"], [1761019200000, "1.291900", "1.292900", "1.263000", "1.275900", "822520", 1761022799999, "1048878.146900", 16674, "348336", "444217.784600", "0"], [1761022800000, "1.276200", "1.287500", "1.270300", "1.278600", "574222", 1761026399999, "734891.973600", 10070, "314679", "402738.952800", "0"], [1761026400000, "1.278500", "1.290900", "1.278500", "1.285800", "227866", 1761029999999, "292547.104500", 4799, "86457", "111115.474800", "0"], [1761030000000, "1.285500", "1.289700", "1.278800", "1.287000", "326293", 1761033599999, "419241.357900", 4246, "227260", "291979.213400", "0"], [1761033600000, "1.287200", "1.288300", "1.276600", "1.281100", "363019", 1761037199999, "465302.101400", 5240, "246206", "315586.400700", "0"], [1761037200000, "1.281000", "1.281100", "1.270400", "1.276000", "570335", 1761040799999, "726836.984700", 8017, "321867", "410223.302500", "0"], [1761040800000, "1.275900", "1.278100", "1.266400", "1.276400", "515823", 1761044399999, "656157.985700", 7788, "314751", "400286.722900", "0"], [1761044400000, "1.276300", "1.280600", "1.274500", "1.279300", "209204", 1761047999999, "267049.254700", 4518, "107615", "137369.762500", "0"], [1761048000000, "1.279200", "1.289700", "1.273500", "1.283400", "452605", 1761051599999, "580051.029200", 8390, "226206", "289944.200500", "0"], [1761051600000, "1.283300", "1.302400", "1.278900", "1.291400", "603227", 1761055199999, "778035.360800", 16148, "293110", "378274.453700", "0"], [1761055200000, "1.291200", "1.337900", "1.289400", "1.336000", "913395", 1761058799999, "1203140.146200", 17908, "433831", "572478.279500", "0"], [1761058800000, "1.336400", "1.348600", "1.320000", "1.327700", "1190155", 1761062399999, "1590560.481800", 21289, "469517", "627387.819400", "0"], [1761062400000, "1.327900", "1.330700", "1.303500", "1.309300", "807899", 1761065999999, "1066545.499400", 14084, "357870", "472538.974500", "0"], [1761066000000, "1.309500", "1.327700", "1.286600", "1.315200", "1451338", 1761069599999, "1894260.915600", 20033, "748830", "977801.871000", "0"], [1761069600000, "1.315200", "1.322500", "1.300100", "1.303400", "389890", 1761073199999, "511008.818700", 8606, "169103", "221722.751400", "0"], [1761073200000, "1.303300", "1.305900", "1.297900", "1.299500", "349095", 1761076799999, "454622.134700", 6518, "180555", "235195.105100", "0"], [1761076800000, "1.299500", "1.301000", "1.281500", "1.281500", "322870", 1761080399999, "416063.570900", 7022, "149916", "193264.820600", "0"], [1761080400000, "1.281400", "1.282500", "1.260100", "1.278600", "393053", 1761083999999, "499749.481700", 8024, "178662", "227059.593900", "0"], [1761084000000, "1.278400", "1.278900", "1.246900", "1.249500", "507510", 1761087599999, "639443.593300", 11672, "235571", "296722.947200", "0"], [1761087600000, "1.249000", "1.255400", "1.248600", "1.251500", "294874", 1761091199999, "369240.766000", 5567, "147955", "185264.561600", "0"]]}