{"_ts": 1761088542.7965474, "data": [[1760918400000, "0.0346600", "0.0353130", "0.0345900", "0.0350130", "12460168", 1760921999999, "436153.2540430", 9259, "5771035", "202014.9012150", "0"], [1760922000000, "0.0350120", "0.0350160", "0.0343260", "0.0344450", "10908895", 1760925599999, "377130.2395240", 8071, "4826615", "166899.8602220", "0"], [1760925600000, "0.0344440", "0.0347210", "0.0343080", "0.0344450", "6694445", 1760929199999, "230826.9931840", 6076, "3103417", "107020.2531700", "0"], [1760929200000, "0.0344530", "0.0344590", "0.0333330", "0.0337500", "18176277", 1760932799999, "614616.2510450", 11392, "7643051", "258134.0232700", "0"], [1760932800000, "0.0337490", "0.0339610", "0.0333770", "0.0336470", "12205440", 1760936399999, "411590.3039650", 9009, "5602507", "188908.9636850", "0"], [1760936400000, "0.0336560", "0.0339420", "0.0334630", "0.0335160", "7295763", 1760939999999, "245634.4417020", 6118, "3629309", "122214.7442950", "0"], [1760940000000, "0.0335210", "0.0339900", "0.0334540", "0.0338040", "12452345", 1760943599999, "419210.1843940", 8543, "5774194", "194415.6404300", "0"], [1760943600000, "0.0338180", "0.0343260", "0.0336980", "0.0343260", "12285499", 1760947199999, "418559.2339570", 8594, "5966525", "203312.4342320", "0"], [1760947200000, "0.0343080", "0.0354990", "0.0341670", "0.0353980", "17027469", 1760950799999, "592389.3435470", 13202, "9255199", "321951.2573570", "0"], [1760950800000, "0.0354290", "0.0354910", "0.0334530", "0.0336460", "25660902", 1760954399999, "886645.0601520", 16831, "10058160", "348029.7676970", "0"], [1760954400000, "0.0336580", "0.0345730", "0.0333050", "0.0341700", "23560480", 1760957999999, "799985.6808130", 15090, "11242442", "381965.6723640", "0"], [1760958000000, "0.0341690", "0.0349950", "0.0341300", "0.0348690", "11783630", 1760961599999, "408148.0281650", 9691, "6508923", "225454.2866140", "0"], [1760961600000, "0.0348720", "0.0360850", "0.0346620", "0.0353720", "23493891", 1760965199999, "831231.0369410", 17989, "11683742", "413130.8474220", "0"], [1760965200000, "0.0354040", "0.0373430", "0.0351680", "0.0373240", "41263310", 1760968799999, "1494016.4472980", 25624, "23422110", "848818.3269210", "0"], [1760968800000, "0.0373250", "0.0378280", "0.0355790", "0.0363190", "44987797", 1760972399999, "1638717.4018300", 28295, "21094463", "768498.5668610", "0"], [1760972400000, "0.0363060", "0.0365540", "0.0358090", "0.0358410", "13366487", 1760975999999, "483376.2408300", 11261, "6231943", "225508.5741730", "0"], [1760976000000, "0.0358330", "0.0378570", "0.0355500", "0.0370590", "29213613", 1760979599999, "1075817.6009140", 21214, "15796389", "581943.8796990", "0"], [1760979600000, "0.0370920", "0.0375860", "0.0366220", "0.0372950", "16889224", 1760983199999, "626123.9546790", 15020, "8880980", "329334.3269280", "0"], [1760983200000, "0.0373050", "0.0377290", "0.0366110", "0.0367700", "13363814", 1760986799999, "495546.9530770", 10019, "6601931", "244757.0414590", "0"], [1760986800000, "0.0367590", "0.0370400", "0.0361460", "0.0367870", "11600356", 1760990399999, "424953.0203160", 9702, "5920164", "216876.2211730", "0"], [1760990400000, "0.0367740", "0.0374430", "0.0367330", "0.0368910", "11397045", 1760993999999, "422122.0655260", 10024, "5709428", "211481.9822810", "0"], [1760994000000, "0.0368720", "0.0373940", "0.0367500", "0.0373560", "4979955", 1760997599999, "184223.1696690", 3578, "2748486", "101721.0513440", "0"], [1760997600000, "0.0373250", "0.0374880", "0.0366700", "0.0368460", "8798933", 1761001199999, "325480.6448420", 7324, "4390263", "162288.6411790", "0"], [1761001200000, "0.0368460", "0.0373990", "0.0367600", "0.0367970", "6681314", 1761004799999, "247761.1916800", 6772, "3033047", "112359.9558980", "0"], [1761004800000, "0.0367940", "0.0370110", "0.0362320", "0.0364310", "5885828", 1761008399999, "215009.9897580", 5937, "2722207", "99491.0416010", "0"], [1761008400000, "0.0364350", "0.0366880", "0.0362170", "0.0362420", "3786106", 1761011999999, "137844.7512840", 4574, "1895804", "69014.7520620", "0"], [1761012000000, "0.0362330", "0.0380150", "0.0357260", "0.0377480", "20757173", 1761015599999, "766776.9843230", 16670, "10869290", "402208.3178480", "0"], [1761015600000, "0.0377360", "0.0392990", "0.0372790", "0.0391970", "47256670", 1761019199999, "1821299.3378850", 40436, "25697912", "991057.9736180", "0"], [1761019200000, "0.0392130", "0.0398200", "0.0384440", "0.0395830", "64112069", 1761022799999, "2506221.3553730", 53852, "34351265", "1343756.9827390", "0"], [1761022800000, "0.0396010", "0.0401990", "0.0385000", "0.0386100", "81116703", 1761026399999, "3207299.0810170", 67515, "40205462", "1591563.8687460", "0"], [1761026400000, "0.0386050", "0.0399940", "0.0382750", "0.0397390", "55720295", 1761029999999, "2196149.3259630", 49001, "30225698", "1191955.3956150", "0"], [1761030000000, "0.0397390", "0.0410980", "0.0391330", "0.0405230", "82298612", 1761033599999, "3303374.3923790", 53189, "43358482", "1740105.9083080", "0"], [1761033600000, "0.0405030", "0.0405260", "0.0387000", "0.0400040", "73366547", 1761037199999, "2912293.2979740", 49719, "36332158", "1443096.6556010", "0"], [1761037200000, "0.0400110", "0.0410940", "0.0394710", "0.0409130", "62442466", 1761040799999, "2523714.1726490", 37328, "29338547", "1186630.6295700", "0"], [1761040800000, "0.0409460", "0.0417800", "0.0404810", "0.0411000", "73760867", 1761044399999, "3033711.6934210", 40127, "37816196", "1555881.3667170", "0"], [1761044400000, "0.0411020", "0.0435570", "0.0410150", "0.0415970", "150649340", 1761047999999, "6403387.7175840", 76283, "76327301", "3244706.4264920", "0"], [1761048000000, "0.0415740", "0.0423620", "0.0383330", "0.0385770", "155506576", 1761051599999, "6238018.5788340", 93971, "71034717", "2853508.2345610", "0"], [1761051600000, "0.0385990", "0.0401220", "0.0368180", "0.0396340", "120594773", 1761055199999, "4639035.3068660", 81876, "60408499", "2327707.1880390", "0"], [1761055200000, "0.0396380", "0.0410900", "0.0393960", "0.0408880", "66591388", 1761058799999, "2682758.2272770", 41704, "33446277", "1347345.7372210", "0"], [1761058800000, "0.0408880", "0.0429560", "0.0405340", "0.0415420", "80784290", 1761062399999, "3380656.2138840", 49725, "39567514", "1655487.1521760", "0"], [1761062400000, "0.0415360", "0.0416940", "0.0389760", "0.0400650", "84899179", 1761065999999, "3428792.9818190", 52054, "39099101", "1580840.6025680", "0"], [1761066000000, "0.0400370", "0.0424130", "0.0400370", "0.0421510", "41314084", 1761069599999, "1717207.7136550", 34618, "22419121", "931451.1660880", "0"], [1761069600000, "0.0421460", "0.0446390", "0.0416800", "0.0442340", "58887840", 1761073199999, "2535388.1227410", 43138, "33802797", "1455630.6200260", "0"], [1761073200000, "0.0442480", "0.0446990", "0.0420750", "0.0420950", "50925171", 1761076799999, "2216162.9867270", 44648, "21866605", "952347.6191000", "0"], [1761076800000, "0.0421060", "0.0422880", "0.0400190", "0.0408310", "51111663", 1761080399999, "2101900.6020050", 36747, "24744471", "1017945.0635090", "0"], [1761080400000, "0.0408320", "0.0437570", "0.0408130", "0.0435330", "26638439", 1761083999999, "1122256.3949830", 18810, "16051522", "675984.1501990", "0"], [1761084000000, "0.0435490", "0.0453960", "0.0434590", "0.0451590", "48619542", 1761087599999, "2157281.5426450", 44287, "26845992", "1191841.7494840", "0"], [1761087600000, "0.0451600", "0.0463460", "0.0438080", "0.0454390", "29017794", 1761091199999, "1306698.3181470", 27571, "14417527", "649917.7230910", "0"]]}