{"_ts": 1761088553.568448, "data": [[1760918400000, "0.2437000", "0.2437000", "0.2383000", "0.2402000", "8336613", 1760921999999, "2005167.1250000", 21120, "3301452", "793656.1493000", "0"], [1760922000000, "0.2402000", "0.2412000", "0.2368000", "0.2375000", "4001814", 1760925599999, "954402.1716000", 12077, "1881274", "448988.7642000", "0"], [1760925600000, "0.2375000", "0.2396000", "0.2359000", "0.2396000", "5239243", 1760929199999, "1245779.6408000", 12512, "2732966", "650357.2280000", "0"], [1760929200000, "0.2395000", "0.2451000", "0.2382000", "0.2445000", "6526088", 1760932799999, "1579750.5595000", 13216, "3896735", "943526.3772000", "0"], [1760932800000, "0.2445000", "0.2475000", "0.2434000", "0.2466000", "6086350", 1760936399999, "1492994.2483000", 14416, "3149213", "772599.5316000", "0"], [1760936400000, "0.2466000", "0.2533000", "0.2459000", "0.2526000", "6350892", 1760939999999, "1587297.5254000", 14607, "3463772", "865929.7040000", "0"], [1760940000000, "0.2527000", "0.2527000", "0.2492000", "0.2493000", "4687647", 1760943599999, "1173996.0971000", 11321, "2095315", "524847.6570000", "0"], [1760943600000, "0.2492000", "0.2498000", "0.2455000", "0.2464000", "5334769", 1760947199999, "1321710.0358000", 10577, "2399507", "594744.9571000", "0"], [1760947200000, "0.2463000", "0.2463000", "0.2438000", "0.2444000", "4338329", 1760950799999, "1061833.2150000", 10221, "1978540", "484391.6238000", "0"], [1760950800000, "0.2444000", "0.2447000", "0.2422000", "0.2432000", "5493469", 1760954399999, "1336163.6877000", 11079, "2502293", "608645.6245000", "0"], [1760954400000, "0.2432000", "0.2440000", "0.2396000", "0.2405000", "6762678", 1760957999999, "1638029.3505000", 11867, "3171268", "768385.0511000", "0"], [1760958000000, "0.2405000", "0.2414000", "0.2375000", "0.2382000", "4999183", 1760961599999, "1196937.7395000", 10003, "2316443", "554688.4919000", "0"], [1760961600000, "0.2382000", "0.2394000", "0.2371000", "0.2385000", "6481600", 1760965199999, "1543350.8254000", 12757, "3447915", "821177.8628000", "0"], [1760965200000, "0.2384000", "0.2418000", "0.2374000", "0.2400000", "7601960", 1760968799999, "1822871.3627000", 13945, "4089798", "980739.6015000", "0"], [1760968800000, "0.2401000", "0.2406000", "0.2364000", "0.2380000", "8943240", 1760972399999, "2133294.3724000", 15997, "4259352", "1016352.4058000", "0"], [1760972400000, "0.2379000", "0.2385000", "0.2320000", "0.2323000", "11895068", 1760975999999, "2796054.6508000", 18099, "4851206", "1141156.2307000", "0"], [1760976000000, "0.2323000", "0.2323000", "0.2275000", "0.2297000", "13416215", 1760979599999, "3082930.7689000", 20781, "6214870", "1428074.4215000", "0"], [1760979600000, "0.2296000", "0.2316000", "0.2284000", "0.2304000", "5511852", 1760983199999, "1267398.5376000", 10442, "2960587", "680904.5376000", "0"], [1760983200000, "0.2305000", "0.2322000", "0.2290000", "0.2318000", "3481530", 1760986799999, "802269.9595000", 6498, "1782018", "410835.1138000", "0"], [1760986800000, "0.2319000", "0.2343000", "0.2308000", "0.2337000", "3842353", 1760990399999, "893670.9575000", 5967, "2064369", "480165.1641000", "0"], [1760990400000, "0.2337000", "0.2339000", "0.2321000", "0.2335000", "2814037", 1760993999999, "655902.1478000", 5058, "1315187", "306562.8901000", "0"], [1760994000000, "0.2336000", "0.2351000", "0.2321000", "0.2324000", "1951196", 1760997599999, "456023.3474000", 3868, "973076", "227627.7947000", "0"], [1760997600000, "0.2324000", "0.2341000", "0.2316000", "0.2336000", "2205470", 1761001199999, "513858.7606000", 5163, "1281180", "298534.4208000", "0"], [1761001200000, "0.2335000", "0.2336000", "0.2318000", "0.2320000", "1706590", 1761004799999, "397082.9289000", 4627, "806813", "187718.7539000", "0"], [1761004800000, "0.2321000", "0.2325000", "0.2308000", "0.2313000", "2543559", 1761008399999, "589155.6809000", 5276, "1294283", "299719.0081000", "0"], [1761008400000, "0.2313000", "0.2317000", "0.2286000", "0.2296000", "3628753", 1761011999999, "835797.5922000", 7080, "1938319", "446588.0031000", "0"], [1761012000000, "0.2296000", "0.2331000", "0.2284000", "0.2321000", "3883886", 1761015599999, "895602.1662000", 7086, "2056898", "474276.1608000", "0"], [1761015600000, "0.2321000", "0.2331000", "0.2271000", "0.2274000", "4504070", 1761019199999, "1034168.4823000", 8922, "2202721", "505657.6178000", "0"], [1761019200000, "0.2274000", "0.2274000", "0.2222000", "0.2228000", "7143752", 1761022799999, "1606053.4439000", 11162, "3219741", "723845.1399000", "0"], [1761022800000, "0.2229000", "0.2239000", "0.2214000", "0.2220000", "4621796", 1761026399999, "1029896.8258000", 8352, "2317668", "516629.9231000", "0"], [1761026400000, "0.2220000", "0.2245000", "0.2215000", "0.2223000", "4782592", 1761029999999, "1066896.1169000", 7772, "2385134", "532069.0196000", "0"], [1761030000000, "0.2224000", "0.2243000", "0.2213000", "0.2221000", "4682105", 1761033599999, "1042785.2057000", 6533, "2358410", "525260.1993000", "0"], [1761033600000, "0.2221000", "0.2221000", "0.2180000", "0.2208000", "10358000", 1761037199999, "2278914.7928000", 11203, "5055078", "1112003.4790000", "0"], [1761037200000, "0.2208000", "0.2346000", "0.2207000", "0.2316000", "20525619", 1761040799999, "4729997.9961000", 24977, "10810608", "2489418.4579000", "0"], [1761040800000, "0.2316000", "0.2399000", "0.2309000", "0.2376000", "9974161", 1761044399999, "2364175.1553000", 18046, "5350973", "1268611.4623000", "0"], [1761044400000, "0.2376000", "0.2377000", "0.2335000", "0.2344000", "7844138", 1761047999999, "1844755.8341000", 13354, "3853273", "906120.9511000", "0"], [1761048000000, "0.2344000", "0.2379000", "0.2334000", "0.2346000", "7407828", 1761051599999, "1745373.3708000", 12375, "4000448", "942956.9695000", "0"], [1761051600000, "0.2346000", "0.2389000", "0.2342000", "0.2371000", "8613348", 1761055199999, "2037697.1675000", 13976, "4708946", "1114394.7605000", "0"], [1761055200000, "0.2371000", "0.2466000", "0.2371000", "0.2458000", "19627795", 1761058799999, "4764468.3566000", 24584, "10579848", "2568233.2866000", "0"], [1761058800000, "0.2458000", "0.2677000", "0.2449000", "0.2655000", "29933335", 1761062399999, "7682490.2361000", 37226, "15597699", "4001169.9272000", "0"], [1761062400000, "0.2653000", "0.2674000", "0.2580000", "0.2610000", "21487002", 1761065999999, "5653567.0509000", 32148, "10888284", "2865296.6029000", "0"], [1761066000000, "0.2611000", "0.2636000", "0.2525000", "0.2537000", "16182283", 1761069599999, "4183512.6744000", 26544, "6896258", "1785382.0328000", "0"], [1761069600000, "0.2536000", "0.2566000", "0.2512000", "0.2532000", "9939184", 1761073199999, "2525025.3818000", 14786, "5252057", "1334814.4521000", "0"], [1761073200000, "0.2531000", "0.2547000", "0.2510000", "0.2512000", "2879157", 1761076799999, "727778.0651000", 7278, "1599119", "404443.8380000", "0"], [1761076800000, "0.2512000", "0.2517000", "0.2474000", "0.2489000", "4494068", 1761080399999, "1119992.8050000", 9417, "2109982", "525653.1020000", "0"], [1761080400000, "0.2488000", "0.2503000", "0.2447000", "0.2470000", "3995342", 1761083999999, "985227.3971000", 7512, "1925378", "475140.4024000", "0"], [1761084000000, "0.2469000", "0.2473000", "0.2396000", "0.2402000", "5353757", 1761087599999, "1299302.9029000", 9253, "2622787", "636821.3598000", "0"], [1761087600000, "0.2401000", "0.2408000", "0.2384000", "0.2385000", "1561885", 1761091199999, "374128.5222000", 2645, "775602", "185817.1789000", "0"]]}