{"_ts": 1761073839.0667698, "data": [[1760904000000, "0.5363000", "0.5390000", "0.5349000", "0.5373000", "4441465.9", 1760907599999, "2383050.32871000", 13844, "2022730.0", "1085246.64671000", "0"], [1760907600000, "0.5373000", "0.5378000", "0.5308000", "0.5345000", "4667983.0", 1760911199999, "2491291.29978000", 12296, "2080181.9", "1110187.17824000", "0"], [1760911200000, "0.5346000", "0.5385000", "0.5341000", "0.5365000", "7422162.4", 1760914799999, "3982288.29409000", 19081, "3805430.6", "2041718.47081000", "0"], [1760914800000, "0.5365000", "0.5365000", "0.5294000", "0.5312000", "6673951.5", 1760918399999, "3551197.05867000", 14760, "3342309.8", "1778327.99894000", "0"], [1760918400000, "0.5313000", "0.5317000", "0.5179000", "0.5244000", "22727543.1", 1760921999999, "11893091.52351000", 37762, "9122600.1", "4774830.37098000", "0"], [1760922000000, "0.5244000", "0.5279000", "0.5223000", "0.5242000", "6792906.4", 1760925599999, "3566215.17940000", 19442, "3472910.9", "1823002.68869000", "0"], [1760925600000, "0.5242000", "0.5293000", "0.5207000", "0.5282000", "8354399.5", 1760929199999, "4388751.03071000", 22881, "3980196.3", "2092387.46732000", "0"], [1760929200000, "0.5283000", "0.5494000", "0.5273000", "0.5478000", "16392985.5", 1760932799999, "8858532.75742000", 32410, "9159787.1", "4955183.88200000", "0"], [1760932800000, "0.5479000", "0.5510000", "0.5416000", "0.5453000", "13199423.5", 1760936399999, "7198221.71270000", 34363, "6474740.6", "3530044.41905000", "0"], [1760936400000, "0.5453000", "0.5501000", "0.5416000", "0.5493000", "10749451.1", 1760939999999, "5860823.49724000", 23790, "5959148.5", "3249845.55774000", "0"], [1760940000000, "0.5494000", "0.5565000", "0.5478000", "0.5540000", "9796440.6", 1760943599999, "5417118.54737000", 29637, "4665582.3", "2580581.47190000", "0"], [1760943600000, "0.5539000", "0.5548000", "0.5502000", "0.5528000", "7053008.3", 1760947199999, "3893653.15201000", 19353, "3006050.9", "1659592.34661000", "0"], [1760947200000, "0.5528000", "0.5557000", "0.5488000", "0.5501000", "6841270.4", 1760950799999, "3771479.82815000", 20255, "3242469.1", "1787802.51242000", "0"], [1760950800000, "0.5500000", "0.5525000", "0.5464000", "0.5509000", "8403706.7", 1760954399999, "4614824.94542000", 23402, "4096639.8", "2250037.35716000", "0"], [1760954400000, "0.5509000", "0.5610000", "0.5481000", "0.5516000", "17716691.0", 1760957999999, "9824429.48931000", 44487, "9084566.7", "5037563.65584000", "0"], [1760958000000, "0.5515000", "0.5521000", "0.5474000", "0.5504000", "8949099.0", 1760961599999, "4918459.50475000", 22794, "4175102.8", "2295420.98552000", "0"], [1760961600000, "0.5503000", "0.5551000", "0.5493000", "0.5536000", "7896043.4", 1760965199999, "4358290.69376000", 22670, "4107479.7", "2267050.70408000", "0"], [1760965200000, "0.5535000", "0.5549000", "0.5495000", "0.5538000", "8863730.9", 1760968799999, "4896947.18625000", 24740, "4751951.8", "2625829.56319000", "0"], [1760968800000, "0.5539000", "0.5575000", "0.5496000", "0.5563000", "8907201.6", 1760972399999, "4938671.90239000", 23902, "4206538.9", "2333226.33199000", "0"], [1760972400000, "0.5564000", "0.5595000", "0.5491000", "0.5494000", "11814978.0", 1760975999999, "6544494.62585000", 25460, "5408936.7", "2996842.69921000", "0"], [1760976000000, "0.5492000", "0.5493000", "0.5362000", "0.5442000", "29187975.4", 1760979599999, "15857696.42493000", 48509, "13508619.6", "7339620.06956000", "0"], [1760979600000, "0.5442000", "0.5472000", "0.5395000", "0.5432000", "10509778.0", 1760983199999, "5711167.84184000", 24519, "5769010.8", "3136035.35545000", "0"], [1760983200000, "0.5433000", "0.5455000", "0.5410000", "0.5443000", "6639962.7", 1760986799999, "3608583.34586000", 16339, "3515857.4", "1910711.15336000", "0"], [1760986800000, "0.5443000", "0.5492000", "0.5405000", "0.5460000", "7949441.6", 1760990399999, "4327842.56168000", 18803, "3881124.8", "2112703.67282000", "0"], [1760990400000, "0.5461000", "0.5471000", "0.5434000", "0.5459000", "5658199.5", 1760993999999, "3084825.64674000", 16554, "2838829.6", "1547777.46453000", "0"], [1760994000000, "0.5459000", "0.5510000", "0.5423000", "0.5436000", "6067081.4", 1760997599999, "3318162.33728000", 14235, "2832854.9", "1550192.33385000", "0"], [1760997600000, "0.5436000", "0.5464000", "0.5421000", "0.5447000", "3282568.5", 1761001199999, "1786976.72830000", 12618, "1781030.4", "969588.68146000", "0"], [1761001200000, "0.5448000", "0.5452000", "0.5408000", "0.5410000", "4870953.0", 1761004799999, "2642770.06031000", 12735, "2480594.2", "1346058.13787000", "0"], [1761004800000, "0.5409000", "0.5432000", "0.5391000", "0.5409000", "6481686.9", 1761008399999, "3507512.69944000", 16171, "3762456.9", "2036432.13770000", "0"], [1761008400000, "0.5410000", "0.5428000", "0.5351000", "0.5374000", "10440972.1", 1761011999999, "5624182.94992000", 20113, "5070900.5", "2732618.34359000", "0"], [1761012000000, "0.5375000", "0.5378000", "0.5277000", "0.5295000", "17584804.5", 1761015599999, "9353482.74330000", 26348, "6307044.2", "3357484.30758000", "0"], [1761015600000, "0.5295000", "0.5313000", "0.5262000", "0.5274000", "6680030.6", 1761019199999, "3536186.33732000", 16260, "3586787.6", "1899424.16582000", "0"], [1761019200000, "0.5274000", "0.5280000", "0.5166000", "0.5181000", "21431254.2", 1761022799999, "11185289.33795000", 38119, "9371539.3", "4892604.41006000", "0"], [1761022800000, "0.5182000", "0.5210000", "0.5171000", "0.5184000", "11719055.5", 1761026399999, "6082320.88643000", 23041, "5651996.1", "2934123.71862000", "0"], [1761026400000, "0.5184000", "0.5224000", "0.5164000", "0.5197000", "8441500.2", 1761029999999, "4388478.41537000", 18168, "4905062.8", "2550597.68398000", "0"], [1761030000000, "0.5197000", "0.5226000", "0.5177000", "0.5221000", "6038821.5", 1761033599999, "3142896.11242000", 13228, "3377379.2", "1758010.34932000", "0"], [1761033600000, "0.5221000", "0.5221000", "0.5154000", "0.5198000", "7796524.9", 1761037199999, "4042696.34504000", 14908, "3941303.2", "2044245.28399000", "0"], [1761037200000, "0.5198000", "0.5203000", "0.5176000", "0.5184000", "4829957.4", 1761040799999, "2506207.62731000", 11035, "2705431.4", "1403880.17392000", "0"], [1761040800000, "0.5184000", "0.5266000", "0.5183000", "0.5233000", "10648996.6", 1761044399999, "5558499.61661000", 19634, "5547241.3", "2893761.66445000", "0"], [1761044400000, "0.5233000", "0.5235000", "0.5191000", "0.5216000", "7749130.3", 1761047999999, "4043693.01880000", 16195, "4454566.2", "2324687.80020000", "0"], [1761048000000, "0.5216000", "0.5316000", "0.5207000", "0.5265000", "11453806.0", 1761051599999, "6043713.34250000", 23970, "5230985.0", "2759478.75491000", "0"], [1761051600000, "0.5266000", "0.5303000", "0.5228000", "0.5254000", "14668630.7", 1761055199999, "7712644.85512000", 30464, "7143023.9", "3756549.76109000", "0"], [1761055200000, "0.5255000", "0.5677000", "0.5254000", "0.5673000", "46776348.8", 1761058799999, "25633078.67183000", 69268, "21963022.3", "12033263.34836000", "0"], [1761058800000, "0.5673000", "0.5771000", "0.5603000", "0.5678000", "43527439.0", 1761062399999, "24791375.77750000", 77966, "19711589.5", "11231637.20881000", "0"], [1761062400000, "0.5678000", "0.5840000", "0.5638000", "0.5735000", "34516428.6", 1761065999999, "19802176.87331000", 61771, "18356668.3", "10534564.11799000", "0"], [1761066000000, "0.5735000", "0.5790000", "0.5622000", "0.5691000", "29091601.3", 1761069599999, "16609870.92109000", 64454, "13805199.5", "7882657.58444000", "0"], [1761069600000, "0.5691000", "0.5723000", "0.5629000", "0.5690000", "10680440.1", 1761073199999, "6053954.14637000", 28530, "5334398.5", "3023960.95032000", "0"], [1761073200000, "0.5690000", "0.5699000", "0.5675000", "0.5678000", "914440.7", 1761076799999, "520030.46896000", 2941, "365527.0", "207827.67988000", "0"]]}