{"_ts": 1761081301.5930104, "data": [[1760911200000, "319.94", "320.09", "316.26", "317.27", "2451.139", 1760914799999, "780765.36475", 7661, "1253.837", "399428.92438", "0"], [1760914800000, "317.24", "317.60", "315.06", "315.82", "1643.784", 1760918399999, "519718.02791", 6209, "795.903", "251680.15535", "0"], [1760918400000, "315.79", "316.73", "310.00", "310.61", "6133.494", 1760921999999, "1915359.78995", 14330, "4057.842", "1267335.89514", "0"], [1760922000000, "310.60", "313.13", "309.56", "311.60", "2199.726", 1760925599999, "685671.97857", 7865, "1242.787", "387554.24819", "0"], [1760925600000, "311.63", "314.93", "311.45", "314.03", "1308.877", 1760929199999, "410413.79215", 6006, "829.664", "260072.81744", "0"], [1760929200000, "314.02", "315.42", "313.09", "314.85", "1334.400", 1760932799999, "419576.61836", 5098, "758.906", "238651.87003", "0"], [1760932800000, "314.84", "316.66", "314.50", "316.61", "1623.236", 1760936399999, "512406.97327", 6232, "900.479", "284323.05641", "0"], [1760936400000, "316.59", "318.12", "315.59", "317.52", "1304.473", 1760939999999, "413416.73350", 4850, "788.069", "249804.68221", "0"], [1760940000000, "317.49", "319.48", "316.70", "318.63", "2019.432", 1760943599999, "641860.77113", 7348, "1071.713", "340706.06609", "0"], [1760943600000, "318.77", "321.61", "318.53", "319.91", "4781.722", 1760947199999, "1531177.29582", 13755, "2408.377", "771203.34452", "0"], [1760947200000, "319.91", "323.65", "319.40", "320.96", "7135.471", 1760950799999, "2294824.71605", 17316, "3376.508", "1086037.49017", "0"], [1760950800000, "320.99", "322.55", "318.35", "319.68", "2192.460", 1760954399999, "702703.68451", 8352, "1011.295", "324270.67282", "0"], [1760954400000, "319.67", "323.63", "319.58", "322.24", "4001.379", 1760957999999, "1288568.32035", 10896, "2089.162", "672452.97820", "0"], [1760958000000, "322.26", "322.40", "318.80", "319.56", "2312.877", 1760961599999, "740565.20516", 7382, "940.948", "301346.51867", "0"], [1760961600000, "319.67", "320.16", "317.25", "318.37", "2805.177", 1760965199999, "893955.66931", 8712, "1340.877", "427212.57623", "0"], [1760965200000, "318.34", "318.90", "315.74", "317.09", "3120.679", 1760968799999, "989063.24473", 9134, "1549.873", "491242.04594", "0"], [1760968800000, "317.04", "318.56", "315.74", "316.86", "2050.887", 1760972399999, "650708.79177", 6573, "1132.969", "359493.65495", "0"], [1760972400000, "316.83", "317.46", "314.52", "315.69", "2812.877", 1760975999999, "889482.22975", 7121, "1273.673", "402771.32692", "0"], [1760976000000, "315.70", "315.94", "310.88", "311.69", "7803.670", 1760979599999, "2444396.99717", 15231, "4050.290", "1269509.18397", "0"], [1760979600000, "311.69", "312.95", "310.60", "311.97", "4775.771", 1760983199999, "1488186.89889", 12154, "2497.507", "778504.38959", "0"], [1760983200000, "311.90", "315.55", "310.76", "315.31", "2439.021", 1760986799999, "763158.91755", 7180, "1598.010", "500190.71805", "0"], [1760986800000, "315.31", "315.70", "312.98", "314.30", "1737.604", 1760990399999, "546442.86463", 7296, "717.859", "225876.37278", "0"], [1760990400000, "314.30", "314.40", "310.61", "313.38", "4309.277", 1760993999999, "1344897.44311", 10382, "1953.525", "609580.59387", "0"], [1760994000000, "313.38", "314.35", "311.45", "313.52", "1918.481", 1760997599999, "600216.43111", 6993, "930.854", "291236.92563", "0"], [1760997600000, "313.52", "314.51", "309.64", "311.98", "2900.316", 1761001199999, "902854.25982", 10378, "1340.147", "417477.62662", "0"], [1761001200000, "311.96", "313.73", "308.47", "309.32", "3649.669", 1761004799999, "1134918.22514", 11490, "1974.670", "614545.09583", "0"], [1761004800000, "309.41", "310.25", "304.20", "309.50", "6433.339", 1761008399999, "1975009.00427", 12842, "2254.846", "692844.05122", "0"], [1761008400000, "309.50", "311.74", "307.51", "310.52", "2723.468", 1761011999999, "843433.70368", 7876, "1431.503", "443460.16254", "0"], [1761012000000, "310.48", "310.64", "305.55", "306.64", "3243.692", 1761015599999, "1000852.81445", 9155, "1253.931", "387038.05996", "0"], [1761015600000, "306.65", "309.01", "306.47", "308.76", "1565.775", 1761019199999, "481704.62997", 7123, "977.630", "300879.93697", "0"], [1761019200000, "308.78", "310.21", "301.51", "302.80", "5781.185", 1761022799999, "1765199.26349", 14429, "2342.387", "715943.10217", "0"], [1761022800000, "302.77", "305.55", "300.91", "305.33", "3235.259", 1761026399999, "981247.82566", 8273, "1901.598", "577285.99330", "0"], [1761026400000, "305.34", "309.19", "304.28", "309.06", "2620.059", 1761029999999, "801756.26391", 7345, "1493.913", "457620.65175", "0"], [1761030000000, "309.09", "312.03", "306.23", "308.13", "7297.411", 1761033599999, "2256042.52927", 17458, "3758.602", "1162677.53964", "0"], [1761033600000, "308.14", "310.29", "305.57", "309.11", "3169.583", 1761037199999, "974389.03798", 12097, "1724.616", "530498.09699", "0"], [1761037200000, "309.08", "314.22", "308.48", "312.77", "7397.962", 1761040799999, "2302815.80659", 14649, "4442.563", "1383189.25764", "0"], [1761040800000, "312.77", "313.47", "310.15", "312.13", "2896.931", 1761044399999, "903879.66868", 7938, "1372.054", "428265.94706", "0"], [1761044400000, "312.10", "314.60", "310.00", "313.44", "3260.440", 1761047999999, "1019188.04472", 9307, "1727.224", "540149.24494", "0"], [1761048000000, "313.46", "314.59", "309.60", "313.59", "6478.102", 1761051599999, "2023701.25529", 12794, "2745.619", "858216.44754", "0"], [1761051600000, "313.59", "315.50", "313.06", "314.15", "2920.954", 1761055199999, "917998.47583", 8335, "1349.077", "424000.82093", "0"], [1761055200000, "314.15", "316.64", "313.28", "316.42", "3994.673", 1761058799999, "1257768.97614", 10427, "2112.308", "665359.67444", "0"], [1761058800000, "316.42", "317.85", "314.26", "314.93", "6143.068", 1761062399999, "1944982.28397", 13297, "3284.870", "1040159.92446", "0"], [1761062400000, "314.96", "317.45", "313.57", "314.63", "4500.092", 1761065999999, "1420456.42025", 11875, "2271.792", "716855.62680", "0"], [1761066000000, "314.56", "315.08", "312.33", "314.21", "3746.782", 1761069599999, "1175328.86392", 10593, "1914.818", "600889.85962", "0"], [1761069600000, "314.22", "315.81", "313.00", "313.70", "2275.513", 1761073199999, "715141.74047", 8153, "998.108", "313637.14615", "0"], [1761073200000, "313.69", "314.59", "307.49", "307.49", "4406.388", 1761076799999, "1371904.35968", 10739, "1681.485", "524080.99396", "0"], [1761076800000, "307.51", "310.77", "305.00", "305.00", "7075.163", 1761080399999, "2180438.38603", 17895, "3804.703", "1172780.54681", "0"], [1761080400000, "305.02", "306.38", "304.43", "306.38", "1335.483", 1761083999999, "407337.68694", 4070, "707.111", "215698.95968", "0"]]}