{"_ts": 1761088486.873026, "data": [[1760918400000, "0.0044070", "0.0044222", "0.0037778", "0.0038250", "4240933202", 1760921999999, "17410986.7569445", 326312, "2039320418", "8376811.3435378", "0"], [1760922000000, "0.0038257", "0.0040825", "0.0037920", "0.0040655", "2990076772", 1760925599999, "11886496.1896180", 247119, "1626240653", "6467228.7280386", "0"], [1760925600000, "0.0040671", "0.0040811", "0.0038480", "0.0039408", "2023999221", 1760929199999, "8001700.3680044", 181998, "939676465", "3713293.5062363", "0"], [1760929200000, "0.0039414", "0.0039997", "0.0037912", "0.0039382", "1741589449", 1760932799999, "6778302.9456744", 165619, "871410814", "3391641.9816131", "0"], [1760932800000, "0.0039380", "0.0040093", "0.0036747", "0.0037049", "2313886298", 1760936399999, "8861544.8908417", 212952, "1137846591", "4368199.0818905", "0"], [1760936400000, "0.0037050", "0.0038397", "0.0036126", "0.0038243", "2261039410", 1760939999999, "8398859.6562946", 194615, "1145419565", "4261455.2318811", "0"], [1760940000000, "0.0038248", "0.0039899", "0.0038063", "0.0039258", "2205785505", 1760943599999, "8627019.3294533", 188059, "1174785814", "4596297.2447600", "0"], [1760943600000, "0.0039256", "0.0039491", "0.0038755", "0.0039080", "882657390", 1760947199999, "3451577.6922792", 93179, "436760682", "1708209.1071647", "0"], [1760947200000, "0.0039079", "0.0039555", "0.0038054", "0.0038636", "1482762150", 1760950799999, "5743738.8741503", 139745, "735532660", "2851654.1801014", "0"], [1760950800000, "0.0038629", "0.0039666", "0.0038280", "0.0038617", "1236967001", 1760954399999, "4811963.6622065", 120315, "633474964", "2465145.2967543", "0"], [1760954400000, "0.0038614", "0.0038997", "0.0037126", "0.0037331", "1457603609", 1760957999999, "5555481.4375139", 124832, "688332970", "2625590.1853787", "0"], [1760958000000, "0.0037334", "0.0038720", "0.0036431", "0.0037603", "1808582697", 1760961599999, "6782811.9771382", 134332, "896911452", "3366509.0191840", "0"], [1760961600000, "0.0037599", "0.0037885", "0.0036393", "0.0037202", "1627881477", 1760965199999, "6061022.7773699", 143277, "828573864", "3085155.5297037", "0"], [1760965200000, "0.0037201", "0.0037303", "0.0036010", "0.0036496", "1849845005", 1760968799999, "6783406.7579853", 167580, "940273509", "3447554.7411185", "0"], [1760968800000, "0.0036514", "0.0037559", "0.0035430", "0.0037130", "2046273095", 1760972399999, "7479560.9663415", 161744, "1053164263", "3849649.4910966", "0"], [1760972400000, "0.0037132", "0.0037665", "0.0035885", "0.0035961", "1625024587", 1760975999999, "5957905.1910417", 149556, "814901096", "2987322.5365086", "0"], [1760976000000, "0.0035961", "0.0036728", "0.0034720", "0.0035668", "2193406735", 1760979599999, "7838824.2270839", 180137, "1082103897", "3867794.1686609", "0"], [1760979600000, "0.0035658", "0.0036524", "0.0035000", "0.0036012", "1451059523", 1760983199999, "5154918.7937098", 145948, "747407136", "2656112.8717564", "0"], [1760983200000, "0.0036014", "0.0036936", "0.0034795", "0.0036000", "1407737296", 1760986799999, "5075481.6491691", 124705, "697418802", "2517389.5649202", "0"], [1760986800000, "0.0036000", "0.0037591", "0.0035383", "0.0036622", "1160527801", 1760990399999, "4228521.6399526", 108097, "636761491", "2321174.1325385", "0"], [1760990400000, "0.0036618", "0.0037956", "0.0036473", "0.0037580", "1062686537", 1760993999999, "3968313.7379671", 104675, "608126891", "2271796.6061515", "0"], [1760994000000, "0.0037581", "0.0037664", "0.0036332", "0.0036870", "554212441", 1760997599999, "2049682.1842118", 49242, "264484836", "978152.5964246", "0"], [1760997600000, "0.0036870", "0.0037766", "0.0035939", "0.0036748", "1066669953", 1761001199999, "3910944.1466161", 107066, "521182582", "1910238.5509678", "0"], [1761001200000, "0.0036747", "0.0037381", "0.0035713", "0.0036350", "996296537", 1761004799999, "3611545.2222350", 105882, "500045346", "1813440.2319600", "0"], [1761004800000, "0.0036349", "0.0036569", "0.0035537", "0.0036018", "1133406273", 1761008399999, "4079034.9448071", 119449, "575825981", "2072196.9060850", "0"], [1761008400000, "0.0036012", "0.0037566", "0.0035651", "0.0036858", "1301232565", 1761011999999, "4790895.0073135", 131639, "633181371", "2330883.7601127", "0"], [1761012000000, "0.0036861", "0.0039000", "0.0036638", "0.0038115", "1507035490", 1761015599999, "5705795.7505723", 143163, "866880120", "3284801.3032876", "0"], [1761015600000, "0.0038114", "0.0038216", "0.0036032", "0.0036321", "1011532354", 1761019199999, "3762307.4975116", 101236, "474885934", "1768063.3172561", "0"], [1761019200000, "0.0036313", "0.0037920", "0.0035802", "0.0037421", "1502083593", 1761022799999, "5537985.7882496", 137015, "788232211", "2905122.1158173", "0"], [1761022800000, "0.0037429", "0.0037999", "0.0037282", "0.0037748", "831064088", 1761026399999, "3123720.2064076", 93392, "416712790", "1566759.8692908", "0"], [1761026400000, "0.0037756", "0.0039562", "0.0037576", "0.0039028", "1316895628", 1761029999999, "5097549.4957315", 132338, "736110528", "2848314.3604904", "0"], [1761030000000, "0.0039031", "0.0040777", "0.0039024", "0.0039538", "1198959228", 1761033599999, "4750251.5463116", 123947, "637565716", "2527818.8184758", "0"], [1761033600000, "0.0039543", "0.0040118", "0.0038146", "0.0038661", "1410065127", 1761037199999, "5533676.4957827", 131074, "620386756", "2435216.2736158", "0"], [1761037200000, "0.0038661", "0.0039600", "0.0037730", "0.0039091", "1439678942", 1761040799999, "5580808.2689752", 149794, "792098430", "3071717.6372447", "0"], [1761040800000, "0.0039078", "0.0039482", "0.0038625", "0.0039001", "844581936", 1761044399999, "3297205.5030380", 95841, "406430610", "1586450.6858196", "0"], [1761044400000, "0.0039005", "0.0040666", "0.0038607", "0.0040043", "1179203915", 1761047999999, "4642395.7221074", 115956, "636108569", "2505882.9438392", "0"], [1761048000000, "0.0040042", "0.0042230", "0.0039250", "0.0040999", "2186779247", 1761051599999, "8960333.3188733", 172185, "1161377324", "4762737.8206142", "0"], [1761051600000, "0.0041002", "0.0043871", "0.0040994", "0.0042585", "2430888129", 1761055199999, "10329005.4766185", 230465, "1230075917", "5228961.5018142", "0"], [1761055200000, "0.0042588", "0.0045780", "0.0041951", "0.0045083", "2597836900", 1761058799999, "11436410.9148806", 221084, "1386374401", "6105202.6708718", "0"], [1761058800000, "0.0045100", "0.0049331", "0.0043800", "0.0047392", "4569158113", 1761062399999, "21374538.9606571", 329510, "2489289941", "11652314.9866923", "0"], [1761062400000, "0.0047391", "0.0049997", "0.0045112", "0.0048550", "4308408721", 1761065999999, "20518680.6031070", 413419, "2193605860", "10451064.5748662", "0"], [1761066000000, "0.0048574", "0.0049888", "0.0047704", "0.0049169", "2540312892", 1761069599999, "12411600.2880191", 248703, "1339956354", "6548389.7284699", "0"], [1761069600000, "0.0049169", "0.0050610", "0.0047080", "0.0049689", "3307533211", 1761073199999, "16191803.5026287", 293310, "1640213333", "8038101.0682085", "0"], [1761073200000, "0.0049689", "0.0052274", "0.0048109", "0.0049527", "2850665297", 1761076799999, "14243845.2824285", 280919, "1523581132", "7618478.5209348", "0"], [1761076800000, "0.0049518", "0.0049683", "0.0047403", "0.0047583", "1537986390", 1761080399999, "7396260.4685285", 170993, "750609079", "3610234.4733723", "0"], [1761080400000, "0.0047581", "0.0048329", "0.0044616", "0.0045164", "1373593602", 1761083999999, "6410091.7208775", 108515, "620857425", "2900789.7291975", "0"], [1761084000000, "0.0045163", "0.0046235", "0.0042849", "0.0046027", "2101971000", 1761087599999, "9366102.0449937", 154065, "1115900792", "4976247.3869288", "0"], [1761087600000, "0.0046025", "0.0046632", "0.0044962", "0.0045541", "588705846", 1761091199999, "2697981.4564188", 54455, "316589628", "1452127.7875761", "0"]]}