{"_ts": 1761073816.4763453, "data": [[1760904000000, "0.4240000", "0.4255000", "0.4224000", "0.4245000", "9267024", 1760907599999, "3929751.9746000", 18838, "5027495", "2132531.9738000", "0"], [1760907600000, "0.4245000", "0.4248000", "0.4190000", "0.4216000", "12501597", 1760911199999, "5267225.5734000", 19328, "5870559", "2473705.4164000", "0"], [1760911200000, "0.4217000", "0.4235000", "0.4200000", "0.4226000", "9958703", 1760914799999, "4200773.1788000", 21094, "5067889", "2138051.0937000", "0"], [1760914800000, "0.4225000", "0.4225000", "0.4122000", "0.4130000", "24902891", 1760918399999, "10370308.6351000", 29633, "9657628", "4023967.8765000", "0"], [1760918400000, "0.4130000", "0.4133000", "0.4024000", "0.4060000", "44856626", 1760921999999, "18239652.4268000", 46549, "23108997", "9397028.6695000", "0"], [1760922000000, "0.4060000", "0.4102000", "0.3996000", "0.4020000", "35605465", 1760925599999, "14394843.9736000", 38756, "17098628", "6920963.9507000", "0"], [1760925600000, "0.4019000", "0.4103000", "0.3967000", "0.4072000", "44908758", 1760929199999, "18135566.5816000", 47196, "24997929", "10100635.6534000", "0"], [1760929200000, "0.4072000", "0.4212000", "0.4058000", "0.4187000", "41982616", 1760932799999, "17400057.7160000", 43376, "17783014", "7354168.5742000", "0"], [1760932800000, "0.4188000", "0.4224000", "0.4180000", "0.4217000", "31509587", 1760936399999, "13242085.1314000", 40879, "13575012", "5706475.9774000", "0"], [1760936400000, "0.4218000", "0.4265000", "0.4192000", "0.4243000", "28092058", 1760939999999, "11873908.1649000", 34009, "13835012", "5848344.9932000", "0"], [1760940000000, "0.4243000", "0.4276000", "0.4223000", "0.4245000", "30693867", 1760943599999, "13054274.7993000", 36646, "13674095", "5818825.4066000", "0"], [1760943600000, "0.4244000", "0.4256000", "0.4206000", "0.4215000", "26040176", 1760947199999, "11013502.1035000", 27026, "11727076", "4962312.9630000", "0"], [1760947200000, "0.4215000", "0.4250000", "0.4170000", "0.4210000", "27206277", 1760950799999, "11440177.9133000", 28281, "13534570", "5697946.0017000", "0"], [1760950800000, "0.4210000", "0.4211000", "0.4168000", "0.4195000", "15323764", 1760954399999, "6419533.2234000", 21324, "6903478", "2893035.2385000", "0"], [1760954400000, "0.4195000", "0.4207000", "0.4122000", "0.4139000", "20359123", 1760957999999, "8478614.9844000", 27494, "9491927", "3955541.1271000", "0"], [1760958000000, "0.4139000", "0.4166000", "0.4122000", "0.4159000", "16171471", 1760961599999, "6696872.8436000", 25256, "9065881", "3755697.2493000", "0"], [1760961600000, "0.4158000", "0.4184000", "0.4126000", "0.4147000", "27014744", 1760965199999, "11227329.5782000", 28705, "13029526", "5419479.3465000", "0"], [1760965200000, "0.4148000", "0.4161000", "0.4097000", "0.4130000", "27286932", 1760968799999, "11258515.8440000", 31353, "11617539", "4794999.8782000", "0"], [1760968800000, "0.4131000", "0.4136000", "0.4065000", "0.4079000", "26636800", 1760972399999, "10899586.6313000", 32394, "11919438", "4879103.2992000", "0"], [1760972400000, "0.4079000", "0.4130000", "0.4050000", "0.4070000", "36414996", 1760975999999, "14883404.5057000", 38811, "20283913", "8294846.7255000", "0"], [1760976000000, "0.4070000", "0.4071000", "0.3962000", "0.4024000", "69079121", 1760979599999, "27715347.7175000", 63967, "33100450", "13281811.7688000", "0"], [1760979600000, "0.4023000", "0.4050000", "0.3884000", "0.3919000", "57512397", 1760983199999, "22725416.7596000", 51940, "24968473", "9871887.5873000", "0"], [1760983200000, "0.3918000", "0.3958000", "0.3707000", "0.3842000", "111500901", 1760986799999, "42585717.4149000", 91784, "52093333", "19911043.4636000", "0"], [1760986800000, "0.3842000", "0.3916000", "0.3804000", "0.3891000", "42402550", 1760990399999, "16372990.4309000", 47787, "21976982", "8485843.4213000", "0"], [1760990400000, "0.3891000", "0.3926000", "0.3872000", "0.3919000", "21209148", 1760993999999, "8269395.8601000", 31034, "11585899", "4519709.8207000", "0"], [1760994000000, "0.3919000", "0.3956000", "0.3908000", "0.3926000", "18601587", 1760997599999, "7307812.7303000", 25258, "8089229", "3179630.0343000", "0"], [1760997600000, "0.3926000", "0.3938000", "0.3909000", "0.3927000", "12326527", 1761001199999, "4837993.5299000", 18238, "6116690", "2400643.7850000", "0"], [1761001200000, "0.3927000", "0.4004000", "0.3922000", "0.3986000", "28687896", 1761004799999, "11393172.1423000", 27589, "15807683", "6274707.7133000", "0"], [1761004800000, "0.3986000", "0.4077000", "0.3965000", "0.4031000", "34362282", 1761008399999, "13851528.7108000", 46336, "15445429", "6221616.5405000", "0"], [1761008400000, "0.4031000", "0.4054000", "0.3994000", "0.4026000", "25804557", 1761011999999, "10367573.8480000", 33285, "12630171", "5075123.2056000", "0"], [1761012000000, "0.4026000", "0.4148000", "0.4012000", "0.4043000", "43611610", 1761015599999, "17804574.7840000", 54071, "20915942", "8536927.7559000", "0"], [1761015600000, "0.4043000", "0.4127000", "0.4027000", "0.4089000", "23502520", 1761019199999, "9592339.2642000", 39761, "11364574", "4638161.1564000", "0"], [1761019200000, "0.4088000", "0.4107000", "0.3978000", "0.3989000", "51107927", 1761022799999, "20588975.6550000", 60928, "21183251", "8538203.5698000", "0"], [1761022800000, "0.3990000", "0.4000000", "0.3916000", "0.3923000", "40262891", 1761026399999, "15925297.5373000", 43401, "18668462", "7384971.3019000", "0"], [1761026400000, "0.3923000", "0.3963000", "0.3878000", "0.3942000", "33894760", 1761029999999, "13295757.2667000", 37270, "17562428", "6894683.1268000", "0"], [1761030000000, "0.3941000", "0.3953000", "0.3883000", "0.3951000", "17691472", 1761033599999, "6935321.1599000", 26907, "8989305", "3525271.8435000", "0"], [1761033600000, "0.3952000", "0.3952000", "0.3855000", "0.3895000", "26651497", 1761037199999, "10386604.2918000", 27956, "11569373", "4512538.6166000", "0"], [1761037200000, "0.3895000", "0.3910000", "0.3873000", "0.3879000", "14712770", 1761040799999, "5726982.8220000", 19566, "8434253", "3283324.7940000", "0"], [1761040800000, "0.3878000", "0.4008000", "0.3874000", "0.3978000", "36000328", 1761044399999, "14204872.4547000", 38296, "20275799", "7994878.9213000", "0"], [1761044400000, "0.3977000", "0.3994000", "0.3943000", "0.3944000", "18542413", 1761047999999, "7352394.3243000", 27876, "8357111", "3313711.9442000", "0"], [1761048000000, "0.3945000", "0.3972000", "0.3884000", "0.3889000", "33676899", 1761051599999, "13233240.0296000", 36896, "14778481", "5804861.9252000", "0"], [1761051600000, "0.3890000", "0.3974000", "0.3876000", "0.3958000", "32525721", 1761055199999, "12773333.4466000", 41072, "15826584", "6216396.8201000", "0"], [1761055200000, "0.3959000", "0.4345000", "0.3950000", "0.4303000", "129260335", 1761058799999, "53965334.9450000", 119314, "65622918", "27389346.9056000", "0"], [1761058800000, "0.4303000", "0.4343000", "0.4228000", "0.4277000", "88756388", 1761062399999, "38006464.9764000", 88664, "41441565", "17750867.9420000", "0"], [1761062400000, "0.4277000", "0.4291000", "0.4150000", "0.4171000", "61050522", 1761065999999, "25828074.6976000", 64570, "26656168", "11282355.9225000", "0"], [1761066000000, "0.4171000", "0.4248000", "0.4097000", "0.4240000", "65082024", 1761069599999, "27197885.2288000", 67182, "33034394", "13815619.9080000", "0"], [1761069600000, "0.4240000", "0.4247000", "0.4168000", "0.4206000", "27144839", 1761073199999, "11414722.5216000", 32933, "12779466", "5373877.0880000", "0"], [1761073200000, "0.4206000", "0.4219000", "0.4199000", "0.4202000", "3757316", 1761076799999, "1580839.8696000", 4421, "2237232", "941521.7286000", "0"]]}