{"_ts": 1761088115.377921, "data": [[1760698800000, "0.7500000", "0.7500000", "0.6100000", "0.6861000", "80796576", 1760702399999, "55214882.5257000", 404393, "39761541", "27200947.4197000", "0"], [1760702400000, "0.6865000", "0.7262000", "0.6200000", "0.6341000", "121886984", 1760705999999, "81408046.9417000", 544447, "60731591", "40677430.8601000", "0"], [1760706000000, "0.6336000", "0.6400000", "0.4836000", "0.5533000", "378415824", 1760709599999, "215986912.8435000", 1289247, "189493778", "108301405.1245000", "0"], [1760709600000, "0.5529000", "0.5644000", "0.4981000", "0.5196000", "146008604", 1760713199999, "77317749.9723000", 519667, "72010740", "38147067.4635000", "0"], [1760713200000, "0.5190000", "0.5207000", "0.4771000", "0.4965000", "98265366", 1760716799999, "48431233.3194000", 339928, "49627432", "24476470.4341000", "0"], [1760716800000, "0.4964000", "0.4979000", "0.4325000", "0.4394000", "104551700", 1760720399999, "47421847.4405000", 346983, "51343134", "23288806.3154000", "0"], [1760720400000, "0.4396000", "0.4399000", "0.4053000", "0.4088000", "73532489", 1760723999999, "31041112.5313000", 210059, "35514353", "15002067.4429000", "0"], [1760724000000, "0.4089000", "0.4279000", "0.4059000", "0.4143000", "40206134", 1760727599999, "16789642.3220000", 114876, "20340383", "8493596.8923000", "0"], [1760727600000, "0.4142000", "0.4391000", "0.3899000", "0.4087000", "68021055", 1760731199999, "27787932.6838000", 185641, "34156926", "13973569.6404000", "0"], [1760731200000, "0.4089000", "0.4217000", "0.3962000", "0.4065000", "34965665", 1760734799999, "14251951.6389000", 109703, "17299488", "7053503.0211000", "0"], [1760734800000, "0.4067000", "0.4153000", "0.4012000", "0.4066000", "24095420", 1760738399999, "9857949.7303000", 68516, "11910413", "4874833.6392000", "0"], [1760738400000, "0.4066000", "0.4160000", "0.3931000", "0.4120000", "25303605", 1760741999999, "10249579.6402000", 79896, "12499473", "5063934.9440000", "0"], [1760742000000, "0.4117000", "0.4199000", "0.4018000", "0.4138000", "27231970", 1760745599999, "11206828.0332000", 77196, "13844346", "5698171.3258000", "0"], [1760745600000, "0.4138000", "0.4328000", "0.3700000", "0.3763000", "62297620", 1760749199999, "25264335.1517000", 173824, "29566452", "12037936.0926000", "0"], [1760749200000, "0.3759000", "0.3918000", "0.3708000", "0.3838000", "46867921", 1760752799999, "17774001.7585000", 114017, "23917105", "9074452.5614000", "0"], [1760752800000, "0.3838000", "0.4028000", "0.3765000", "0.3966000", "29569946", 1760756399999, "11453309.6911800", 76139, "15435187", "5982589.0911000", "0"], [1760756400000, "0.3966000", "0.4113000", "0.3885000", "0.3948000", "37412499", 1760759999999, "14899194.0715200", 94470, "18902158", "7535234.6538000", "0"], [1760760000000, "0.3947000", "0.3975000", "0.3847000", "0.3883000", "22567069", 1760763599999, "8803046.9492500", 53878, "10331110", "4031314.3997000", "0"], [1760763600000, "0.3882000", "0.3919000", "0.3852000", "0.3895000", "16744711", 1760767199999, "6500820.3678500", 40412, "8423618", "3271281.6414000", "0"], [1760767200000, "0.3895000", "0.3979000", "0.3802000", "0.3955000", "29205174", 1760770799999, "11404141.0853200", 67055, "14201240", "5547201.6123000", "0"], [1760770800000, "0.3954000", "0.3978000", "0.3854000", "0.3901000", "21034412", 1760774399999, "8237572.6280700", 51673, "10558432", "4135922.8436800", "0"], [1760774400000, "0.3901000", "0.3934000", "0.3881000", "0.3905000", "17501001", 1760777999999, "6839008.1148100", 35491, "8532678", "3334467.8565000", "0"], [1760778000000, "0.3905000", "0.4104000", "0.3900000", "0.3965000", "40644851", 1760781599999, "16232527.1414600", 68738, "20012270", "8000466.1489000", "0"], [1760781600000, "0.3965000", "0.4155000", "0.3926000", "0.4091000", "42281974", 1760785199999, "17152602.8251000", 78931, "20514510", "8323225.7005000", "0"], [1760785200000, "0.4091000", "0.4137000", "0.3900000", "0.3956000", "35449806", 1760788799999, "14330655.9090400", 71036, "16501265", "6680872.2440000", "0"], [1760788800000, "0.3957000", "0.3966000", "0.3800000", "0.3887000", "35569178", 1760792399999, "13909403.5230000", 76302, "16316226", "6387685.7424000", "0"], [1760792400000, "0.3886000", "0.3891000", "0.3718000", "0.3745000", "40182282", 1760795999999, "15323312.5920000", 74883, "18400207", "7024255.2954000", "0"], [1760796000000, "0.3745000", "0.3745000", "0.3509000", "0.3574000", "72182533", 1760799599999, "26060980.4305000", 115877, "35438583", "12792560.0438000", "0"], [1760799600000, "0.3574000", "0.3585000", "0.3052000", "0.3160000", "111690053", 1760803199999, "36765255.4722000", 157734, "54329102", "17886856.0017000", "0"], [1760803200000, "0.3159000", "0.3371000", "0.3120000", "0.3345000", "51270063", 1760806799999, "16717613.6677000", 85483, "27854504", "9083233.4729000", "0"], [1760806800000, "0.3345000", "0.3450000", "0.3282000", "0.3386000", "40578593", 1760810399999, "13642398.2616000", 68100, "20757050", "6983456.6572000", "0"], [1760810400000, "0.3385000", "0.3412000", "0.3287000", "0.3323000", "26725139", 1760813999999, "8931404.4890000", 44406, "12738638", "4259387.0752000", "0"], [1760814000000, "0.3322000", "0.3390000", "0.3293000", "0.3318000", "19138331", 1760817599999, "6379313.1649000", 34774, "9456461", "3152648.6398000", "0"], [1760817600000, "0.3319000", "0.3488000", "0.3307000", "0.3460000", "23419333", 1760821199999, "7989039.9766000", 39526, "12741540", "4349308.3084000", "0"], [1760821200000, "0.3459000", "0.3633000", "0.3405000", "0.3428000", "31341496", 1760824799999, "10989198.3162000", 58869, "15126733", "5312913.2739000", "0"], [1760824800000, "0.3428000", "0.3539000", "0.3413000", "0.3519000", "13047594", 1760828399999, "4512430.1711000", 28825, "7053215", "2439666.5675000", "0"], [1760828400000, "0.3518000", "0.3554000", "0.3355000", "0.3383000", "24666150", 1760831999999, "8476153.7395000", 57575, "11039918", "3796030.0134000", "0"], [1760832000000, "0.3382000", "0.3473000", "0.3318000", "0.3431000", "33833091", 1760835599999, "11552958.7167000", 78263, "17962401", "6135498.1382000", "0"], [1760835600000, "0.3431000", "0.3578000", "0.3383000", "0.3576000", "34359889", 1760839199999, "12009156.7714000", 84537, "17020130", "5947654.5399000", "0"], [1760839200000, "0.3576000", "0.3661000", "0.3467000", "0.3540000", "32118243", 1760842799999, "11442008.6964000", 72478, "15726316", "5601486.8338000", "0"], [1760842800000, "0.3540000", "0.3593000", "0.3457000", "0.3569000", "18069649", 1760846399999, "6370796.7485000", 49699, "8856145", "3123008.6329000", "0"], [1760846400000, "0.3569000", "0.3569000", "0.3482000", "0.3521000", "17395269", 1760849999999, "6106584.3292000", 39306, "8819412", "3096332.6024000", "0"], [1760850000000, "0.3521000", "0.3721000", "0.3501000", "0.3621000", "30947884", 1760853599999, "11237590.0079000", 78042, "14874401", "5401476.3597000", "0"], [1760853600000, "0.3621000", "0.3632000", "0.3543000", "0.3577000", "16108690", 1760857199999, "5775056.2307000", 44575, "7689550", "2756680.3151000", "0"], [1760857200000, "0.3577000", "0.3577000", "0.3347000", "0.3418000", "31588548", 1760860799999, "10836680.8178000", 65629, "14834734", "5085697.6967000", "0"], [1760860800000, "0.3418000", "0.3500000", "0.3352000", "0.3479000", "22355200", 1760864399999, "7631850.5632000", 57069, "11788908", "4025443.8803000", "0"], [1760864400000, "0.3479000", "0.3608000", "0.3442000", "0.3557000", "23842939", 1760867999999, "8401262.7800000", 68766, "12181250", "4291849.2722000", "0"], [1760868000000, "0.3557000", "0.3563000", "0.3437000", "0.3542000", "31283551", 1760871599999, "10937533.3257000", 62338, "14745739", "5157034.8963000", "0"], [1760871600000, "0.3542000", "0.3570000", "0.3470000", "0.3504000", "15808428", 1760875199999, "5562222.5522000", 34150, "7592130", "2670953.4148000", "0"], [1760875200000, "0.3504000", "0.3549000", "0.3393000", "0.3417000", "28487980", 1760878799999, "9882024.8258000", 52606, "12836348", "4450923.8825000", "0"], 