{"_ts": 1761088569.3296285, "data": [[1760918400000, "0.0428300", "0.0428300", "0.0414100", "0.0417100", "41615294", 1760921999999, "1748793.4234800", 18114, "17583103", "739495.8283600", "0"], [1760922000000, "0.0417300", "0.0427700", "0.0416300", "0.0419700", "20144339", 1760925599999, "847242.3022100", 11823, "10318693", "434283.1627100", "0"], [1760925600000, "0.0419700", "0.0426400", "0.0417900", "0.0422800", "19004644", 1760929199999, "802982.3232100", 12010, "8992795", "380115.9006200", "0"], [1760929200000, "0.0422900", "0.0434200", "0.0419200", "0.0431500", "29857412", 1760932799999, "1275577.3794100", 15354, "16752732", "715726.5604200", "0"], [1760932800000, "0.0431700", "0.0435200", "0.0423200", "0.0424600", "24003422", 1760936399999, "1028430.6564100", 12967, "12204857", "523298.8336100", "0"], [1760936400000, "0.0424500", "0.0427400", "0.0410200", "0.0426800", "26372418", 1760939999999, "1106877.2421800", 13228, "13006199", "546539.0932200", "0"], [1760940000000, "0.0426600", "0.0433900", "0.0423000", "0.0433900", "22959338", 1760943599999, "982592.9156700", 11664, "12842805", "549964.0980000", "0"], [1760943600000, "0.0433700", "0.0440500", "0.0420300", "0.0424400", "40052973", 1760947199999, "1722338.4526100", 18352, "20358723", "876423.8200700", "0"], [1760947200000, "0.0424300", "0.0430000", "0.0415300", "0.0423900", "24351980", 1760950799999, "1027088.5200100", 11686, "13900008", "586709.7942100", "0"], [1760950800000, "0.0423800", "0.0423800", "0.0413100", "0.0414000", "16530786", 1760954399999, "689880.3577900", 9745, "7566080", "315951.0326500", "0"], [1760954400000, "0.0413900", "0.0419300", "0.0411200", "0.0415400", "20876537", 1760957999999, "867158.6297100", 9580, "9679230", "402416.3744300", "0"], [1760958000000, "0.0415200", "0.0421000", "0.0404600", "0.0419200", "24403773", 1760961599999, "1007326.9237000", 10933, "11265783", "465992.6495300", "0"], [1760961600000, "0.0419100", "0.0424400", "0.0410800", "0.0413700", "19489326", 1760965199999, "812719.4312300", 9295, "10606258", "442576.4053900", "0"], [1760965200000, "0.0413700", "0.0414200", "0.0402900", "0.0406300", "24569914", 1760968799999, "1000387.0655500", 10749, "11426319", "465409.1037300", "0"], [1760968800000, "0.0406300", "0.0431700", "0.0405400", "0.0421100", "46259206", 1760972399999, "1934820.0413500", 17905, "28611871", "1198044.2841700", "0"], [1760972400000, "0.0421100", "0.0422800", "0.0395200", "0.0398300", "38777737", 1760975999999, "1590551.0265400", 17012, "15973889", "656344.1776700", "0"], [1760976000000, "0.0398300", "0.0407100", "0.0395000", "0.0404400", "30401865", 1760979599999, "1221032.0713100", 13787, "15002875", "602606.4585200", "0"], [1760979600000, "0.0404400", "0.0408300", "0.0396000", "0.0397200", "18252359", 1760983199999, "734136.4411000", 8598, "7069137", "284631.1318000", "0"], [1760983200000, "0.0397100", "0.0400300", "0.0392300", "0.0396300", "17290763", 1760986799999, "684379.2756200", 7448, "7597662", "301010.3577400", "0"], [1760986800000, "0.0396200", "0.0401300", "0.0394100", "0.0399600", "13232327", 1760990399999, "524472.4619600", 5896, "7157536", "283667.4264900", "0"], [1760990400000, "0.0399600", "0.0407000", "0.0393200", "0.0394400", "18564867", 1760993999999, "740973.9315800", 7674, "7745372", "309401.0921100", "0"], [1760994000000, "0.0394400", "0.0395600", "0.0386000", "0.0395200", "16205140", 1760997599999, "635428.7248700", 6756, "6931219", "272269.2453700", "0"], [1760997600000, "0.0395300", "0.0401200", "0.0393400", "0.0397700", "9705629", 1761001199999, "386096.6622300", 5385, "3947461", "157073.7385700", "0"], [1761001200000, "0.0397900", "0.0405200", "0.0394800", "0.0400400", "15053074", 1761004799999, "603665.5258900", 7632, "6876221", "276050.8248900", "0"], [1761004800000, "0.0400400", "0.0400500", "0.0386100", "0.0391400", "22914865", 1761008399999, "896851.5848300", 10183, "9965332", "390185.0456100", "0"], [1761008400000, "0.0391500", "0.0393600", "0.0377400", "0.0384000", "23248781", 1761011999999, "897618.1884300", 8789, "9659417", "373172.3075100", "0"], [1761012000000, "0.0384000", "0.0398400", "0.0376700", "0.0397300", "20788259", 1761015599999, "803331.1701900", 10761, "10744416", "416184.2428400", "0"], [1761015600000, "0.0397300", "0.0399300", "0.0390000", "0.0392300", "13020758", 1761019199999, "513647.8544900", 7664, "6762476", "266710.0623200", "0"], [1761019200000, "0.0392200", "0.0395200", "0.0388900", "0.0392300", "15434172", 1761022799999, "605820.2278400", 7642, "8709589", "341952.0761500", "0"], [1761022800000, "0.0392300", "0.0400300", "0.0390700", "0.0393600", "21979310", 1761026399999, "868447.4805500", 9275, "13148992", "519673.5892000", "0"], [1761026400000, "0.0393700", "0.0409200", "0.0393400", "0.0401200", "30949602", 1761029999999, "1244170.9016000", 11365, "17066601", "685780.8551700", "0"], [1761030000000, "0.0401300", "0.0408900", "0.0400200", "0.0407500", "21080359", 1761033599999, "850357.8289200", 8277, "11920502", "481053.4306900", "0"], [1761033600000, "0.0407500", "0.0408600", "0.0401500", "0.0404800", "21870360", 1761037199999, "886594.9717100", 8352, "11143623", "451897.2347500", "0"], [1761037200000, "0.0404800", "0.0413400", "0.0399800", "0.0413000", "25120172", 1761040799999, "1022788.1927100", 9476, "14393064", "586904.2757200", "0"], [1761040800000, "0.0412900", "0.0415000", "0.0406300", "0.0407200", "20837809", 1761044399999, "853862.0051300", 7997, "10076443", "412925.1368800", "0"], [1761044400000, "0.0407100", "0.0425000", "0.0406700", "0.0421400", "22008023", 1761047999999, "914966.3760400", 9653, "12997815", "540082.5415000", "0"], [1761048000000, "0.0421300", "0.0426100", "0.0408400", "0.0411300", "30095469", 1761051599999, "1257086.2002300", 13512, "13692517", "571694.8165200", "0"], [1761051600000, "0.0411300", "0.0423700", "0.0410300", "0.0417800", "27254207", 1761055199999, "1139471.7229800", 12420, "14506033", "606229.0644900", "0"], [1761055200000, "0.0417700", "0.0433000", "0.0417000", "0.0421300", "45236011", 1761058799999, "1917449.5030500", 16372, "22163109", "940450.4674000", "0"], [1761058800000, "0.0421100", "0.0429800", "0.0385900", "0.0394500", "77314976", 1761062399999, "3142236.1050800", 26667, "35053004", "1422741.9046100", "0"], [1761062400000, "0.0394600", "0.0422300", "0.0392400", "0.0408100", "66398681", 1761065999999, "2720621.2470800", 25989, "35069134", "1437117.0668900", "0"], [1761066000000, "0.0408400", "0.0411700", "0.0385600", "0.0388500", "41698470", 1761069599999, "1652642.7614400", 15424, "19450073", "770260.4034700", "0"], [1761069600000, "0.0388500", "0.0393200", "0.0363400", "0.0367300", "66294097", 1761073199999, "2489894.5277200", 20974, "28575082", "1073367.3106100", "0"], [1761073200000, "0.0367300", "0.0367400", "0.0345700", "0.0346900", "62600039", 1761076799999, "2222742.8088400", 22072, "27866064", "989445.3987500", "0"], [1761076800000, "0.0347000", "0.0348400", "0.0332200", "0.0334300", "43377942", 1761080399999, "1478227.3641400", 14207, "16617741", "567574.0950600", "0"], [1761080400000, "0.0334400", "0.0335700", "0.0325600", "0.0327600", "32100812", 1761083999999, "1062168.4098800", 10816, "14134239", "468354.5768500", "0"], [1761084000000, "0.0327800", "0.0327800", "0.0303600", "0.0309300", "69808998", 1761087599999, "2198491.4997800", 19770, "25368998", "798564.3314100", "0"], [1761087600000, "0.0309200", "0.0311300", "0.0305000", "0.0306500", "12701473", 1761091199999, "390775.7475100", 4444, "4983379", "153375.4246400", "0"]]}