{"_ts": 1761088751.211976, "data": [[1760918400000, "0.0372900", "0.0373300", "0.0363500", "0.0367300", "15214279", 1760921999999, "558164.0440900", 6694, "8012303", "293405.1442700", "0"], [1760922000000, "0.0367300", "0.0369300", "0.0365500", "0.0368100", "8586116", 1760925599999, "315892.3071200", 3961, "3816278", "140458.9241500", "0"], [1760925600000, "0.0368000", "0.0371100", "0.0365400", "0.0369700", "8274491", 1760929199999, "304990.3908500", 4403, "4041000", "148915.5970000", "0"], [1760929200000, "0.0369600", "0.0385400", "0.0368400", "0.0384100", "14920215", 1760932799999, "562606.7053700", 6712, "7868524", "296393.3601800", "0"], [1760932800000, "0.0384200", "0.0386500", "0.0380700", "0.0381300", "19070496", 1760936399999, "730942.6474800", 6812, "7753264", "297213.0145400", "0"], [1760936400000, "0.0381200", "0.0382000", "0.0378100", "0.0380900", "7636399", 1760939999999, "290051.5427500", 4279, "4421165", "167963.0516900", "0"], [1760940000000, "0.0381000", "0.0387200", "0.0380200", "0.0384300", "8404716", 1760943599999, "322861.2889500", 5198, "4742240", "182189.4251400", "0"], [1760943600000, "0.0384300", "0.0384300", "0.0379500", "0.0381700", "11131583", 1760947199999, "425004.4964900", 4958, "4531945", "173076.1937500", "0"], [1760947200000, "0.0381700", "0.0384600", "0.0379000", "0.0380100", "9895538", 1760950799999, "376831.1334400", 5756, "4789180", "182431.7182400", "0"], [1760950800000, "0.0380000", "0.0381000", "0.0377600", "0.0380100", "8272306", 1760954399999, "313707.5244900", 4308, "4204592", "159522.5554700", "0"], [1760954400000, "0.0380200", "0.0383400", "0.0376900", "0.0379300", "10720733", 1760957999999, "408171.9469800", 5713, "4659599", "177535.7994600", "0"], [1760958000000, "0.0379500", "0.0381100", "0.0377800", "0.0380400", "6206901", 1760961599999, "235574.0471500", 3983, "3397123", "128977.6751800", "0"], [1760961600000, "0.0380400", "0.0383400", "0.0378700", "0.0382400", "9134415", 1760965199999, "348182.3162900", 4228, "4368571", "166532.8327300", "0"], [1760965200000, "0.0382500", "0.0387000", "0.0379800", "0.0386400", "10217960", 1760968799999, "392255.1117000", 5388, "5458519", "209570.7248700", "0"], [1760968800000, "0.0386500", "0.0387500", "0.0380700", "0.0383100", "9437260", 1760972399999, "362372.3249900", 4800, "4687858", "180089.0347800", "0"], [1760972400000, "0.0383200", "0.0384700", "0.0376900", "0.0376900", "11486539", 1760975999999, "437340.1341100", 5730, "5231890", "199188.9934700", "0"], [1760976000000, "0.0377200", "0.0377700", "0.0368700", "0.0372700", "23727065", 1760979599999, "886213.9977100", 9709, "11387347", "425504.9837700", "0"], [1760979600000, "0.0372500", "0.0376100", "0.0369600", "0.0371800", "14458600", 1760983199999, "539016.9309700", 5558, "8371524", "312311.5353900", "0"], [1760983200000, "0.0371600", "0.0373200", "0.0370000", "0.0372500", "5899274", 1760986799999, "219253.9681600", 3046, "3276407", "121758.5672500", "0"], [1760986800000, "0.0372400", "0.0375300", "0.0371200", "0.0373000", "7061864", 1760990399999, "263237.1896000", 3501, "3575165", "133281.4052400", "0"], [1760990400000, "0.0373000", "0.0376300", "0.0371600", "0.0375700", "7456802", 1760993999999, "278677.1066500", 3752, "3253478", "121649.3770900", "0"], [1760994000000, "0.0375600", "0.0377600", "0.0372500", "0.0373900", "6444259", 1760997599999, "241945.8591800", 3081, "3074065", "115420.8688000", "0"], [1760997600000, "0.0374000", "0.0375700", "0.0372800", "0.0374200", "3295093", 1761001199999, "123313.3842000", 2087, "1678009", "62821.1578700", "0"], [1761001200000, "0.0374200", "0.0374500", "0.0372000", "0.0372300", "4721658", 1761004799999, "176263.3467500", 2322, "2384067", "89031.7229000", "0"], [1761004800000, "0.0372300", "0.0374000", "0.0371300", "0.0372600", "4294523", 1761008399999, "160033.1409900", 2439, "2149013", "80098.4938900", "0"], [1761008400000, "0.0372500", "0.0372800", "0.0366600", "0.0369000", "6628531", 1761011999999, "244856.0354300", 3300, "2986083", "110326.5581300", "0"], [1761012000000, "0.0369000", "0.0369300", "0.0365800", "0.0366500", "6218630", 1761015599999, "228511.4010600", 2993, "2903906", "106701.5300700", "0"], [1761015600000, "0.0366500", "0.0367800", "0.0363800", "0.0364400", "4051051", 1761019199999, "148223.9059000", 2139, "1698322", "62198.1522600", "0"], [1761019200000, "0.0364400", "0.0364800", "0.0354900", "0.0356500", "21780754", 1761022799999, "784583.8927600", 7496, "9646148", "347537.9942900", "0"], [1761022800000, "0.0356500", "0.0358900", "0.0354700", "0.0355600", "13212111", 1761026399999, "471755.7043600", 5503, "6892150", "246145.9013100", "0"], [1761026400000, "0.0355600", "0.0358700", "0.0354500", "0.0357600", "7957783", 1761029999999, "283901.7457900", 3506, "4658046", "166227.0046500", "0"], [1761030000000, "0.0357500", "0.0361100", "0.0356300", "0.0360500", "6950160", 1761033599999, "249585.6969400", 2653, "3531002", "126823.9283600", "0"], [1761033600000, "0.0360500", "0.0360700", "0.0354700", "0.0357600", "6832090", 1761037199999, "244549.2261900", 2891, "3130703", "112109.2549200", "0"], [1761037200000, "0.0357400", "0.0357800", "0.0355200", "0.0355600", "4995000", 1761040799999, "178123.2440300", 2344, "2410416", "85969.5985400", "0"], [1761040800000, "0.0355500", "0.0361000", "0.0355100", "0.0358700", "8438831", 1761044399999, "301792.0017600", 3538, "4463455", "159659.8391400", "0"], [1761044400000, "0.0358600", "0.0360900", "0.0357600", "0.0360200", "5162484", 1761047999999, "185391.6526500", 2650, "2552338", "91671.6490100", "0"], [1761048000000, "0.0360300", "0.0365900", "0.0358900", "0.0362000", "11167734", 1761051599999, "405069.3683100", 5272, "5169921", "187441.1918000", "0"], [1761051600000, "0.0362000", "0.0363600", "0.0358800", "0.0361000", "15623379", 1761055199999, "564996.0103000", 6709, "7128591", "257832.4446400", "0"], [1761055200000, "0.0361000", "0.0379600", "0.0360900", "0.0379100", "26433845", 1761058799999, "981057.1213800", 11648, "13189122", "489556.5874900", "0"], [1761058800000, "0.0379100", "0.0384800", "0.0378000", "0.0381800", "30261486", 1761062399999, "1155168.7535800", 12784, "14788796", "564603.4763600", "0"], [1761062400000, "0.0381900", "0.0383900", "0.0374200", "0.0375100", "23788132", 1761065999999, "907337.9632300", 9348, "10296002", "392920.6796800", "0"], [1761066000000, "0.0375400", "0.0377700", "0.0368800", "0.0373500", "28100556", 1761069599999, "1050363.7280200", 10861, "14370785", "537183.6550800", "0"], [1761069600000, "0.0373600", "0.0375500", "0.0369900", "0.0373200", "10578172", 1761073199999, "394223.8495300", 5275, "5971728", "222613.6513800", "0"], [1761073200000, "0.0373300", "0.0373500", "0.0369200", "0.0369300", "8532448", 1761076799999, "316870.7093500", 3465, "4266850", "158491.7887200", "0"], [1761076800000, "0.0369300", "0.0369900", "0.0363500", "0.0364000", "13792740", 1761080399999, "504184.6687200", 5576, "6693510", "244722.9412900", "0"], [1761080400000, "0.0364000", "0.0365500", "0.0356600", "0.0361700", "18295966", 1761083999999, "660243.8059300", 5662, "8566480", "309219.0380000", "0"], [1761084000000, "0.0361500", "0.0361800", "0.0349300", "0.0352200", "29745542", 1761087599999, "1054210.9109700", 9420, "14449415", "512096.5524800", "0"], [1761087600000, "0.0352300", "0.0352300", "0.0348500", "0.0350100", "8562250", 1761091199999, "300272.4116400", 2942, "3349595", "117460.0355400", "0"]]}