{"_ts": 1761078466.1638525, "data": [[1760907600000, "0.0912100", "0.0912800", "0.0886400", "0.0894000", "24356716", 1760911199999, "2189809.5261600", 21478, "10518763", "946707.0768500", "0"], [1760911200000, "0.0894000", "0.0908500", "0.0892000", "0.0896600", "25193823", 1760914799999, "2268810.6974400", 26160, "12585582", "1133692.7922200", "0"], [1760914800000, "0.0896500", "0.0898100", "0.0882900", "0.0885600", "22967875", 1760918399999, "2045012.1723100", 20162, "10601013", "944216.5242900", "0"], [1760918400000, "0.0885500", "0.0885600", "0.0862100", "0.0868700", "55577447", 1760921999999, "4842517.0292000", 40862, "24120350", "2101599.1828600", "0"], [1760922000000, "0.0868700", "0.0873000", "0.0863600", "0.0868000", "24190936", 1760925599999, "2101488.6857900", 22419, "12719973", "1105207.5199200", "0"], [1760925600000, "0.0867900", "0.0884200", "0.0862200", "0.0883500", "28410016", 1760929199999, "2474542.5631800", 27299, "15349307", "1337904.7366900", "0"], [1760929200000, "0.0883600", "0.0942900", "0.0880700", "0.0936900", "70787310", 1760932799999, "6514354.5013800", 59787, "34489949", "3170961.8848600", "0"], [1760932800000, "0.0936900", "0.0965400", "0.0935400", "0.0952000", "57364105", 1760936399999, "5428543.6181800", 46871, "25869015", "2449205.1903600", "0"], [1760936400000, "0.0951900", "0.0987900", "0.0949400", "0.0970900", "76407989", 1760939999999, "7428482.9793500", 77239, "40662510", "3954039.4997400", "0"], [1760940000000, "0.0971000", "0.0984500", "0.0953400", "0.0963500", "43372775", 1760943599999, "4186436.1667800", 46292, "20793926", "2008115.4327100", "0"], [1760943600000, "0.0963500", "0.0972800", "0.0949200", "0.0952900", "31226395", 1760947199999, "2999479.2254700", 31247, "14524453", "1396127.3651400", "0"], [1760947200000, "0.0952800", "0.0952800", "0.0936800", "0.0937600", "36558121", 1760950799999, "3449008.0118200", 33887, "15853641", "1495671.7801400", "0"], [1760950800000, "0.0937700", "0.0947600", "0.0934500", "0.0942600", "19206537", 1760954399999, "1809648.9160600", 22448, "10211288", "962293.4314900", "0"], [1760954400000, "0.0942600", "0.0953100", "0.0928200", "0.0931200", "21029193", 1760957999999, "1976844.4142400", 21187, "10725374", "1008877.3634100", "0"], [1760958000000, "0.0931200", "0.0947400", "0.0930600", "0.0945400", "21143681", 1760961599999, "1987412.0748200", 20503, "12525000", "1176956.8392400", "0"], [1760961600000, "0.0945300", "0.0947100", "0.0920100", "0.0922200", "22298485", 1760965199999, "2082717.9695300", 21200, "9915989", "926394.3132200", "0"], [1760965200000, "0.0922200", "0.0926200", "0.0912400", "0.0917100", "24671948", 1760968799999, "2266684.4892900", 23142, "13095146", "1203326.4992100", "0"], [1760968800000, "0.0917500", "0.0918800", "0.0902400", "0.0916000", "21074918", 1760972399999, "1921107.3323000", 22062, "11218796", "1022975.5466200", "0"], [1760972400000, "0.0915900", "0.0925900", "0.0910900", "0.0913700", "25401514", 1760975999999, "2330856.2527100", 23822, "13722161", "1259248.6428400", "0"], [1760976000000, "0.0913700", "0.0922200", "0.0899200", "0.0906700", "40631129", 1760979599999, "3694546.0958900", 29549, "19571035", "1780387.2054200", "0"], [1760979600000, "0.0906700", "0.0913900", "0.0895000", "0.0906900", "27904674", 1760983199999, "2522526.5625700", 20495, "12901574", "1166756.6128200", "0"], [1760983200000, "0.0907200", "0.0907200", "0.0896900", "0.0905700", "19430738", 1760986799999, "1751937.6782900", 15555, "9637209", "868863.5487500", "0"], [1760986800000, "0.0905700", "0.0927800", "0.0901300", "0.0926400", "20757019", 1760990399999, "1896612.2195600", 17073, "12003507", "1096726.9822400", "0"], [1760990400000, "0.0926400", "0.0948300", "0.0922800", "0.0943300", "36153692", 1760993999999, "3388575.4386200", 32100, "17586952", "1648094.1810000", "0"], [1760994000000, "0.0943300", "0.1052100", "0.0933800", "0.1040500", "163953435", 1760997599999, "16458949.5854100", 108181, "88455366", "8880039.8183400", "0"], [1760997600000, "0.1040600", "0.1089000", "0.1010600", "0.1041700", "266045508", 1761001199999, "27947543.8431000", 230236, "137527311", "14465230.3835500", "0"], [1761001200000, "0.1041700", "0.1060400", "0.1020900", "0.1025500", "84318399", 1761004799999, "8748135.2552200", 68961, "40936770", "4251407.0356000", "0"], [1761004800000, "0.1025400", "0.1059700", "0.1007100", "0.1024500", "124921316", 1761008399999, "12880452.8601600", 100933, "64627030", "6666440.5270000", "0"], [1761008400000, "0.1024400", "0.1024800", "0.0992800", "0.0997900", "56114036", 1761011999999, "5647303.4373900", 46213, "21287812", "2143210.9144900", "0"], [1761012000000, "0.0998000", "0.1011800", "0.0977100", "0.1004200", "56710824", 1761015599999, "5613025.4246000", 43072, "28395466", "2816417.2626000", "0"], [1761015600000, "0.1004300", "0.1005400", "0.0985500", "0.0989500", "36026054", 1761019199999, "3580871.6937500", 31971, "16459316", "1637102.2794700", "0"], [1761019200000, "0.0989400", "0.0989900", "0.0958200", "0.0961500", "53812292", 1761022799999, "5219372.4530100", 40611, "19824658", "1922862.9509400", "0"], [1761022800000, "0.0961600", "0.0972900", "0.0945200", "0.0953500", "54404109", 1761026399999, "5213210.1873200", 38955, "27125273", "2600745.2440700", "0"], [1761026400000, "0.0953500", "0.0963100", "0.0941500", "0.0952700", "32962112", 1761029999999, "3138391.6677400", 27132, "16235672", "1546377.7369100", "0"], [1761030000000, "0.0952600", "0.1007400", "0.0947700", "0.0986800", "144440422", 1761033599999, "14030772.1284200", 100466, "81889870", "7957296.3964200", "0"], [1761033600000, "0.0986800", "0.1023600", "0.0971600", "0.1013100", "71741832", 1761037199999, "7147416.9889900", 67849, "39435003", "3932423.8271900", "0"], [1761037200000, "0.1013100", "0.1067300", "0.0996600", "0.1024700", "198338938", 1761040799999, "20370975.1640800", 174103, "104743302", "10764285.1547000", "0"], [1761040800000, "0.1024700", "0.1086600", "0.1019900", "0.1045800", "208923769", 1761044399999, "22119325.9371000", 179129, "100869189", "10684874.0921200", "0"], [1761044400000, "0.1045500", "0.1096000", "0.1032700", "0.1057700", "106668127", 1761047999999, "11361280.8344000", 96543, "54468537", "5806011.2826600", "0"], [1761048000000, "0.1057900", "0.1064200", "0.1005200", "0.1009900", "89751698", 1761051599999, "9308867.1595100", 79119, "41071643", "4270602.6537100", "0"], [1761051600000, "0.1009900", "0.1015600", "0.0984800", "0.0992800", "51342032", 1761055199999, "5141255.8989200", 50713, "21887373", "2192546.6706200", "0"], [1761055200000, "0.0992700", "0.1072500", "0.0988000", "0.1064900", "107669535", 1761058799999, "11165205.5065500", 82024, "60715810", "6291168.2903900", "0"], [1761058800000, "0.1064800", "0.1154400", "0.1063200", "0.1098300", "269310619", 1761062399999, "29816777.3687600", 219640, "135439148", "15000028.5256000", "0"], [1761062400000, "0.1098200", "0.1122000", "0.1066800", "0.1075100", "125487250", 1761065999999, "13638808.7464700", 113055, "61475008", "6695244.0991900", "0"], [1761066000000, "0.1075300", "0.1087500", "0.1039200", "0.1061300", "101513099", 1761069599999, "10770575.4059400", 79771, "40699191", "4321400.4438800", "0"], [1761069600000, "0.1061300", "0.1065600", "0.1035800", "0.1047100", "44959293", 1761073199999, "4721117.4216800", 41121, "19883572", "2090145.3190200", "0"], [1761073200000, "0.1047100", "0.1066700", "0.1038300", "0.1054100", "38493205", 1761076799999, "4051411.5265000", 39565, "19028142", "2003576.5134000", "0"], [1761076800000, "0.1054000", "0.1088000", "0.1041800", "0.1043600", "38891323", 1761080399999, "4138773.1244900", 37838, "22465737", "2396533.6790600", "0"]]}