{"_ts": 1761088323.5341241, "data": [[1760958000000, "0.2306000", "0.3054200", "0.2306000", "0.2829700", "489668877", 1760961599999, "133172753.7275200", 722918, "243638818", "66444272.5817200", "0"], [1760961600000, "0.2827400", "0.3923000", "0.2788100", "0.3774400", "579003344", 1760965199999, "200126218.3964100", 1415831, "288300357", "99677489.5065900", "0"], [1760965200000, "0.3773000", "0.3980000", "0.3350000", "0.3701800", "412843459", 1760968799999, "150575231.3210700", 1071744, "203427928", "74312414.9099300", "0"], [1760968800000, "0.3703600", "0.3800000", "0.3458600", "0.3731400", "281380987", 1760972399999, "102207246.3187300", 680823, "136747069", "49745124.9797500", "0"], [1760972400000, "0.3731400", "0.4423900", "0.3680000", "0.4217800", "458054258", 1760975999999, "188489087.6093400", 1115239, "234729372", "96564028.8587300", "0"], [1760976000000, "0.4216300", "0.4310000", "0.3564700", "0.3834100", "419214938", 1760979599999, "161930307.8067600", 1006688, "193418587", "74711501.7029400", "0"], [1760979600000, "0.3834300", "0.3930000", "0.3600000", "0.3764200", "205729819", 1760983199999, "77604529.0906300", 512370, "102251368", "38603256.3808600", "0"], [1760983200000, "0.3765000", "0.3866600", "0.3668800", "0.3715000", "88780564", 1760986799999, "33458205.4866400", 246201, "43284505", "16324361.9814800", "0"], [1760986800000, "0.3715100", "0.3874000", "0.3675700", "0.3793800", "80815537", 1760990399999, "30651300.8549400", 201461, "40743686", "15458670.5192500", "0"], [1760990400000, "0.3792400", "0.4049500", "0.3772800", "0.3938200", "95751367", 1760993999999, "37381397.3774700", 263104, "49461293", "19322266.3330300", "0"], [1760994000000, "0.3937300", "0.4149500", "0.3700000", "0.3816000", "112905541", 1760997599999, "44095932.6658100", 357451, "55547666", "21727385.1120600", "0"], [1760997600000, "0.3816500", "0.3858800", "0.3292000", "0.3506900", "107987581", 1761001199999, "38944136.6557000", 270457, "46458185", "16818563.1687300", "0"], [1761001200000, "0.3506100", "0.3618300", "0.3252000", "0.3522000", "128190877", 1761004799999, "44358199.8174700", 318706, "63878921", "22115543.3205400", "0"], [1761004800000, "0.3521200", "0.3866600", "0.3461200", "0.3715700", "130965261", 1761008399999, "48042882.1359100", 362474, "67260162", "24688750.0297000", "0"], [1761008400000, "0.3716200", "0.3919500", "0.3603300", "0.3693000", "137375883", 1761011999999, "51546097.1346000", 408633, "68101566", "25579409.6784300", "0"], [1761012000000, "0.3693000", "0.3785500", "0.3528200", "0.3731100", "110080680", 1761015599999, "40226946.8796600", 354116, "54374805", "19892434.9153000", "0"], [1761015600000, "0.3731200", "0.3929500", "0.3683900", "0.3735700", "117131482", 1761019199999, "44329674.7792200", 385937, "59200714", "22423619.5739400", "0"], [1761019200000, "0.3735800", "0.3757900", "0.3330000", "0.3446600", "193354293", 1761022799999, "67442553.2372000", 518279, "91398963", "31864816.4740000", "0"], [1761022800000, "0.3447700", "0.3565900", "0.3360000", "0.3503300", "113737754", 1761026399999, "39458743.7434600", 312733, "58569902", "20326256.0479500", "0"], [1761026400000, "0.3502100", "0.3538100", "0.3056600", "0.3238100", "204079620", 1761029999999, "66262685.7465800", 512669, "94928365", "30828044.5926500", "0"], [1761030000000, "0.3236700", "0.3315700", "0.3087000", "0.3213600", "108529811", 1761033599999, "34894544.7878100", 266705, "53782682", "17305799.8601700", "0"], [1761033600000, "0.3215500", "0.3300000", "0.2860000", "0.2968600", "256014343", 1761037199999, "77201982.1420900", 470357, "119551790", "36105275.0848300", "0"], [1761037200000, "0.2967600", "0.3252000", "0.2914700", "0.3223400", "184686886", 1761040799999, "56851292.6695900", 372314, "97014208", "29896777.2344900", "0"], [1761040800000, "0.3221900", "0.3333300", "0.3050000", "0.3246700", "170055958", 1761044399999, "54290325.7292100", 361240, "85283421", "27256341.2766100", "0"], [1761044400000, "0.3246700", "0.3257100", "0.3040900", "0.3106000", "118213939", 1761047999999, "37098410.2078200", 248507, "57959780", "18204202.0157100", "0"], [1761048000000, "0.3105900", "0.3210200", "0.3010000", "0.3153700", "99743433", 1761051599999, "31081359.8271400", 208181, "48332780", "15071784.9865100", "0"], [1761051600000, "0.3153300", "0.3200000", "0.2950000", "0.2982900", "108141682", 1761055199999, "33438527.1761600", 236604, "51485361", "15946702.0550000", "0"], [1761055200000, "0.2982900", "0.3266000", "0.2921000", "0.3208200", "156495566", 1761058799999, "47652162.4449800", 288854, "82196106", "25024310.8275400", "0"], [1761058800000, "0.3207400", "0.3486500", "0.3160000", "0.3253100", "205534845", 1761062399999, "68036016.5046800", 400584, "102027316", "33811047.2364200", "0"], [1761062400000, "0.3254300", "0.3320000", "0.3054000", "0.3075600", "128921327", 1761065999999, "41235903.6326700", 278188, "61494492", "19700219.6714400", "0"], [1761066000000, "0.3075600", "0.3169200", "0.2950000", "0.3055800", "109922810", 1761069599999, "33669808.9304600", 207311, "51295044", "15724508.4535900", "0"], [1761069600000, "0.3054300", "0.3122200", "0.2943900", "0.3095000", "61565836", 1761073199999, "18758853.9196300", 139164, "29415276", "8969144.4959300", "0"], [1761073200000, "0.3094400", "0.3112400", "0.2868400", "0.2973800", "70970564", 1761076799999, "21206672.0113700", 157601, "33752687", "10099345.6574100", "0"], [1761076800000, "0.2974000", "0.3001700", "0.2750000", "0.2957300", "80173752", 1761080399999, "23153968.8864500", 159029, "37656373", "10898481.5076200", "0"], [1761080400000, "0.2957500", "0.3030000", "0.2873000", "0.3000800", "38664682", 1761083999999, "11399813.0918600", 82050, "19152310", "5648924.2195900", "0"], [1761084000000, "0.3000700", "0.3008800", "0.2712200", "0.2802400", "64768236", 1761087599999, "18268415.1784300", 139963, "30991236", "8736875.1961800", "0"], [1761087600000, "0.2803500", "0.2848000", "0.2739400", "0.2795100", "13067864", 1761091199999, "3654188.3116600", 30455, "6610621", "1849067.6802000", "0"]]}